population,model,group,rows,players,players_under20,MAE,bias,downside,upside,downside_tail20
July2025_reused,reference,all,33,33,False,5.208879822234086,4.142256924202904,0.5333114490155906,4.6755683732184945,2.514182545359213
July2025_reused,reference,FF,0,0,True,,,,,
July2025_reused,reference,SI,33,33,False,5.208879822234086,4.142256924202904,0.5333114490155906,4.6755683732184945,2.514182545359213
July2025_reused,reference,SI_IVB_le10,30,30,False,5.47549502406576,4.600233161234136,0.43763093141581066,5.037864092649949,2.1881546570790533
July2025_reused,reference,FF100,1,1,True,1.7716094933758555,1.7716094933758555,0.0,1.7716094933758555,0.0
July2025_reused,reference,FFlow,32,32,False,5.3162945200109055,4.21633965641625,0.5499774317973278,4.766317088213578,2.514182545359213
July2025_reused,reference,high60,0,0,True,,,,,
July2025_reused,reference,low20,4,4,True,5.745618157362247,5.745618157362247,0.0,5.745618157362247,0.0
July2025_reused,SI_geometry,all,33,33,False,5.337744331141176,3.6451774477916215,0.8462834416747773,4.491460889466399,3.8786397426396926
July2025_reused,SI_geometry,FF,0,0,True,,,,,
July2025_reused,SI_geometry,SI,33,33,False,5.337744331141176,3.6451774477916215,0.8462834416747773,4.491460889466399,3.8786397426396926
July2025_reused,SI_geometry,SI_IVB_le10,30,30,False,5.505914457957393,4.107004815028316,0.6994548214645382,4.806459636492854,3.367794877857724
July2025_reused,SI_geometry,FF100,1,1,True,1.814904181929748,1.814904181929748,0.0,1.814904181929748,0.0
July2025_reused,SI_geometry,FFlow,32,32,False,5.447833085804033,3.7023734873498046,0.8727297992271141,4.575103286576919,3.8786397426396926
July2025_reused,SI_geometry,high60,0,0,True,,,,,
July2025_reused,SI_geometry,low20,4,4,True,11.418295208042188,11.418295208042188,0.0,11.418295208042188,0.0
July2025_reused,SI_physics,all,33,33,False,4.521309855058016,0.5535377883442737,1.9838860333568713,2.5374238217011453,6.912349229008301
July2025_reused,SI_physics,FF,0,0,True,,,,,
July2025_reused,SI_physics,SI,33,33,False,4.521309855058016,0.5535377883442737,1.9838860333568713,2.5374238217011453,6.912349229008301
July2025_reused,SI_physics,SI_IVB_le10,30,30,False,4.174434540166954,-0.09540644722049337,2.134920493693723,2.0395140464732298,7.193714317042018
July2025_reused,SI_physics,FF100,1,1,True,0.8307160071252184,-0.8307160071252184,0.8307160071252184,0.0,0.8307160071252184
July2025_reused,SI_physics,FFlow,32,32,False,4.636640912805916,0.5967957194526953,2.0199225966766106,2.616718316129306,6.912349229008301
July2025_reused,SI_physics,high60,0,0,True,,,,,
July2025_reused,SI_physics,low20,4,4,True,5.060796083285842,5.060796083285842,0.0,5.060796083285842,0.0
