row_id,pitcher,season,name,primary4,n_ff,type_SI_count,SI_geometry_raw,SI_geometry_outside_domain,SI_geometry_outside_features,SI_geometry_supported_research,SI_physics_raw,SI_physics_outside_domain,SI_physics_outside_features,SI_physics_supported_research
KBO_all-2026-50030,50030,2026,소형준,SI,8,907,36.68914009342413,False,,36.68914009342413,37.05691633556764,False,,37.05691633556764
KBO_all-2026-50812,50812,2026,박시후,SI,9,380,49.961335184817344,False,,49.961335184817344,48.237651923619666,False,,48.237651923619666
KBO_all-2026-51301,51301,2026,김성진,SI,10,370,42.932104684738135,False,,42.932104684738135,47.35710595353278,False,,47.35710595353278
KBO_all-2026-51454,51454,2026,이승현,SI,186,224,48.03480133142706,False,,48.03480133142706,47.38810981363476,False,,47.38810981363476
KBO_all-2026-52206,52206,2026,최지강,SI,11,148,35.34304858501697,False,,35.34304858501697,38.93236880387509,False,,38.93236880387509
KBO_all-2026-53375,53375,2026,후라도,SI,433,498,44.15097501451522,False,,44.15097501451522,43.4479553613527,False,,43.4479553613527
KBO_all-2026-53609,53609,2026,곽도규,SI,0,313,22.488548242636426,False,,22.488548242636426,23.925487448262192,True,type_SI_hb_arm_in,
KBO_all-2026-54640,54640,2026,네일,SI,103,915,40.020067513602086,False,,40.020067513602086,42.96364882400326,False,,42.96364882400326
KBO_all-2026-54906,54906,2026,원종해,SI,2,284,18.554704182556232,False,,18.554704182556232,18.302869178884627,False,,18.302869178884627
KBO_all-2026-55146,55146,2026,치리노스,SI,40,274,49.38706935055468,False,,49.38706935055468,45.36616114399767,False,,45.36616114399767
KBO_all-2026-55268,55268,2026,최민석,SI,2,1101,42.6911188943542,False,,42.6911188943542,47.080192102049715,False,,47.080192102049715
KBO_all-2026-55394,55394,2026,박정훈,SI,0,810,37.13485223365117,False,,37.13485223365117,31.602143577075893,True,type_SI_hb_arm_in,
KBO_all-2026-56036,56036,2026,보쉴리,SI,66,450,36.16858426377638,False,,36.16858426377638,38.31479022068558,False,,38.31479022068558
KBO_all-2026-56801,56801,2026,아빌라,SI,117,488,44.4791127226223,False,,44.4791127226223,47.33634593754123,False,,47.33634593754123
KBO_all-2026-62360,62360,2026,김태훈,SI,77,227,37.257203583125644,False,,37.257203583125644,41.977614967407156,False,,41.977614967407156
KBO_all-2026-62951,62951,2026,이형범,SI,0,327,40.404468827932334,False,,40.404468827932334,41.17250703509938,False,,41.17250703509938
KBO_all-2026-65060,65060,2026,주권,SI,8,390,37.181709292321315,False,,37.181709292321315,37.4301601683777,False,,37.4301601683777
KBO_all-2026-65616,65616,2026,이민우,SI,66,361,53.32563977276314,False,,53.32563977276314,56.135256648083654,False,,56.135256648083654
KBO_all-2026-67828,67828,2026,김성민,SI,0,135,35.64407126808457,False,,35.64407126808457,34.17667540356704,False,,34.17667540356704
KBO_all-2026-68043,68043,2026,김민,SI,1,658,44.56915650747645,False,,44.56915650747645,46.46216801626429,False,,46.46216801626429
KBO_all-2026-69969,69969,2026,전사민,SI,1,679,41.174274747732866,False,,41.174274747732866,43.45089170916202,False,,43.45089170916202
