vb_pitch_id,vb_pa_id,vb_pa_result,code,vb_velocity_kmh,tm_rel_speed,dv,vb_pitch_type_kr,tm_tagged_pitch_type,vb_balls_before,vb_strikes_before,tm_balls_before,tm_strikes_before,tm_event,run_kind,vb_internal,dist
20240323HHLG0-20240323HHLG0-030-01,20240323HHLG0-030,우안,B,145.0,146.595,-0.036000000000001364,포심,Fastball,0,0,0,0,strike,equal_length,vb_flow_undecided,0.7587412587412591
20240323SSKT0-20240323SSKT0-035-01,20240323SSKT0-035,우비,B,141.0,143.004,-0.4449999999999932,투심,Fastball,0,0,0,0,strike,equal_length,vb_flow_undecided,1.985933503836317
20240323SSKT0-20240323SSKT0-068-01,20240323SSKT0-068,삼땅,B,146.0,147.212,0.3470000000000084,포심,Fastball,0,0,0,0,strike,equal_length,vb_flow_undecided,0.45599999999999996
20240326HHSK0-20240326HHSK0-040-02,20240326HHSK0-040,중안,B,130.0,131.027,0.5320000000000107,포크,Slider,0,1,0,1,strike,equal_length,vb_flow_undecided,0.48
20240326OBKT0-20240326OBKT0-050-01,20240326OBKT0-050,삼땅,B,144.0,145.686,-0.12700000000000955,포심,Fastball,0,0,0,0,strike,equal_length,vb_flow_supports_strike,0.9065868263473056
20240326SSLG0-20240326SSLG0-058-01,20240326SSLG0-058,이병,B,137.0,138.984,-0.42500000000001137,포심,Fastball,0,0,0,0,strike,equal_length,vb_flow_undecided,0.7083333333333335
20240326SSLG0-20240326SSLG0-072-01,20240326SSLG0-072,포희,B,133.0,134.348,0.2109999999999843,슬라이더,Slider,0,0,0,0,strike,equal_length,vb_flow_undecided,1.08
20240327SSLG0-20240327SSLG0-028-03,20240327SSLG0-028,일야선,B,136.0,136.516,1.0430000000000064,커터,Slider,2,0,2,0,strike,equal_length,vb_flow_undecided,0.8399999999999999
20240327WONC0-20240327WONC0-035-02,20240327WONC0-035,투희,B,141.0,141.399,1.1599999999999966,포심,Fastball,1,0,1,0,strike,equal_length,vb_flow_undecided,0.5302407516147971
20240328HHSK0-20240328HHSK0-084-01,20240328HHSK0-084,우안,B,143.0,143.935,0.6239999999999952,포심,Fastball,0,0,0,0,strike,equal_length,vb_flow_undecided,0.9839999999999999
20240328OBKT0-20240328OBKT0-082-02,20240328OBKT0-082,투땅,B,121.0,124.057,-1.4980000000000047,체인지업,Splitter,1,0,1,0,strike,equal_length,vb_flow_undecided,1.02
20240328SSLG0-20240328SSLG0-018-02,20240328SSLG0-018,투희,B,141.0,142.268,0.2909999999999968,포심,Fastball,1,0,1,0,strike,equal_length,vb_flow_undecided,1.195777351247601
20240329HTOB0-20240329HTOB0-010-02,20240329HTOB0-010,삼진,B,131.0,132.611,-0.0519999999999925,포크,Splitter,0,1,0,1,strike,equal_length,vb_flow_undecided,0.372
20240329LGWO0-20240329LGWO0-023-02,20240329LGWO0-023,일땅,B,132.0,133.299,0.2599999999999909,체인지업,ChangeUp,1,0,1,0,strike,equal_length,vb_flow_undecided,0.5464037122969838
20240329NCLT0-20240329NCLT0-024-01,20240329NCLT0-024,일땅,B,144.0,145.64,-0.08099999999998886,포심,Fastball,0,0,0,0,strike,equal_length,vb_flow_undecided,0.8279999999999998
20240329NCLT0-20240329NCLT0-064-03,20240329NCLT0-064,삼진,B,142.0,144.2,-0.6409999999999911,포심,Fastball,2,0,2,0,strike,equal_length,vb_flow_supports_strike,0.648
20240330KTHH0-20240330KTHH0-065-01,20240330KTHH0-065,이땅,B,127.0,129.219,-0.6599999999999966,체인지업,ChangeUp,0,0,0,0,strike,equal_length,vb_flow_undecided,1.849537037037037
20240330LGWO0-20240330LGWO0-029-01,20240330LGWO0-029,우안,B,141.0,141.841,0.7179999999999893,포심,Fastball,0,0,0,0,strike,equal_length,vb_flow_undecided,0.7681641708264002
20240331HTOB0-20240331HTOB0-050-01,20240331HTOB0-050,좌이,B,147.0,148.265,0.29400000000001114,포심,Fastball,0,0,0,0,strike,equal_length,vb_flow_undecided,0.72
20240331SKSS0-20240331SKSS0-058-01,20240331SKSS0-058,투희,B,138.0,140.267,-0.7079999999999984,포심,Fastball,0,0,0,0,strike,equal_length,vb_flow_undecided,1.032
20240402HTKT0-20240402HTKT0-050-01,20240402HTKT0-050,투희,B,139.0,141.599,-1.039999999999992,포심,Fastball,0,0,0,0,strike,equal_length,vb_flow_undecided,0.4310344827586207
20240402NCLG0-20240402NCLG0-060-01,20240402NCLG0-060,중비,B,147.0,148.749,-0.18999999999999773,포심,Fastball,0,0,0,0,strike,equal_length,vb_flow_undecided,0.9959999999999999
20240402OBSK0-20240402OBSK0-041-01,20240402OBSK0-041,좌중이,B,122.0,123.14,0.41899999999999693,슬라이더,Curveball,0,0,0,0,strike,equal_length,vb_flow_undecided,0.612
20240404HTKT0-20240404HTKT0-048-02,20240404HTKT0-048,중이,B,146.0,148.481,-0.921999999999997,투심,Fastball,1,0,1,0,strike,equal_length,vb_flow_supports_strike,0.9119999999999999
20240404HTKT0-20240404HTKT0-049-01,20240404HTKT0-049,삼진,B,139.0,141.295,-0.73599999999999,커터,Slider,0,0,0,0,strike,equal_length,vb_flow_supports_strike,0.9239999999999999
20240404NCLG0-20240404NCLG0-040-01,20240404NCLG0-040,유야선,B,144.0,146.033,-0.47399999999998954,포심,Fastball,0,0,0,0,strike,equal_length,vb_flow_undecided,0.7004244996967861
20240404OBSK0-20240404OBSK0-026-01,20240404OBSK0-026,우안,B,130.0,129.874,1.6850000000000023,포크,Splitter,0,0,0,0,strike,equal_length,vb_flow_undecided,0.54
20240404OBSK0-20240404OBSK0-043-01,20240404OBSK0-043,중비,B,129.0,130.014,0.5449999999999875,슬라이더,Slider,0,0,0,0,strike,equal_length,vb_flow_undecided,0.9099415204678357
20240405KTLG0-20240405KTLG0-045-02,20240405KTLG0-045,투번안,B,142.0,143.24,0.3189999999999884,포심,Fastball,1,0,1,0,strike,equal_length,vb_flow_undecided,1.1781326781326784
20240406OBLT0-20240406OBLT0-016-01,20240406OBLT0-016,투병,B,144.0,145.746,-0.18700000000001182,포심,Fastball,0,0,0,0,strike,equal_length,vb_flow_undecided,1.3679999999999999
20240406OBLT0-20240406OBLT0-020-01,20240406OBLT0-020,좌안,B,146.0,148.432,-0.8729999999999905,포심,Fastball,0,0,0,0,strike,equal_length,vb_flow_undecided,0.8399999999999999
20240406OBLT0-20240406OBLT0-021-02,20240406OBLT0-021,삼병,B,118.0,119.671,-0.11200000000000898,커브,Curveball,0,1,0,1,strike,equal_length,vb_flow_undecided,0.36
20240407HHWO0-20240407HHWO0-062-01,20240407HHWO0-062,우비,B,145.0,146.632,-0.0730000000000075,포심,Fastball,0,0,0,0,strike,equal_length,vb_flow_undecided,0.696
20240407HHWO0-20240407HHWO0-062-02,20240407HHWO0-062,우비,B,144.0,145.022,0.5370000000000061,포심,Fastball,1,0,0,1,strike,equal_length,vb_flow_undecided,0.9705882352941179
20240407OBLT0-20240407OBLT0-079-02,20240407OBLT0-079,좌비,B,143.0,144.71,-0.15100000000001046,포심,Fastball,1,0,1,0,strike,equal_length,vb_flow_undecided,0.9119999999999999
20240407SKNC0-20240407SKNC0-038-02,20240407SKNC0-038,중비,B,132.0,132.379,1.1800000000000068,커터,Slider,1,0,1,0,strike,equal_length,vb_flow_supports_strike,0.504
20240409SSLT0-20240409SSLT0-055-01,20240409SSLT0-055,투야선,B,133.0,135.163,-0.6040000000000134,포심,Fastball,0,0,0,0,strike,equal_length,vb_flow_undecided,0.43199999999999994
20240410HHOB0-20240410HHOB0-015-01,20240410HHOB0-015,좌비,B,146.0,147.835,-0.27600000000001046,포심,Fastball,0,0,0,0,strike,equal_length,vb_flow_undecided,0.43199999999999994
20240410HHOB0-20240410HHOB0-038-01,20240410HHOB0-038,이야선,B,143.0,144.321,0.23799999999999955,포심,Fastball,0,0,0,0,strike,equal_length,vb_flow_undecided,0.636
20240410KTNC0-20240410KTNC0-008-03,20240410KTNC0-008,삼진,B,139.0,139.431,1.127999999999986,포심,Fastball,1,1,1,1,strike,equal_length,vb_flow_supports_strike,0.5043731778425651
20240410SSLT0-20240410SSLT0-034-01,20240410SSLT0-034,삼희,B,135.0,136.86,-0.30100000000001614,포심,ChangeUp,0,0,0,0,strike,equal_length,vb_flow_undecided,1.7703875072296118
20240410WOSK0-20240410WOSK0-044-01,20240410WOSK0-044,삼진,B,132.0,133.079,0.47999999999998977,체인지업,ChangeUp,0,0,0,0,strike,equal_length,vb_flow_supports_strike,0.36
20240410WOSK0-20240410WOSK0-058-02,20240410WOSK0-058,삼진,B,136.0,136.766,0.7930000000000064,포심,Fastball,0,1,0,1,strike,equal_length,vb_flow_supports_strike,0.8639999999999999
20240411HHOB0-20240411HHOB0-043-01,20240411HHOB0-043,중비,B,142.0,143.228,0.33099999999998886,포심,Fastball,0,0,0,0,strike,equal_length,vb_flow_undecided,1.392
20240411KTNC0-20240411KTNC0-092-01,20240411KTNC0-092,포희,B,144.0,145.283,0.27600000000001046,포심,Fastball,0,0,0,0,strike,equal_length,vb_flow_undecided,0.8279999999999998
20240412LGOB0-20240412LGOB0-016-01,20240412LGOB0-016,삼BO,B,151.0,151.907,0.6519999999999868,포심,Fastball,0,0,0,0,strike,equal_length,vb_flow_undecided,1.3564356435643565
20240412SKKT0-20240412SKKT0-023-01,20240412SKKT0-023,삼진,B,142.0,144.734,-1.1750000000000114,포심,Fastball,0,0,0,0,strike,equal_length,vb_flow_supports_strike,0.66
20240413LGOB0-20240413LGOB0-010-01,20240413LGOB0-010,볼넷,B,145.0,147.037,-0.47800000000000864,포심,Fastball,0,0,0,0,strike,equal_length,vb_flow_supports_strike,0.4558221181977769
20240413LTWO0-20240413LTWO0-013-01,20240413LTWO0-013,삼진,B,140.0,141.627,-0.06800000000001205,포심,Fastball,0,0,0,0,strike,equal_length,vb_flow_broken_either_way,1.404
20240413LTWO0-20240413LTWO0-013-02,20240413LTWO0-013,삼진,B,139.0,140.645,-0.08600000000001273,포심,Fastball,1,0,0,1,strike,equal_length,vb_flow_broken_either_way,0.5527666856816882
20240414HTHH0-20240414HTHH0-012-02,20240414HTHH0-012,투야선,B,136.0,138.045,-0.48599999999999,슬라이더,Slider,1,0,1,0,strike,equal_length,vb_flow_undecided,0.6734449760765547
20240414HTHH0-20240414HTHH0-012-03,20240414HTHH0-012,투야선,B,133.0,135.917,-1.358000000000004,슬라이더,Slider,2,0,1,1,strike,equal_length,vb_flow_undecided,1.236
20240414HTHH0-20240414HTHH0-040-02,20240414HTHH0-040,삼진,B,144.0,146.871,-1.3120000000000118,투심,Sinker,1,0,1,0,strike,equal_length,vb_flow_supports_strike,0.9950980392156865
20240414LGOB0-20240414LGOB0-018-01,20240414LGOB0-018,삼진,B,140.0,141.355,0.20400000000000773,포심,Fastball,0,0,0,0,strike,equal_length,vb_flow_undecided,1.3024054982817868
20240414NCSS0-20240414NCSS0-017-01,20240414NCSS0-017,유내안,B,123.0,124.964,-0.40500000000000114,체인지업,ChangeUp,0,0,0,0,strike,equal_length,vb_flow_undecided,1.068
20240414SKKT0-20240414SKKT0-019-02,20240414SKKT0-019,우중안,B,142.0,144.68,-1.1210000000000093,포심,Fastball,0,1,0,1,strike,equal_length,vb_flow_undecided,0.972
20240416HHNC0-20240416HHNC0-020-03,20240416HHNC0-020,삼진,B,152.0,152.769,0.789999999999992,포심,Fastball,1,1,1,1,strike,equal_length,vb_flow_supports_strike,0.624
20240416HHNC0-20240416HHNC0-070-01,20240416HHNC0-070,삼진,B,145.0,146.5,0.0589999999999975,포심,Fastball,0,0,0,0,strike,equal_length,vb_flow_supports_strike,1.38
20240416HTSK0-20240416HTSK0-012-01,20240416HTSK0-012,우안,B,137.0,137.686,0.8729999999999905,커터,Cutter,0,0,0,0,strike,equal_length,vb_flow_undecided,0.47550432276657123
20240416OBSS0-20240416OBSS0-061-03,20240416OBSS0-061,일실,B,131.0,133.85,-1.2909999999999968,슬라이더,Slider,1,1,1,1,strike,equal_length,vb_flow_undecided,1.224
20240416OBSS0-20240416OBSS0-067-02,20240416OBSS0-067,삼진,B,146.0,147.242,0.3170000000000073,포심,Fastball,1,0,1,0,strike,equal_length,vb_flow_supports_strike,0.132
20240417HHNC0-20240417HHNC0-021-02,20240417HHNC0-021,삼진,B,109.0,109.823,0.7360000000000042,커브,Curveball,0,1,0,1,strike,equal_length,vb_flow_supports_strike,0.7831753554502364
20240417LTLG0-20240417LTLG0-055-03,20240417LTLG0-055,좌비,B,140.0,141.563,-0.003999999999990678,포심,Fastball,1,1,1,1,strike,equal_length,vb_flow_supports_strike,0.348
20240417LTLG0-20240417LTLG0-081-01,20240417LTLG0-081,볼넷,B,145.0,146.438,0.12100000000000932,포심,Fastball,0,0,0,0,strike,equal_length,vb_flow_supports_strike,0.353960396039604
20240418LTLG0-20240418LTLG0-052-01,20240418LTLG0-052,유실,B,144.0,145.54,0.019000000000005457,포심,Fastball,0,0,0,0,strike,equal_length,vb_flow_undecided,1.7135069654754693
20240419KTLT0-20240419KTLT0-066-03,20240419KTLT0-066,투희,B,141.0,143.163,-0.6040000000000134,포심,Sinker,2,0,2,0,strike,equal_length,vb_flow_supports_strike,1.4240963855421687
20240419LGSK0-20240419LGSK0-018-01,20240419LGSK0-018,이야선,B,135.0,135.295,1.26400000000001,포심,Fastball,0,0,0,0,strike,equal_length,vb_flow_undecided,1.176
20240419LGSK0-20240419LGSK0-040-03,20240419LGSK0-040,삼진,B,128.0,128.47,1.0889999999999986,체인지업,ChangeUp,1,1,1,1,strike,equal_length,vb_flow_supports_strike,0.588
20240419LGSK0-20240419LGSK0-050-01,20240419LGSK0-050,일희,B,140.0,140.644,0.914999999999992,포심,Fastball,0,0,0,0,strike,equal_length,vb_flow_undecided,0.020746887966805065
20240420SSHH0-20240420SSHH0-055-02,20240420SSHH0-055,포BO,B,129.0,132.386,-1.8269999999999982,슬라이더,Curveball,1,0,1,0,strike,equal_length,vb_flow_undecided,0.40800000000000003
20240421KTLT1-20240421KTLT1-050-01,20240421KTLT1-050,투BO,B,127.0,128.248,0.31100000000000705,체인지업,ChangeUp,0,0,0,0,strike,equal_length,vb_flow_undecided,1.332
20240421KTLT2-20240421KTLT2-021-01,20240421KTLT2-021,좌비,B,127.0,129.054,-0.49500000000000455,포크,Splitter,0,0,0,0,strike,equal_length,vb_flow_undecided,0.276
20240423HHKT0-20240423HHKT0-035-01,20240423HHKT0-035,일희,B,142.0,144.568,-1.0090000000000146,포심,Fastball,0,0,0,0,strike,equal_length,vb_flow_undecided,1.6610778443113774
20240423HTWO0-20240423HTWO0-014-01,20240423HTWO0-014,삼진,B,134.0,134.382,1.1769999999999925,슬라이더,Slider,0,0,0,0,strike,equal_length,vb_flow_supports_strike,0.732
20240423NCOB0-20240423NCOB0-036-03,20240423NCOB0-036,삼진,B,129.0,130.205,0.353999999999985,커터,Slider,2,0,2,0,strike,equal_length,vb_flow_broken_either_way,0.804
20240423NCOB0-20240423NCOB0-036-04,20240423NCOB0-036,삼진,B,136.0,136.577,0.9819999999999993,포심,Fastball,3,0,2,1,strike,equal_length,vb_flow_broken_either_way,0.5216881594372805
20240424NCOB0-20240424NCOB0-039-01,20240424NCOB0-039,투희,B,147.0,148.212,0.3470000000000084,포심,Fastball,0,0,0,0,strike,equal_length,vb_flow_undecided,0.588
20240424SKLT0-20240424SKLT0-011-01,20240424SKLT0-011,우중이,B,139.0,140.553,0.006000000000000227,투심,Splitter,0,0,0,0,strike,equal_length,vb_flow_undecided,1.0696864111498257
20240424SKLT0-20240424SKLT0-024-02,20240424SKLT0-024,이땅,B,126.0,127.449,0.10999999999999943,포크,Splitter,1,0,1,0,strike,equal_length,vb_flow_undecided,0.78
20240425HTWO0-20240425HTWO0-019-01,20240425HTWO0-019,투희,B,141.0,141.823,0.73599999999999,포심,Fastball,0,0,0,0,strike,equal_length,vb_flow_undecided,0.8999999999999999
20240426HTLG0-20240426HTLG0-045-01,20240426HTLG0-045,유땅,B,142.0,143.92,-0.36099999999999,커터,Cutter,0,0,0,0,strike,equal_length,vb_flow_undecided,0.24
20240426HTLG0-20240426HTLG0-070-02,20240426HTLG0-070,삼진,B,141.0,142.915,-0.35599999999999454,포심,Fastball,1,0,1,0,strike,equal_length,vb_flow_broken_either_way,0.744
20240426HTLG0-20240426HTLG0-070-04,20240426HTLG0-070,삼진,B,142.0,144.044,-0.48500000000001364,포심,Fastball,3,0,2,1,strike,equal_length,vb_flow_broken_either_way,2.191142191142191
20240426KTSK0-20240426KTSK0-029-01,20240426KTSK0-029,좌안,B,130.0,130.912,0.6469999999999914,체인지업,Splitter,0,0,0,0,strike,equal_length,vb_flow_undecided,1.2997118155619594
20240426SSWO0-20240426SSWO0-011-01,20240426SSWO0-011,중비,B,141.0,142.242,0.3170000000000073,포심,Fastball,0,0,0,0,strike,equal_length,vb_flow_broken_either_way,0.6354740061162076
20240426SSWO0-20240426SSWO0-011-03,20240426SSWO0-011,중비,B,132.0,133.352,0.20699999999999363,슬라이더,Slider,2,0,1,1,strike,equal_length,vb_flow_broken_either_way,0.403058103975535
20240427KTSK0-20240427KTSK0-061-02,20240427KTSK0-061,일야선,B,147.0,147.382,1.1769999999999925,포심,Fastball,1,0,1,0,strike,equal_length,vb_flow_supports_strike,0.552
20240427LTNC0-20240427LTNC0-016-01,20240427LTNC0-016,삼진,B,140.0,141.284,0.2750000000000057,포심,Fastball,0,0,0,0,strike,equal_length,vb_flow_broken_either_way,0.544578313253012
20240427LTNC0-20240427LTNC0-016-02,20240427LTNC0-016,삼진,B,130.0,130.614,0.9449999999999932,슬라이더,Slider,1,0,0,1,strike,equal_length,vb_flow_broken_either_way,0.648
20240427SSWO0-20240427SSWO0-037-03,20240427SSWO0-037,유땅,B,147.0,148.658,-0.09899999999998954,포심,Fastball,2,0,2,0,strike,equal_length,vb_flow_undecided,1.4900831733845172
20240428LTNC0-20240428LTNC0-026-02,20240428LTNC0-026,삼진,B,144.0,145.153,0.4060000000000059,포심,Fastball,0,1,0,1,strike,equal_length,vb_flow_undecided,0.9119999999999999
20240428OBHH0-20240428OBHH0-040-01,20240428OBHH0-040,투희,B,145.0,148.018,-1.4590000000000032,포심,Sinker,0,0,0,0,strike,equal_length,vb_flow_undecided,1.5892215568862276
20240430SSOB0-20240430SSOB0-036-01,20240430SSOB0-036,삼희,B,135.0,136.998,-0.43899999999999295,포심,Fastball,0,0,0,0,strike,equal_length,vb_flow_undecided,1.213364595545135
20240430SSOB0-20240430SSOB0-048-01,20240430SSOB0-048,좌안,B,136.0,138.005,-0.44599999999999795,포심,Fastball,0,0,0,0,strike,equal_length,vb_flow_undecided,1.7381370826010543
20240501SSOB0-20240501SSOB0-033-01,20240501SSOB0-033,삼진,B,134.0,134.993,0.5660000000000025,커터,Slider,0,0,0,0,strike,equal_length,vb_flow_broken_either_way,0.5927492447129911
20240501SSOB0-20240501SSOB0-033-02,20240501SSOB0-033,삼진,B,136.0,137.82,-0.2609999999999957,커터,Slider,1,0,0,1,strike,equal_length,vb_flow_broken_either_way,0.5564954682779457
20240501SSOB0-20240501SSOB0-047-02,20240501SSOB0-047,중SF,B,146.0,147.246,0.3129999999999882,포심,Fastball,1,0,1,0,strike,equal_length,vb_flow_undecided,1.7039999999999997
20240501WOLT0-20240501WOLT0-034-02,20240501WOLT0-034,일야선,B,139.0,140.759,-0.19999999999998863,포심,Fastball,1,0,1,0,strike,equal_length,vb_flow_undecided,0.72
20240501WOLT0-20240501WOLT0-036-01,20240501WOLT0-036,삼진,B,134.0,136.382,-0.8230000000000075,슬라이더,Slider,0,0,0,0,strike,equal_length,vb_flow_supports_strike,1.491864831038798
20240502LGNC0-20240502LGNC0-017-01,20240502LGNC0-017,우안,B,131.0,131.493,1.0660000000000025,슬라이더,Slider,0,0,0,0,strike,equal_length,vb_flow_supports_strike,0.4837962962962965
20240502LGNC0-20240502LGNC0-017-02,20240502LGNC0-017,우안,B,132.0,132.371,1.1879999999999882,슬라이더,Slider,1,0,0,1,strike,equal_length,vb_flow_supports_strike,0.7037037037037038
20240502LGNC0-20240502LGNC0-023-02,20240502LGNC0-023,삼진,B,112.0,112.872,0.6869999999999976,커브,Curveball,0,1,0,1,strike,equal_length,vb_flow_supports_strike,1.1010332950631456
20240502SKHH0-20240502SKHH0-023-01,20240502SKHH0-023,이야선,B,138.0,140.643,-1.0840000000000032,포심,Fastball,0,0,0,0,strike,equal_length,vb_flow_undecided,1.6722090261282667
20240502SKHH0-20240502SKHH0-036-02,20240502SKHH0-036,우안,B,119.0,121.227,-0.6680000000000064,포크,ChangeUp,0,1,0,1,strike,equal_length,vb_flow_undecided,0.8759999999999999
20240502SKHH0-20240502SKHH0-037-02,20240502SKHH0-037,좌안,B,121.0,124.001,-1.4420000000000073,포크,ChangeUp,0,1,0,1,strike,equal_length,vb_flow_undecided,1.38
20240502SKHH0-20240502SKHH0-049-01,20240502SKHH0-049,삼희,B,134.0,136.617,-1.0579999999999927,포심,Fastball,0,0,0,0,strike,equal_length,vb_flow_undecided,0.7617071724955539
20240502SSOB0-20240502SSOB0-021-01,20240502SSOB0-021,일땅,B,132.0,133.184,0.375,슬라이더,Slider,0,0,0,0,strike,equal_length,vb_flow_undecided,0.9261363636363635
20240502SSOB0-20240502SSOB0-032-01,20240502SSOB0-032,중비,B,134.0,135.925,-0.36600000000001387,포심,Fastball,0,0,0,0,strike,equal_length,vb_flow_undecided,1.0678182981445938
20240502WOLT0-20240502WOLT0-066-01,20240502WOLT0-066,볼넷,B,140.0,141.638,-0.07900000000000773,포심,Fastball,0,0,0,0,strike,equal_length,vb_flow_broken_either_way,1.152
20240502WOLT0-20240502WOLT0-066-03,20240502WOLT0-066,볼넷,B,141.0,142.138,0.42099999999999227,포심,Fastball,2,0,1,1,strike,equal_length,vb_flow_broken_either_way,0.23180428134556544
20240502WOLT0-20240502WOLT0-067-02,20240502WOLT0-067,포BO,B,145.0,147.129,-0.5699999999999932,포심,Fastball,0,1,0,1,strike,equal_length,vb_flow_broken_either_way,1.6186793575252827
20240503NCSK0-20240503NCSK0-044-01,20240503NCSK0-044,중비,B,141.0,141.568,0.9909999999999854,포심,Fastball,0,0,0,0,strike,equal_length,vb_flow_undecided,0.8879999999999999
20240504OBLG0-20240504OBLG0-018-02,20240504OBLG0-018,이땅,B,125.0,126.475,0.08400000000000318,커브,Slider,0,1,0,0,strike,gap_vb_extra,vb_flow_broken_either_way,1.404
20240504OBLG0-20240504OBLG0-053-01,20240504OBLG0-053,,B,142.0,143.853,-0.29400000000001114,포심,Fastball,0,0,0,0,strike,equal_length,no_result,1.8719999999999999
20240504OBLG0-20240504OBLG0-073-02,20240504OBLG0-073,우안,B,121.0,122.952,-0.3930000000000007,포크,Splitter,0,1,0,0,strike,gap_vb_extra,vb_flow_undecided,1.092
20240507SKLG0-20240507SKLG0-071-01,20240507SKLG0-071,삼진,B,131.0,133.241,-0.6820000000000164,슬라이더,Slider,0,0,0,0,strike,equal_length,vb_flow_supports_strike,0.384
20240508OBWO0-20240508OBWO0-010-01,20240508OBWO0-010,볼넷,B,137.0,138.104,0.4549999999999841,투심,ChangeUp,0,0,0,0,strike,equal_length,vb_flow_supports_strike,0.9839999999999999
20240508SKLG0-20240508SKLG0-059-04,20240508SKLG0-059,볼넷,B,140.0,141.878,-0.3189999999999884,포심,Fastball,2,1,2,1,strike,equal_length,vb_flow_supports_strike,0.5881284070260452
20240508SKLG0-20240508SKLG0-060-02,20240508SKLG0-060,삼땅,B,138.0,139.989,-0.4300000000000068,포심,Fastball,1,0,1,0,strike,equal_length,vb_flow_undecided,0.5995370370370373
20240509HHLT0-20240509HHLT0-060-01,20240509HHLT0-060,중비,B,128.0,129.81,-0.2510000000000048,슬라이더,Slider,0,0,0,0,strike,equal_length,vb_flow_undecided,0.48
20240509HHLT0-20240509HHLT0-060-02,20240509HHLT0-060,중비,B,127.0,129.32,-0.7609999999999957,슬라이더,Slider,1,0,0,1,strike,equal_length,vb_flow_undecided,0.132
20240509NCKT0-20240509NCKT0-038-01,20240509NCKT0-038,일땅,B,127.0,129.788,-1.2290000000000134,슬라이더,Slider,0,0,0,0,strike,equal_length,vb_flow_undecided,1.0080413555427918
20240509OBWO0-20240509OBWO0-030-04,20240509OBWO0-030,우비,B,139.0,140.001,0.5579999999999927,커터,Cutter,2,1,2,1,strike,equal_length,vb_flow_undecided,0.9359999999999999
20240509OBWO0-20240509OBWO0-065-02,20240509OBWO0-065,포파,B,144.0,145.434,0.125,포심,Fastball,1,0,1,0,strike,equal_length,vb_flow_undecided,0.744
20240509SKLG0-20240509SKLG0-004-01,20240509SKLG0-004,우비,B,109.0,110.602,-0.043000000000006366,커브,Curveball,0,0,0,0,strike,equal_length,vb_flow_undecided,0.9135446685878968
20240510KTOB0-20240510KTOB0-026-01,20240510KTOB0-026,투희,B,143.0,144.909,-0.3499999999999943,포심,Fastball,0,0,0,0,strike,equal_length,vb_flow_undecided,0.6023952095808385
20240510SSNC0-20240510SSNC0-053-01,20240510SSNC0-053,우안,B,132.0,132.655,0.9039999999999964,포심,Fastball,0,0,0,0,strike,equal_length,vb_flow_undecided,0.552
20240510SSNC0-20240510SSNC0-053-02,20240510SSNC0-053,우안,B,132.0,132.815,0.7439999999999998,포심,Fastball,1,0,0,1,strike,equal_length,vb_flow_undecided,0.2629161882893227
20240510SSNC0-20240510SSNC0-054-01,20240510SSNC0-054,사구,B,134.0,134.393,1.1659999999999968,투심,ChangeUp,0,0,0,0,strike,equal_length,vb_flow_undecided,0.41999999999999993
20240511LGLT0-20240511LGLT0-025-01,20240511LGLT0-025,이병,B,124.0,125.326,0.2330000000000041,슬라이더,Slider,0,0,0,0,strike,equal_length,vb_flow_undecided,1.584
20240511LGLT0-20240511LGLT0-028-01,20240511LGLT0-028,좌이,B,144.0,144.937,0.6219999999999857,포심,Fastball,0,0,0,0,strike,equal_length,vb_flow_undecided,0.372
20240511LGLT0-20240511LGLT0-072-01,20240511LGLT0-072,투희,B,145.0,146.498,0.06100000000000705,포심,Fastball,0,0,0,0,strike,equal_length,vb_flow_undecided,1.737734706238643
20240511SSNC0-20240511SSNC0-068-01,20240511SSNC0-068,유비,B,143.0,143.561,0.9979999999999905,포심,Fastball,0,0,0,0,strike,equal_length,vb_flow_undecided,0.384
20240511WOHH0-20240511WOHH0-016-01,20240511WOHH0-016,일비,B,132.0,134.221,-0.6620000000000061,체인지업,ChangeUp,0,0,0,0,strike,equal_length,vb_flow_undecided,0.4723049434187018
20240511WOHH0-20240511WOHH0-044-01,20240511WOHH0-044,일파,B,141.0,143.713,-1.1539999999999964,투심,Fastball,0,0,0,0,strike,equal_length,vb_flow_undecided,0.6097859327217124
20240512KTOB2-20240512KTOB2-015-01,20240512KTOB2-015,중비,B,141.0,142.083,0.4759999999999991,포심,Sinker,0,0,0,0,strike,equal_length,vb_flow_undecided,0.5415939499709134
20240512KTOB2-20240512KTOB2-015-02,20240512KTOB2-015,중비,B,140.0,141.916,-0.3569999999999993,포심,Fastball,1,0,0,1,strike,equal_length,vb_flow_undecided,0.576
20240512WOHH0-20240512WOHH0-031-02,20240512WOHH0-031,투번안,B,135.0,137.651,-1.092000000000013,포심,Fastball,1,0,1,0,strike,equal_length,vb_flow_undecided,1.236
20240514LTKT0-20240514LTKT0-071-01,20240514LTKT0-071,투희,B,142.0,145.12,-1.561000000000007,포심,Fastball,0,0,0,0,strike,equal_length,vb_flow_undecided,1.6440000000000001
20240514NCHH0-20240514NCHH0-076-01,20240514NCHH0-076,투희,B,126.0,128.833,-1.274000000000001,포크,Splitter,0,0,0,0,strike,equal_length,vb_flow_undecided,0.636
20240516SSSK0-20240516SSSK0-036-03,20240516SSSK0-036,유비,B,131.0,131.348,1.2109999999999843,슬라이더,Slider,1,1,1,1,strike,equal_length,vb_flow_undecided,0.7236084452975046
20240516WOLG0-20240516WOLG0-029-01,20240516WOLG0-029,중안,B,146.0,148.113,-0.554000000000002,포심,Fastball,0,0,0,0,strike,equal_length,vb_flow_undecided,0.7430555555555555
20240517HTNC0-20240517HTNC0-014-02,20240517HTNC0-014,좌비,B,140.0,140.994,0.5649999999999977,포심,Fastball,0,1,0,1,strike,equal_length,vb_flow_undecided,1.164
20240517HTNC0-20240517HTNC0-022-02,20240517HTNC0-022,좌중이,B,142.0,142.688,0.8710000000000093,포심,Fastball,1,0,1,0,strike,equal_length,vb_flow_undecided,0.13778829095209913
20240517HTNC0-20240517HTNC0-058-02,20240517HTNC0-058,중안,B,138.0,138.574,0.9849999999999852,포심,Fastball,1,0,1,0,strike,equal_length,vb_flow_undecided,0.312
20240517HTNC0-20240517HTNC0-059-01,20240517HTNC0-059,우이,B,142.0,142.985,0.5739999999999839,포심,Fastball,0,0,0,0,strike,equal_length,vb_flow_undecided,0.13706793802145437
20240517HTNC0-20240517HTNC0-079-01,20240517HTNC0-079,삼진,B,136.0,136.629,0.9300000000000068,투심,Splitter,0,0,0,0,strike,equal_length,vb_flow_supports_strike,1.3377245508982036
20240517LTOB0-20240517LTOB0-054-01,20240517LTOB0-054,포희,B,140.0,142.306,-0.7470000000000141,포심,Fastball,0,0,0,0,strike,equal_length,vb_flow_undecided,0.6187290969899668
20240518LTOB0-20240518LTOB0-008-01,20240518LTOB0-008,투희,B,128.0,129.936,-0.37700000000000955,포크,Splitter,0,0,0,0,strike,equal_length,vb_flow_undecided,0.40800000000000003
20240518LTOB0-20240518LTOB0-040-01,20240518LTOB0-040,중안,B,149.0,151.134,-0.5749999999999886,포심,Fastball,0,0,0,0,strike,equal_length,vb_flow_undecided,1.38
20240519LGKT0-20240519LGKT0-010-01,20240519LGKT0-010,투번안,B,140.0,142.19,-0.6310000000000002,포심,Fastball,0,0,0,0,strike,equal_length,vb_flow_undecided,0.768
20240519LGKT0-20240519LGKT0-037-02,20240519LGKT0-037,삼희,B,144.0,146.068,-0.5090000000000146,포심,Fastball,1,0,1,0,strike,equal_length,vb_flow_undecided,1.497542997542998
20240519LTOB0-20240519LTOB0-006-01,20240519LTOB0-006,삼비,B,153.0,154.654,-0.09499999999999886,포심,Fastball,0,0,0,0,strike,equal_length,vb_flow_undecided,0.504
20240519SKWO0-20240519SKWO0-055-02,20240519SKWO0-055,이비,B,141.0,142.541,0.018000000000000682,포심,Fastball,1,0,1,0,strike,equal_length,vb_flow_undecided,1.032
20240521NCWO0-20240521NCWO0-072-01,20240521NCWO0-072,일희,B,139.0,140.521,0.038000000000010914,포심,Fastball,0,0,0,0,strike,equal_length,vb_flow_undecided,1.0991354466858791
20240522NCWO0-20240522NCWO0-013-02,20240522NCWO0-013,투야선,B,142.0,142.819,0.7400000000000091,투심,Fastball,1,0,1,0,strike,equal_length,vb_flow_undecided,0.5494117647058824
20240522NCWO0-20240522NCWO0-036-01,20240522NCWO0-036,포희,B,146.0,147.442,0.11699999999999022,투심,Fastball,0,0,0,0,strike,equal_length,vb_flow_undecided,0.34443783462224853
20240522NCWO0-20240522NCWO0-048-01,20240522NCWO0-048,삼진,B,144.0,144.565,0.9939999999999998,투심,Sinker,0,0,0,0,strike,equal_length,vb_flow_supports_strike,0.132
20240523HTLT0-20240523HTLT0-034-01,20240523HTLT0-034,삼진,B,119.0,120.218,0.340999999999994,커브,Curveball,0,0,0,0,strike,equal_length,vb_flow_supports_strike,1.344
20240523KTSS0-20240523KTSS0-031-01,20240523KTSS0-031,중안,B,133.0,135.76,-1.2009999999999934,커터,Slider,0,0,0,0,strike,equal_length,vb_flow_undecided,0.8639999999999999
20240523KTSS0-20240523KTSS0-031-02,20240523KTSS0-031,중안,B,132.0,134.637,-1.078000000000003,커터,Slider,1,0,0,1,strike,equal_length,vb_flow_undecided,1.0503807850029292
20240523NCWO0-20240523NCWO0-014-02,20240523NCWO0-014,우안,B,141.0,141.764,0.7949999999999875,포심,Fastball,0,1,0,1,strike,equal_length,vb_flow_undecided,0.30993456276026227
20240524HHSK0-20240524HHSK0-005-02,20240524HHSK0-005,삼진,B,141.0,141.196,1.3629999999999995,포심,Fastball,0,0,0,1,strike,equal_length,vb_flow_supports_strike,0.9959999999999999
20240524SSLT0-20240524SSLT0-024-01,20240524SSLT0-024,이라,B,141.0,143.499,-0.9399999999999977,포심,Fastball,0,0,0,0,strike,equal_length,vb_flow_undecided,1.5462235649546827
20240524SSLT0-20240524SSLT0-065-01,20240524SSLT0-065,삼진,B,128.0,129.918,-0.35900000000000887,포크,Splitter,0,0,0,0,strike,equal_length,vb_flow_supports_strike,1.4118715929739554
20240525HHSK0-20240525HHSK0-024-01,20240525HHSK0-024,이IFO,B,134.0,135.434,0.125,커터,Slider,0,0,0,0,strike,equal_length,vb_flow_undecided,0.804
20240526SSLT0-20240526SSLT0-057-03,20240526SSLT0-057,좌안,B,131.0,131.844,0.7150000000000034,슬라이더,Slider,1,1,1,1,strike,equal_length,vb_flow_undecided,0.7322834645669289
20240528HTNC0-20240528HTNC0-067-02,20240528HTNC0-067,삼진,B,141.0,141.979,0.5799999999999841,포심,Fastball,0,1,0,1,strike,equal_length,vb_flow_undecided,0.44399999999999995
20240528KTOB0-20240528KTOB0-015-03,20240528KTOB0-015,좌비,B,136.0,137.872,-0.3130000000000166,포심,Fastball,2,0,2,0,strike,equal_length,vb_flow_supports_strike,1.188
20240528LGSK0-20240528LGSK0-061-02,20240528LGSK0-061,중비,B,142.0,143.016,0.5430000000000064,포심,Fastball,1,0,1,0,strike,equal_length,vb_flow_undecided,0.7871287128712873
20240528LTHH0-20240528LTHH0-019-01,20240528LTHH0-019,좌안,B,117.0,119.686,-1.1270000000000095,커브,Curveball,0,0,0,0,strike,equal_length,vb_flow_undecided,0.6879194630872482
20240528WOSS0-20240528WOSS0-005-01,20240528WOSS0-005,투내안,B,144.0,146.142,-0.5829999999999984,투심,Sinker,0,0,0,0,strike,equal_length,vb_flow_undecided,0.624
20240529KTOB0-20240529KTOB0-006-01,20240529KTOB0-006,좌안,B,123.0,124.869,-0.3100000000000023,체인지업,ChangeUp,0,0,0,0,strike,equal_length,vb_flow_undecided,1.176
20240529KTOB0-20240529KTOB0-036-01,20240529KTOB0-036,사구,B,136.0,137.611,-0.0519999999999925,포심,Fastball,0,0,0,0,strike,equal_length,vb_flow_undecided,0.5542312276519665
20240531HHSS0-20240531HHSS0-065-02,20240531HHSS0-065,우안,B,141.0,143.824,-1.2650000000000148,포심,Fastball,1,0,1,0,strike,equal_length,vb_flow_undecided,0.7378583967232295
20240531HHSS0-20240531HHSS0-065-03,20240531HHSS0-065,우안,B,143.0,145.705,-1.146000000000015,포심,Fastball,2,0,1,1,strike,equal_length,vb_flow_undecided,1.0070216500877704
20240531HHSS0-20240531HHSS0-066-02,20240531HHSS0-066,삼진,B,134.0,135.812,-0.2530000000000143,슬라이더,Slider,0,1,0,1,strike,equal_length,vb_flow_supports_strike,0.6626360338573156
20240531LGOB0-20240531LGOB0-022-01,20240531LGOB0-022,투번안,B,129.0,130.797,-0.23799999999999955,슬라이더,Slider,0,0,0,0,strike,equal_length,vb_flow_undecided,1.02
20240531LGOB0-20240531LGOB0-032-01,20240531LGOB0-032,중비,B,145.0,146.718,-0.15899999999999181,포심,Fastball,0,0,0,0,strike,equal_length,vb_flow_undecided,1.5648148148148147
20240531SKWO0-20240531SKWO0-026-01,20240531SKWO0-026,유비,B,133.0,134.263,0.29599999999999227,포심,ChangeUp,0,0,0,0,strike,equal_length,vb_flow_undecided,0.696
20240531SKWO0-20240531SKWO0-045-02,20240531SKWO0-045,투희,B,133.0,134.241,0.31799999999998363,포심,ChangeUp,1,0,1,0,strike,equal_length,vb_flow_undecided,0.43199999999999994
20240601HHSS0-20240601HHSS0-037-03,20240601HHSS0-037,투희,B,140.0,142.328,-0.7690000000000055,포심,Fastball,2,0,2,0,strike,equal_length,vb_flow_undecided,0.264
20240601NCLT0-20240601NCLT0-001-05,20240601NCLT0-001,투땅,B,148.0,149.657,-0.09800000000001319,포심,Fastball,3,1,3,1,strike,equal_length,vb_flow_supports_strike,0.8399999999999999
20240601NCLT0-20240601NCLT0-038-01,20240601NCLT0-038,사구,B,137.0,138.639,-0.0800000000000125,커터,ChangeUp,0,0,0,0,strike,equal_length,vb_flow_undecided,0.49199999999999994
20240601NCLT0-20240601NCLT0-038-03,20240601NCLT0-038,사구,B,137.0,139.033,-0.47399999999998954,커터,ChangeUp,2,0,1,1,strike,equal_length,vb_flow_undecided,0.6033353186420491
20240601NCLT0-20240601NCLT0-061-02,20240601NCLT0-061,삼진,B,132.0,133.256,0.30299999999999727,슬라이더,Slider,0,1,0,1,strike,equal_length,vb_flow_undecided,1.056
20240602HHSS0-20240602HHSS0-062-01,20240602HHSS0-062,투BO,B,143.0,146.293,-1.7340000000000089,포심,Fastball,0,0,0,0,strike,equal_length,vb_flow_undecided,1.1024734982332154
20240602LGOB0-20240602LGOB0-024-03,20240602LGOB0-024,삼진,B,148.0,150.179,-0.6200000000000045,포심,Fastball,1,1,1,1,strike,equal_length,vb_flow_undecided,0.3575615474794838
20240602LGOB0-20240602LGOB0-044-02,20240602LGOB0-044,일땅,B,145.0,146.13,0.42900000000000205,포심,Fastball,0,1,0,1,strike,equal_length,vb_flow_undecided,0.49999999999999994
20240602LGOB0-20240602LGOB0-045-03,20240602LGOB0-045,이땅,B,144.0,145.165,0.39400000000000546,포심,Cutter,1,1,1,1,strike,equal_length,vb_flow_undecided,0.9108910891089111
20240602NCLT0-20240602NCLT0-049-03,20240602NCLT0-049,볼넷,B,146.0,148.556,-0.9970000000000141,포심,Fastball,1,1,1,1,strike,equal_length,vb_flow_supports_strike,1.092
20240602SKWO0-20240602SKWO0-067-01,20240602SKWO0-067,유병,B,133.0,134.314,0.24500000000000455,투심,ChangeUp,0,0,0,0,strike,equal_length,vb_flow_undecided,0.7696594427244582
20240602SKWO0-20240602SKWO0-068-02,20240602SKWO0-068,삼진,B,124.0,124.64,0.9189999999999969,커브,Curveball,0,1,0,1,strike,equal_length,vb_flow_supports_strike,1.188
20240604HHKT0-20240604HHKT0-047-01,20240604HHKT0-047,삼진,B,142.0,143.326,0.2330000000000041,포심,Fastball,0,0,0,0,strike,equal_length,vb_flow_supports_strike,1.488
20240604OBNC0-20240604OBNC0-021-02,20240604OBNC0-021,삼비,B,144.0,145.234,0.32499999999998863,포심,Fastball,1,0,1,0,strike,equal_length,vb_flow_supports_strike,0.8160000000000001
20240604OBNC0-20240604OBNC0-051-02,20240604OBNC0-051,삼진,B,131.0,131.337,1.2220000000000084,슬라이더,Slider,0,0,0,1,strike,equal_length,vb_flow_undecided,0.672
20240605HHKT0-20240605HHKT0-011-02,20240605HHKT0-011,볼넷,B,142.0,143.908,-0.34899999999998954,포심,Fastball,1,0,1,0,strike,equal_length,vb_flow_supports_strike,0.657313432835821
20240605HHKT0-20240605HHKT0-041-02,20240605HHKT0-041,삼희,B,144.0,145.599,-0.03999999999999204,포심,Fastball,1,0,1,0,strike,equal_length,vb_flow_undecided,1.008
20240605HHKT0-20240605HHKT0-063-02,20240605HHKT0-063,좌비,B,128.0,129.402,0.1570000000000107,체인지업,ChangeUp,0,1,0,1,strike,equal_length,vb_flow_undecided,0.9120370370370371
20240605OBNC0-20240605OBNC0-073-01,20240605OBNC0-073,우삼,B,140.0,141.231,0.32800000000000296,포심,Fastball,0,0,0,0,strike,equal_length,vb_flow_undecided,0.9788980070339979
20240605SSSK0-20240605SSSK0-069-02,20240605SSSK0-069,볼넷,B,137.0,137.539,1.0200000000000102,포심,Fastball,1,0,1,0,strike,equal_length,vb_flow_supports_strike,0.4191950464396288
20240605WOLG0-20240605WOLG0-068-02,20240605WOLG0-068,삼진,B,130.0,131.111,0.4480000000000075,포크,Splitter,1,0,1,0,strike,equal_length,vb_flow_supports_strike,1.0237797246558198
20240606SSSK0-20240606SSSK0-043-03,20240606SSSK0-043,볼넷,B,137.0,137.793,0.7659999999999911,포심,Fastball,1,1,1,1,strike,equal_length,vb_flow_supports_strike,0.276
20240607HTOB0-20240607HTOB0-062-01,20240607HTOB0-062,유야선,B,139.0,140.109,0.44999999999998863,체인지업,Sinker,0,0,0,0,strike,equal_length,vb_flow_undecided,0.8759999999999999
20240607HTOB0-20240607HTOB0-085-01,20240607HTOB0-085,투희,B,144.0,145.55,0.00899999999998613,포심,Fastball,0,0,0,0,strike,equal_length,vb_flow_undecided,0.8001182732111175
20240607HTOB0-20240607HTOB0-086-01,20240607HTOB0-086,중비,B,133.0,134.721,-0.16200000000000614,슬라이더,Slider,0,0,0,0,strike,equal_length,vb_flow_undecided,1.5196662693682956
20240607LGKT0-20240607LGKT0-054-03,20240607LGKT0-054,삼진,B,145.0,146.648,-0.08899999999999864,포심,Fastball,1,1,1,1,strike,equal_length,vb_flow_supports_strike,0.5024752475247526
20240607NCHH0-20240607NCHH0-033-01,20240607NCHH0-033,일희,B,149.0,151.395,-0.8360000000000127,포심,Fastball,0,0,0,0,strike,equal_length,vb_flow_undecided,0.3809791783905461
20240607SKLT0-20240607SKLT0-038-02,20240607SKLT0-038,볼넷,B,136.0,137.122,0.4369999999999834,슬라이더,Slider,1,0,1,0,strike,equal_length,vb_flow_supports_strike,0.8399999999999999
20240607SKLT0-20240607SKLT0-072-01,20240607SKLT0-072,삼야선,B,127.0,128.453,0.10599999999999454,포크,Splitter,0,0,0,0,strike,equal_length,vb_flow_undecided,0.264
20240607SSWO0-20240607SSWO0-031-01,20240607SSWO0-031,이내안,B,139.0,140.653,-0.09399999999999409,포심,Fastball,0,0,0,0,strike,equal_length,vb_flow_undecided,0.8279999999999998
20240608LGKT0-20240608LGKT0-048-01,20240608LGKT0-048,일땅,B,133.0,134.433,0.12600000000000477,슬라이더,Slider,0,0,0,0,strike,equal_length,vb_flow_undecided,0.948
20240608LGKT0-20240608LGKT0-048-02,20240608LGKT0-048,일땅,B,132.0,133.108,0.4509999999999934,슬라이더,Slider,1,0,0,1,strike,equal_length,vb_flow_undecided,0.675742574257426
20240609HTOB0-20240609HTOB0-030-01,20240609HTOB0-030,이땅,B,138.0,140.052,-0.492999999999995,포심,Fastball,0,0,0,0,strike,equal_length,vb_flow_undecided,0.6973684210526313
20240609NCHH0-20240609NCHH0-103-01,20240609NCHH0-103,삼진,B,146.0,149.411,-1.8520000000000039,포심,Fastball,0,0,0,0,strike,equal_length,vb_flow_broken_either_way,0.9521028037383176
20240609NCHH0-20240609NCHH0-103-02,20240609NCHH0-103,삼진,B,146.0,148.663,-1.1040000000000134,포심,Fastball,1,0,0,1,strike,equal_length,vb_flow_broken_either_way,1.26
20240609NCHH0-20240609NCHH0-108-01,20240609NCHH0-108,투희,B,143.0,145.957,-1.3979999999999961,포심,Fastball,0,0,0,0,strike,equal_length,vb_flow_undecided,0.44399999999999995
20240609SSWO0-20240609SSWO0-052-01,20240609SSWO0-052,볼넷,B,139.0,140.502,0.05699999999998795,포심,Fastball,0,0,0,0,strike,equal_length,vb_flow_supports_strike,1.5026929982046686
20240611HHOB0-20240611HHOB0-024-01,20240611HHOB0-024,일희,B,143.0,144.896,-0.3369999999999891,포심,Fastball,0,0,0,0,strike,equal_length,vb_flow_undecided,1.6956521739130435
20240611LGSS0-20240611LGSS0-019-02,20240611LGSS0-019,좌이,B,146.0,149.264,-1.7050000000000125,포심,Fastball,0,1,0,1,strike,equal_length,vb_flow_undecided,1.3564356435643565
20240612HHOB0-20240612HHOB0-012-01,20240612HHOB0-012,일땅,B,126.0,127.388,0.17099999999999227,체인지업,ChangeUp,0,0,0,0,strike,equal_length,vb_flow_undecided,1.296
20240612HHOB0-20240612HHOB0-017-02,20240612HHOB0-017,좌안,B,142.0,144.195,-0.6359999999999957,포심,Fastball,1,0,1,0,strike,equal_length,vb_flow_supports_strike,1.2611806797853307
20240612HHOB0-20240612HHOB0-023-02,20240612HHOB0-023,중안,B,109.0,110.711,-0.15200000000000102,커브,Curveball,0,1,0,1,strike,equal_length,vb_flow_undecided,1.951934349355217
20240612HTSK0-20240612HTSK0-022-01,20240612HTSK0-022,삼진,B,142.0,142.191,1.367999999999995,포심,Fastball,0,0,0,0,strike,equal_length,vb_flow_supports_strike,0.38830409356725176
20240612KTNC0-20240612KTNC0-047-01,20240612KTNC0-047,삼진,B,140.0,141.139,0.4199999999999875,투심,Sinker,0,0,0,0,strike,equal_length,vb_flow_supports_strike,0.34520884520884487
20240612LGSS0-20240612LGSS0-059-01,20240612LGSS0-059,삼진,B,137.0,139.69,-1.1310000000000002,포심,Fastball,0,0,0,0,strike,equal_length,vb_flow_broken_either_way,1.2393776181926994
20240612LGSS0-20240612LGSS0-059-03,20240612LGSS0-059,삼진,B,136.0,139.345,-1.7860000000000014,포심,Fastball,2,0,1,1,strike,equal_length,vb_flow_broken_either_way,0.9359999999999999
20240613LGSS0-20240613LGSS0-052-01,20240613LGSS0-052,유비,B,143.0,145.798,-1.2390000000000043,포심,Fastball,0,0,0,0,strike,equal_length,vb_flow_undecided,1.92
20240614HTKT0-20240614HTKT0-014-01,20240614HTKT0-014,중안,B,144.0,145.856,-0.29699999999999704,포심,Fastball,0,0,0,0,strike,equal_length,vb_flow_undecided,0.17282479141835522
20240614HTKT0-20240614HTKT0-014-02,20240614HTKT0-014,중안,B,144.0,145.378,0.1810000000000116,포심,Fastball,1,0,0,1,strike,equal_length,vb_flow_undecided,1.8119999999999998
20240614OBWO0-20240614OBWO0-050-02,20240614OBWO0-050,일야선,B,146.0,147.387,0.17199999999999704,포심,Fastball,0,1,0,1,strike,equal_length,vb_flow_undecided,0.9536921151439298
20240614OBWO0-20240614OBWO0-061-01,20240614OBWO0-061,유땅,B,136.0,137.013,0.5459999999999923,투심,ChangeUp,0,0,0,0,strike,equal_length,vb_flow_undecided,1.0620972466315173
20240614OBWO0-20240614OBWO0-070-01,20240614OBWO0-070,유내안,B,149.0,150.591,-0.03200000000001069,포심,Fastball,0,0,0,0,strike,equal_length,vb_flow_undecided,0.624
20240614SSNC0-20240614SSNC0-068-01,20240614SSNC0-068,좌안,B,145.0,146.254,0.3050000000000068,포심,Fastball,0,0,0,0,strike,equal_length,vb_flow_undecided,0.96
20240615HTKT0-20240615HTKT0-030-01,20240615HTKT0-030,볼넷,B,131.0,131.803,0.7560000000000002,커터,Slider,0,0,0,0,strike,equal_length,vb_flow_supports_strike,1.0551090700344432
20240615HTKT0-20240615HTKT0-034-01,20240615HTKT0-034,삼희,B,134.0,135.509,0.05000000000001137,커터,Slider,0,0,0,0,strike,equal_length,vb_flow_undecided,0.10799999999999998
20240615LTLG0-20240615LTLG0-050-02,20240615LTLG0-050,좌안,B,141.0,142.762,-0.20300000000000296,포심,Fastball,0,1,0,1,strike,equal_length,vb_flow_supports_strike,1.7135069654754693
20240615OBWO0-20240615OBWO0-013-01,20240615OBWO0-013,포야선,B,146.0,147.631,-0.07200000000000273,투심,Fastball,0,0,0,0,strike,equal_length,vb_flow_undecided,1.572
20240615SSNC0-20240615SSNC0-005-02,20240615SSNC0-005,좌비,B,141.0,142.155,0.40399999999999636,포심,Fastball,1,0,1,0,strike,equal_length,vb_flow_supports_strike,1.344
20240615SSNC0-20240615SSNC0-018-01,20240615SSNC0-018,삼진,B,136.0,137.166,0.3930000000000007,커터,Slider,0,0,0,0,strike,equal_length,vb_flow_supports_strike,0.528
20240615SSNC0-20240615SSNC0-055-03,20240615SSNC0-055,볼넷,B,140.0,141.342,0.21699999999998454,포심,Fastball,1,1,1,1,strike,equal_length,vb_flow_supports_strike,1.3559999999999999
20240615SSNC0-20240615SSNC0-056-01,20240615SSNC0-056,포파,B,144.0,145.265,0.29400000000001114,포심,Fastball,0,0,0,0,strike,equal_length,vb_flow_undecided,0.25441696113074225
20240616LTLG0-20240616LTLG0-052-03,20240616LTLG0-052,볼넷,B,137.0,137.587,0.9720000000000084,커터,Slider,1,1,1,1,strike,equal_length,vb_flow_supports_strike,0.792
20240616LTLG0-20240616LTLG0-056-02,20240616LTLG0-056,우안,B,138.0,138.933,0.6260000000000048,포심,Fastball,1,0,1,0,strike,equal_length,vb_flow_undecided,2.88
20240616LTLG0-20240616LTLG0-086-01,20240616LTLG0-086,좌중이,B,145.0,146.442,0.11699999999999022,포심,Fastball,0,0,0,0,strike,equal_length,vb_flow_undecided,1.2450495049504953
20240616LTLG0-20240616LTLG0-096-01,20240616LTLG0-096,볼넷,B,136.0,137.524,0.03499999999999659,포심,Fastball,0,0,0,0,strike,equal_length,vb_flow_supports_strike,0.564
20240616SKHH0-20240616SKHH0-013-04,20240616SKHH0-013,삼IFO,B,133.0,136.098,-1.5390000000000157,투심,Fastball,2,1,2,1,strike,equal_length,vb_flow_supports_strike,1.181492537313433
20240616SKHH0-20240616SKHH0-061-01,20240616SKHH0-061,이병,B,129.0,132.361,-1.8019999999999925,포심,Splitter,0,0,0,0,strike,equal_length,vb_flow_undecided,0.47820895522388074
20240616SSNC0-20240616SSNC0-067-01,20240616SSNC0-067,일야선,B,132.0,133.17,0.38900000000001,슬라이더,Slider,0,0,0,0,strike,equal_length,vb_flow_undecided,1.4435294117647057
20240618SKSS0-20240618SKSS0-081-02,20240618SKSS0-081,우중이,B,122.0,124.495,-0.936000000000007,슬라이더,Curveball,1,0,1,0,strike,equal_length,vb_flow_undecided,0.516
20240619LTKT0-20240619LTKT0-041-01,20240619LTKT0-041,중비,B,143.0,144.853,-0.29400000000001114,포심,Fastball,0,0,0,0,strike,equal_length,vb_flow_undecided,0.612
20240619SKSS0-20240619SKSS0-054-01,20240619SKSS0-054,중비,B,141.0,143.131,-0.5720000000000027,포심,Sinker,0,0,0,0,strike,equal_length,vb_flow_undecided,0.17309941520467798
20240620LTKT0-20240620LTKT0-013-01,20240620LTKT0-013,삼진,B,127.0,128.474,0.08500000000000796,슬라이더,Slider,0,0,0,0,strike,equal_length,vb_flow_undecided,1.0689252336448596
20240620LTKT0-20240620LTKT0-067-02,20240620LTKT0-067,우안,B,143.0,144.605,-0.04599999999999227,포심,Fastball,1,0,1,0,strike,equal_length,vb_flow_undecided,0.8399999999999999
20240620NCOB0-20240620NCOB0-056-01,20240620NCOB0-056,유땅,B,128.0,129.386,0.17300000000000182,슬라이더,Slider,0,0,0,0,strike,equal_length,vb_flow_undecided,1.104
20240620SKSS0-20240620SKSS0-035-02,20240620SKSS0-035,좌비,B,145.0,147.29,-0.7309999999999945,포심,Fastball,1,0,1,0,strike,equal_length,vb_flow_undecided,0.22122762148337602
20240620SKSS0-20240620SKSS0-040-01,20240620SKSS0-040,우안,B,130.0,132.817,-1.2580000000000098,체인지업,ChangeUp,0,0,0,0,strike,equal_length,vb_flow_undecided,0.5520467836257315
20240620SKSS0-20240620SKSS0-071-01,20240620SKSS0-071,삼파,B,128.0,129.636,-0.07699999999999818,슬라이더,Slider,0,0,0,0,strike,equal_length,vb_flow_undecided,1.253602305475504
20240621KTLG0-20240621KTLG0-016-01,20240621KTLG0-016,삼진,B,145.0,146.357,0.20199999999999818,포심,Fastball,0,0,0,0,strike,equal_length,vb_flow_undecided,0.372
20240621KTLG0-20240621KTLG0-042-02,20240621KTLG0-042,이야선,B,132.0,133.569,-0.009999999999990905,슬라이더,Curveball,0,1,0,1,strike,equal_length,vb_flow_undecided,1.0784550392275194
20240621LTWO0-20240621LTWO0-055-01,20240621LTWO0-055,삼진,B,146.0,146.976,0.5829999999999984,포심,Sinker,0,0,0,0,strike,equal_length,vb_flow_supports_strike,1.538866160140269
20240621LTWO0-20240621LTWO0-064-01,20240621LTWO0-064,이내안,B,129.0,130.024,0.5349999999999966,슬라이더,Slider,0,0,0,0,strike,equal_length,vb_flow_undecided,0.048
20240621NCSK0-20240621NCSK0-031-01,20240621NCSK0-031,우홈,B,107.0,107.884,0.6749999999999972,커브,Curveball,0,0,0,0,strike,equal_length,vb_flow_undecided,0.49199999999999994
20240621OBSS0-20240621OBSS0-022-01,20240621OBSS0-022,삼진,B,139.0,142.182,-1.6229999999999905,포심,Fastball,0,0,0,0,strike,equal_length,vb_flow_undecided,0.804
20240621OBSS0-20240621OBSS0-040-01,20240621OBSS0-040,좌비,B,142.0,144.358,-0.7990000000000066,포심,Fastball,0,0,0,0,strike,equal_length,vb_flow_undecided,0.37683941138835597
20240623KTLG2-20240623KTLG2-065-01,20240623KTLG2-065,중비,B,138.0,140.897,-1.3379999999999939,포심,Fastball,0,0,0,0,strike,equal_length,vb_flow_supports_strike,0.5163636363636366
20240623KTLG2-20240623KTLG2-065-02,20240623KTLG2-065,중비,B,129.0,131.191,-0.632000000000005,슬라이더,Slider,1,0,0,1,strike,equal_length,vb_flow_supports_strike,0.9163636363636367
20240623NCSK0-20240623NCSK0-023-01,20240623NCSK0-023,삼진,B,136.0,136.313,1.2460000000000093,포심,Splitter,0,0,0,0,strike,equal_length,vb_flow_undecided,0.744
20240623NCSK0-20240623NCSK0-058-01,20240623NCSK0-058,볼넷,B,142.0,143.068,0.49099999999998545,투심,Sinker,0,0,0,0,strike,equal_length,vb_flow_supports_strike,0.8279999999999998
20240623NCSK0-20240623NCSK0-067-03,20240623NCSK0-067,일야선,B,144.0,145.061,0.49799999999999045,포심,Fastball,1,1,1,1,strike,equal_length,vb_flow_undecided,1.5
20240623NCSK0-20240623NCSK0-073-01,20240623NCSK0-073,삼BO,B,142.0,143.074,0.4849999999999852,포심,Fastball,0,0,0,0,strike,equal_length,vb_flow_undecided,0.21599999999999997
20240623OBSS1-20240623OBSS1-002-01,20240623OBSS1-002,투희,B,143.0,146.098,-1.5390000000000157,포심,Sinker,0,0,0,0,strike,equal_length,vb_flow_undecided,0.9065868263473056
20240623OBSS1-20240623OBSS1-017-01,20240623OBSS1-017,좌비,B,123.0,125.368,-0.8089999999999975,슬라이더,Slider,0,0,0,0,strike,equal_length,vb_flow_undecided,1.536
20240623OBSS2-20240623OBSS2-071-01,20240623OBSS2-071,삼희,B,141.0,143.652,-1.0929999999999893,포심,Fastball,0,0,0,0,strike,equal_length,vb_flow_undecided,0.24888035828534882
20240625HTLT0-20240625HTLT0-081-01,20240625HTLT0-081,포희,B,142.0,142.977,0.5819999999999936,슬라이더,Cutter,0,0,0,0,strike,equal_length,vb_flow_undecided,0.564
20240625NCWO0-20240625NCWO0-061-01,20240625NCWO0-061,일희,B,135.0,137.06,-0.5010000000000048,투심,ChangeUp,0,0,0,0,strike,equal_length,vb_flow_undecided,0.8788235294117648
20240625NCWO0-20240625NCWO0-076-01,20240625NCWO0-076,포BO,B,141.0,143.247,-0.6880000000000166,포심,Sinker,0,0,0,0,strike,equal_length,vb_flow_broken_either_way,0.036
20240625NCWO0-20240625NCWO0-076-02,20240625NCWO0-076,포BO,B,143.0,144.656,-0.09700000000000841,포심,Fastball,1,0,0,1,strike,equal_length,vb_flow_broken_either_way,1.487804878048781
20240626HTLT0-20240626HTLT0-048-02,20240626HTLT0-048,삼진,B,143.0,145.301,-0.7419999999999902,포심,Fastball,0,1,0,1,strike,equal_length,vb_flow_supports_strike,1.0083732057416268
20240626KTSK0-20240626KTSK0-004-01,20240626KTSK0-004,삼파,B,143.0,143.329,1.2299999999999898,포심,Fastball,0,0,0,0,strike,equal_length,vb_flow_supports_strike,1.2959064327485375
20240626KTSK0-20240626KTSK0-052-03,20240626KTSK0-052,유비,B,133.0,133.574,0.9849999999999852,슬라이더,Slider,1,1,1,1,strike,equal_length,vb_flow_undecided,0.3485380116959059
20240626NCWO0-20240626NCWO0-006-02,20240626NCWO0-006,좌이,B,146.0,147.218,0.3410000000000082,투심,Fastball,0,1,0,1,strike,equal_length,vb_flow_undecided,0.12536443148688087
20240626OBHH0-20240626OBHH0-047-02,20240626OBHH0-047,볼넷,B,122.0,125.049,-1.490000000000009,체인지업,Splitter,0,0,0,1,strike,equal_length,vb_flow_supports_strike,0.6839999999999999
20240626OBHH0-20240626OBHH0-063-01,20240626OBHH0-063,이병,B,144.0,147.06,-1.5010000000000048,포심,Fastball,0,0,0,0,strike,equal_length,vb_flow_undecided,0.8759999999999999
20240626OBHH0-20240626OBHH0-068-02,20240626OBHH0-068,삼번안,B,135.0,136.893,-0.3340000000000032,포심,Fastball,1,0,1,0,strike,equal_length,vb_flow_undecided,0.627198124267292
20240626SSLG0-20240626SSLG0-029-01,20240626SSLG0-029,일땅,B,135.0,136.286,0.27299999999999613,커터,Cutter,0,0,0,0,strike,equal_length,vb_flow_supports_strike,0.3490511788384125
20240626SSLG0-20240626SSLG0-054-01,20240626SSLG0-054,포야선,B,140.0,141.992,-0.4329999999999927,포심,Fastball,0,0,0,0,strike,equal_length,vb_flow_undecided,0.5085849615156898
20240627KTSK0-20240627KTSK0-014-01,20240627KTSK0-014,투희,B,140.0,140.711,0.8479999999999848,커터,Cutter,0,0,0,0,strike,equal_length,vb_flow_undecided,0.8354978354978355
20240627KTSK0-20240627KTSK0-058-02,20240627KTSK0-058,좌안,B,145.0,146.408,0.15100000000001046,포심,Fastball,1,0,1,0,strike,equal_length,vb_flow_undecided,0.43335256780149994
20240627SSLG0-20240627SSLG0-022-03,20240627SSLG0-022,삼파,B,141.0,142.839,-0.28000000000000114,포심,Fastball,1,0,1,1,strike,equal_length,vb_flow_supports_strike,0.396
20240628HHLT0-20240628HHLT0-035-03,20240628HHLT0-035,볼넷,B,145.0,147.189,-0.6299999999999955,포심,Fastball,2,0,2,0,strike,equal_length,vb_flow_supports_strike,1.0472440944881884
20240628LGNC0-20240628LGNC0-047-01,20240628LGNC0-047,이비,B,138.0,139.66,-0.10099999999999909,포심,Fastball,0,0,0,0,strike,equal_length,vb_flow_undecided,0.6839999999999999
20240628SKOB0-20240628SKOB0-037-01,20240628SKOB0-037,우비,B,128.0,128.98,0.5790000000000077,슬라이더,Slider,0,0,0,0,strike,equal_length,vb_flow_undecided,0.708
20240628SSKT0-20240628SSKT0-044-01,20240628SSKT0-044,중안,B,144.0,145.705,-0.146000000000015,포심,Fastball,0,0,0,0,strike,equal_length,vb_flow_undecided,1.032158317872604
20240628SSKT0-20240628SSKT0-055-01,20240628SSKT0-055,유야선,B,128.0,130.215,-0.6560000000000059,슬라이더,Slider,0,0,0,0,strike,equal_length,vb_flow_undecided,1.1156542056074763
20240630SKOB0-20240630SKOB0-060-01,20240630SKOB0-060,중안,B,148.0,150.105,-0.5459999999999923,포심,Fastball,0,0,0,0,strike,equal_length,vb_flow_undecided,0.624
20240630SSKT1-20240630SSKT1-030-01,20240630SSKT1-030,삼진,B,122.0,123.508,0.05100000000000193,체인지업,ChangeUp,0,0,0,0,strike,equal_length,vb_flow_broken_either_way,1.236
20240630SSKT1-20240630SSKT1-030-02,20240630SSKT1-030,삼진,B,139.0,140.59,-0.03100000000000591,포심,Fastball,1,0,0,1,strike,equal_length,vb_flow_broken_either_way,1.4195402298850572
20240630SSKT1-20240630SSKT1-037-01,20240630SSKT1-037,투야선,B,130.0,131.619,-0.060000000000002274,투심,ChangeUp,0,0,0,0,strike,equal_length,vb_flow_undecided,0.683411214953271
20240630SSKT2-20240630SSKT2-018-02,20240630SSKT2-018,좌비,B,139.0,140.091,0.4679999999999893,포심,Fastball,1,0,1,0,strike,equal_length,vb_flow_undecided,0.7863083813179782
20240702HTSS0-20240702HTSS0-064-01,20240702HTSS0-064,삼진,B,140.0,142.16,-0.6009999999999991,투심,Fastball,0,0,0,0,strike,equal_length,vb_flow_supports_strike,1.0011031439602869
20240702HTSS0-20240702HTSS0-069-01,20240702HTSS0-069,이땅,B,134.0,135.947,-0.38800000000000523,슬라이더,Slider,0,0,0,0,strike,equal_length,vb_flow_supports_strike,1.404
20240702HTSS0-20240702HTSS0-069-02,20240702HTSS0-069,이땅,B,135.0,137.144,-0.585000000000008,슬라이더,Slider,1,0,0,1,strike,equal_length,vb_flow_supports_strike,1.4123957091775925
20240702HTSS0-20240702HTSS0-075-01,20240702HTSS0-075,일희,B,119.0,121.396,-0.8370000000000033,체인지업,ChangeUp,0,0,0,0,strike,equal_length,vb_flow_undecided,2.088
20240702KTHH0-20240702KTHH0-053-01,20240702KTHH0-053,일파,B,129.0,132.356,-1.796999999999997,슬라이더,Slider,0,0,0,0,strike,equal_length,vb_flow_undecided,0.20400000000000001
20240702KTHH0-20240702KTHH0-080-01,20240702KTHH0-080,좌이,B,134.0,136.854,-1.295000000000016,슬라이더,Slider,0,0,0,0,strike,equal_length,vb_flow_undecided,0.18965517241379315
20240703HTSS0-20240703HTSS0-030-05,20240703HTSS0-030,이땅,B,138.0,140.308,-0.7489999999999952,투심,Fastball,3,1,3,1,strike,equal_length,vb_flow_supports_strike,0.5687779910428664
20240703HTSS0-20240703HTSS0-037-01,20240703HTSS0-037,중안,B,133.0,135.402,-0.8429999999999893,커터,Slider,0,0,0,0,strike,equal_length,vb_flow_undecided,0.19865319865319866
20240703HTSS0-20240703HTSS0-052-02,20240703HTSS0-052,유땅,B,131.0,133.449,-0.8900000000000148,투심,Splitter,0,1,0,1,strike,equal_length,vb_flow_undecided,1.589338019917985
20240703HTSS0-20240703HTSS0-062-01,20240703HTSS0-062,삼진,B,144.0,146.852,-1.2930000000000064,포심,Sinker,0,0,0,0,strike,equal_length,vb_flow_broken_either_way,0.5162625665286814
20240703HTSS0-20240703HTSS0-062-03,20240703HTSS0-062,삼진,B,132.0,134.47,-0.9110000000000014,슬라이더,Slider,2,0,1,1,strike,equal_length,vb_flow_broken_either_way,0.37433471318746303
20240703LTOB0-20240703LTOB0-042-01,20240703LTOB0-042,삼진,B,129.0,130.556,0.002999999999985903,체인지업,Splitter,0,0,0,0,strike,equal_length,vb_flow_supports_strike,0.7327080890973037
20240709HTLG0-20240709HTLG0-027-01,20240709HTLG0-027,삼야선,B,124.0,125.559,0.0,커브,Curveball,0,0,0,0,strike,equal_length,vb_flow_undecided,0.624
20240709LTSK0-20240709LTSK0-066-01,20240709LTSK0-066,투희,B,141.0,141.817,0.7419999999999902,포심,Fastball,0,0,0,0,strike,equal_length,vb_flow_undecided,0.7166276346604217
20240710HTLG0-20240710HTLG0-022-02,20240710HTLG0-022,좌안,B,117.0,118.771,-0.2120000000000033,커브,Curveball,0,1,0,1,strike,equal_length,vb_flow_undecided,0.7882909520993496
20240710LTSK0-20240710LTSK0-021-04,20240710LTSK0-021,이야선,B,129.0,129.475,1.0840000000000032,슬라이더,Slider,2,1,2,1,strike,equal_length,vb_flow_supports_strike,0.8912280701754388
20240710LTSK0-20240710LTSK0-028-02,20240710LTSK0-028,삼진,B,112.0,112.982,0.5769999999999982,커브,Curveball,0,1,0,1,strike,equal_length,vb_flow_supports_strike,1.6863425925925928
20240710OBKT0-20240710OBKT0-071-01,20240710OBKT0-071,투땅,B,139.0,141.044,-0.48500000000001364,포심,Fastball,0,0,0,0,strike,equal_length,vb_flow_undecided,1.5196662693682956
20240711HHWO0-20240711HHWO0-083-01,20240711HHWO0-083,삼야선,B,134.0,135.906,-0.3470000000000084,슬라이더,Slider,0,0,0,0,strike,equal_length,vb_flow_undecided,0.756
20240711HTLG0-20240711HTLG0-053-02,20240711HTLG0-053,좌중안,B,142.0,143.521,0.038000000000010914,포심,Fastball,1,0,1,0,strike,equal_length,vb_flow_supports_strike,1.3441750443524538
20240711NCSS0-20240711NCSS0-020-01,20240711NCSS0-020,삼진,B,131.0,132.558,0.0010000000000047748,커터,Slider,0,0,0,0,strike,equal_length,vb_flow_supports_strike,0.72
20240711NCSS0-20240711NCSS0-069-01,20240711NCSS0-069,삼진,B,118.0,120.542,-0.9830000000000041,슬라이더,Curveball,0,0,0,0,strike,equal_length,vb_flow_supports_strike,0.659628918746001
20240712KTLT0-20240712KTLT0-070-01,20240712KTLT0-070,투희,B,147.0,148.783,-0.22399999999998954,투심,Sinker,0,0,0,0,strike,equal_length,vb_flow_undecided,0.06602059357964869
20240712KTLT0-20240712KTLT0-074-01,20240712KTLT0-074,삼진,B,139.0,140.053,0.5060000000000002,포심,Fastball,0,0,0,0,strike,equal_length,vb_flow_supports_strike,0.96
20240712LGHH0-20240712LGHH0-036-02,20240712LGHH0-036,좌비,B,138.0,141.372,-1.8130000000000166,슬라이더,Slider,1,0,1,0,strike,equal_length,vb_flow_undecided,0.8519999999999999
20240712SSOB0-20240712SSOB0-002-02,20240712SSOB0-002,우비,B,150.0,151.752,-0.19300000000001205,포심,Fastball,1,0,1,0,strike,equal_length,vb_flow_supports_strike,0.19836161497952043
20240712SSOB0-20240712SSOB0-034-01,20240712SSOB0-034,삼희,B,146.0,147.693,-0.13400000000001455,포심,Fastball,0,0,0,0,strike,equal_length,vb_flow_undecided,1.8479999999999999
20240712WONC0-20240712WONC0-006-01,20240712WONC0-006,삼진,B,137.0,138.016,0.5430000000000064,포심,Fastball,0,0,0,0,strike,equal_length,vb_flow_supports_strike,1.056
20240713KTLT0-20240713KTLT0-014-01,20240713KTLT0-014,유병,B,124.0,125.239,0.3199999999999932,슬라이더,Slider,0,0,0,0,strike,equal_length,vb_flow_undecided,0.948
20240713KTLT0-20240713KTLT0-054-02,20240713KTLT0-054,투희,B,124.0,125.677,-0.11800000000000921,슬라이더,Curveball,1,0,1,0,strike,equal_length,vb_flow_undecided,0.2629161882893227
20240713WONC0-20240713WONC0-026-01,20240713WONC0-026,삼진,B,139.0,140.629,-0.06999999999999318,포심,Fastball,0,0,0,0,strike,equal_length,vb_flow_supports_strike,0.22799999999999998
20240714LGHH0-20240714LGHH0-038-01,20240714LGHH0-038,중비,B,125.0,128.111,-1.5519999999999925,커브,Curveball,0,0,0,0,strike,equal_length,vb_flow_undecided,1.02
20240714SSOB0-20240714SSOB0-042-01,20240714SSOB0-042,삼진,B,141.0,142.791,-0.23199999999999932,포심,Fastball,0,0,0,0,strike,equal_length,vb_flow_supports_strike,0.8759999999999999
20240717KTWO0-20240717KTWO0-044-03,20240717KTWO0-044,삼진,B,121.0,122.582,-0.022999999999996135,체인지업,Splitter,1,1,1,1,strike,equal_length,vb_flow_supports_strike,0.9425149700598802
20240717SKLG0-20240717SKLG0-076-01,20240717SKLG0-076,일희,B,143.0,145.347,-0.7880000000000109,포심,Fastball,0,0,0,0,strike,equal_length,vb_flow_undecided,0.22799999999999998
20240718HHNC0-20240718HHNC0-065-01,20240718HHNC0-065,투희,B,143.0,144.449,0.10999999999998522,포심,Fastball,0,0,0,0,strike,equal_length,vb_flow_undecided,1.404
20240718KTWO0-20240718KTWO0-017-03,20240718KTWO0-017,삼땅,B,139.0,139.811,0.7479999999999905,슬라이더,Cutter,1,1,1,1,strike,equal_length,vb_flow_undecided,0.9873052510098095
20240718KTWO0-20240718KTWO0-091-01,20240718KTWO0-091,중비,B,137.0,139.052,-0.492999999999995,투심,Fastball,0,0,0,0,strike,equal_length,vb_flow_undecided,1.152
20240718KTWO0-20240718KTWO0-091-02,20240718KTWO0-091,중비,B,138.0,139.967,-0.40800000000001546,투심,ChangeUp,1,0,0,1,strike,equal_length,vb_flow_undecided,0.3383285302593659
20240719NCKT0-20240719NCKT0-041-01,20240719NCKT0-041,볼넷,B,128.0,130.231,-0.671999999999997,체인지업,Fastball,0,0,0,0,strike,equal_length,vb_flow_supports_strike,1.133408705483324
20240719OBLG0-20240719OBLG0-021-04,20240719OBLG0-021,삼진,B,123.0,124.668,-0.10900000000000887,체인지업,ChangeUp,2,1,2,1,strike,equal_length,vb_flow_supports_strike,1.272
20240719OBLG0-20240719OBLG0-063-01,20240719OBLG0-063,우안,B,146.0,147.962,-0.4029999999999916,포심,Fastball,0,0,0,0,strike,equal_length,vb_flow_undecided,0.732
20240721HTHH0-20240721HTHH0-074-03,20240721HTHH0-074,삼진,B,137.0,140.461,-1.9020000000000152,포심,Fastball,2,0,2,0,strike,equal_length,vb_flow_supports_strike,1.908
20240721NCKT0-20240721NCKT0-035-03,20240721NCKT0-035,우안,B,132.0,133.594,-0.03499999999999659,커터,Slider,2,0,2,0,strike,equal_length,vb_flow_supports_strike,0.336
20240721NCKT0-20240721NCKT0-047-03,20240721NCKT0-047,포파,B,110.0,111.025,0.5339999999999918,커브,Curveball,2,0,2,0,strike,equal_length,vb_flow_undecided,0.7037874505370266
20240721NCKT0-20240721NCKT0-055-02,20240721NCKT0-055,유야선,B,142.0,143.738,-0.17900000000000205,포심,Fastball,0,1,0,1,strike,equal_length,vb_flow_undecided,0.612
20240721NCKT0-20240721NCKT0-071-04,20240721NCKT0-071,볼넷,B,131.0,132.854,-0.2950000000000159,커터,Slider,2,1,2,1,strike,equal_length,vb_flow_supports_strike,1.0367604824813323
20240721OBLG0-20240721OBLG0-046-01,20240721OBLG0-046,삼진,B,134.0,135.094,0.4650000000000034,슬라이더,Slider,0,0,0,0,strike,equal_length,vb_flow_undecided,0.8399999999999999
20240721WOSK0-20240721WOSK0-034-01,20240721WOSK0-034,삼진,B,131.0,131.439,1.1200000000000045,슬라이더,Slider,0,0,0,0,strike,equal_length,vb_flow_supports_strike,0.792
20240723WOOB0-20240723WOOB0-047-01,20240723WOOB0-047,포희,B,148.0,149.716,-0.1570000000000107,포심,Fastball,0,0,0,0,strike,equal_length,vb_flow_undecided,1.2837045720984757
20240723WOOB0-20240723WOOB0-056-01,20240723WOOB0-056,삼땅,B,126.0,127.347,0.2120000000000033,슬라이더,Slider,0,0,0,0,strike,equal_length,vb_flow_undecided,1.7159999999999997
20240724SKKT0-20240724SKKT0-015-02,20240724SKKT0-015,투희,B,140.0,141.878,-0.3189999999999884,포심,Fastball,1,0,1,0,strike,equal_length,vb_flow_undecided,1.6131736526946108
20240724SKKT0-20240724SKKT0-034-01,20240724SKKT0-034,투희,B,140.0,142.483,-0.9240000000000066,투심,Sinker,0,0,0,0,strike,equal_length,vb_flow_undecided,1.212
20240724SKKT0-20240724SKKT0-038-01,20240724SKKT0-038,포희,B,122.0,123.184,0.375,체인지업,ChangeUp,0,0,0,0,strike,equal_length,vb_flow_undecided,0.9399884593191
20240724SKKT0-20240724SKKT0-054-01,20240724SKKT0-054,,B,147.0,149.017,-0.4579999999999984,투심,Sinker,0,0,0,0,strike,equal_length,no_result,1.404
20240724SKKT0-20240724SKKT0-059-01,20240724SKKT0-059,투희,B,141.0,143.691,-1.132000000000005,포심,Fastball,0,0,0,0,strike,equal_length,vb_flow_undecided,1.066935949221004
20240725LGLT0-20240725LGLT0-019-03,20240725LGLT0-019,우안,B,121.0,122.035,0.5240000000000009,커브,Curveball,1,1,1,1,strike,equal_length,vb_flow_undecided,0.6689814814814816
20240725LGLT0-20240725LGLT0-051-02,20240725LGLT0-051,유병,B,145.0,147.129,-0.5699999999999932,포심,Fastball,0,1,0,1,strike,equal_length,vb_flow_undecided,1.2821782178217822
20240725LGLT0-20240725LGLT0-081-01,20240725LGLT0-081,삼진,B,147.0,149.849,-1.289999999999992,포심,Fastball,0,0,0,0,strike,equal_length,vb_flow_broken_either_way,0.16164994425863996
20240725LGLT0-20240725LGLT0-081-02,20240725LGLT0-081,삼진,B,146.0,147.545,0.014000000000010004,포심,Fastball,1,0,0,1,strike,equal_length,vb_flow_broken_either_way,0.8160000000000001
20240726KTSS0-20240726KTSS0-015-02,20240726KTSS0-015,중비,B,138.0,139.72,-0.16100000000000136,포심,Fastball,0,1,0,1,strike,equal_length,vb_flow_undecided,0.514137334102712
20240726KTSS0-20240726KTSS0-049-03,20240726KTSS0-049,볼넷,B,127.0,130.308,-1.7489999999999952,슬라이더,Slider,1,1,1,1,strike,equal_length,vb_flow_supports_strike,0.96
20240726KTSS0-20240726KTSS0-053-01,20240726KTSS0-053,중비,B,127.0,129.046,-0.48699999999999477,체인지업,Splitter,0,0,0,0,strike,equal_length,vb_flow_undecided,0.168
20240726LTNC0-20240726LTNC0-001-01,20240726LTNC0-001,유땅,B,138.0,139.439,0.12000000000000455,포심,Fastball,0,0,0,0,strike,equal_length,vb_flow_undecided,1.1441550575408839
20240726LTNC0-20240726LTNC0-020-02,20240726LTNC0-020,삼진,B,121.0,121.547,1.0120000000000005,체인지업,ChangeUp,0,1,0,1,strike,equal_length,vb_flow_supports_strike,1.0000000000000002
20240727LTNC0-20240727LTNC0-029-01,20240727LTNC0-029,이땅,B,133.0,134.065,0.4939999999999998,포크,ChangeUp,0,0,0,0,strike,equal_length,vb_flow_undecided,1.4906570223025921
20240728HHLG0-20240728HHLG0-038-02,20240728HHLG0-038,좌비,B,143.0,144.037,0.5219999999999914,포심,Fastball,0,1,0,1,strike,equal_length,vb_flow_undecided,0.3168316831683171
20240728HHLG0-20240728HHLG0-069-01,20240728HHLG0-069,투땅,B,141.0,142.865,-0.3060000000000116,포심,Fastball,0,0,0,0,strike,equal_length,vb_flow_undecided,0.21599999999999997
20240728HTWO0-20240728HTWO0-023-01,20240728HTWO0-023,일땅,B,148.0,148.779,0.7800000000000011,투심,Fastball,0,0,0,0,strike,equal_length,vb_flow_undecided,0.5280898876404493
20240728HTWO0-20240728HTWO0-049-01,20240728HTWO0-049,삼병,B,135.0,136.614,-0.05500000000000682,체인지업,ChangeUp,0,0,0,0,strike,equal_length,vb_flow_undecided,0.804
20240728LTNC0-20240728LTNC0-055-02,20240728LTNC0-055,삼진,B,134.0,135.109,0.44999999999998863,체인지업,ChangeUp,0,1,0,1,strike,equal_length,vb_flow_supports_strike,1.416
20240728OBSK0-20240728OBSK0-054-01,20240728OBSK0-054,좌중홈,B,126.0,126.756,0.8029999999999973,슬라이더,Slider,0,0,0,0,strike,equal_length,vb_flow_undecided,0.605080831408776
20240728OBSK0-20240728OBSK0-054-02,20240728OBSK0-054,좌중홈,B,137.0,137.811,0.7479999999999905,포심,Fastball,1,0,0,1,strike,equal_length,vb_flow_undecided,0.9239999999999999
20240731HHKT0-20240731HHKT0-044-01,20240731HHKT0-044,우안,B,132.0,134.118,-0.5589999999999975,포심,ChangeUp,0,0,0,0,strike,equal_length,vb_flow_undecided,1.044
20240731LTSK0-20240731LTSK0-032-01,20240731LTSK0-032,우비,B,135.0,135.508,1.0509999999999877,포크,ChangeUp,0,0,0,0,strike,equal_length,vb_flow_undecided,0.5158501440922189
20240731LTSK0-20240731LTSK0-072-01,20240731LTSK0-072,이땅,B,135.0,135.204,1.3549999999999898,슬라이더,Slider,0,0,0,0,strike,equal_length,vb_flow_undecided,0.504
20240731LTSK0-20240731LTSK0-111-01,20240731LTSK0-111,사구,B,136.0,136.573,0.98599999999999,포심,Fastball,0,0,0,0,strike,equal_length,vb_flow_undecided,1.6630824372759854
20240801LTSK0-20240801LTSK0-037-01,20240801LTSK0-037,유비,B,134.0,134.259,1.3000000000000114,슬라이더,Slider,0,0,0,0,strike,equal_length,vb_flow_undecided,0.8748538011695903
20240801NCWO0-20240801NCWO0-064-02,20240801NCWO0-064,중안,B,143.0,144.671,-0.11199999999999477,포심,Fastball,1,0,1,0,strike,equal_length,vb_flow_undecided,0.279905715969358
20240802SKSS0-20240802SKSS0-024-01,20240802SKSS0-024,중안,B,139.0,142.388,-1.8290000000000077,포심,Fastball,0,0,0,0,strike,equal_length,vb_flow_undecided,0.6829971181556199
20240802WOOB0-20240802WOOB0-041-02,20240802WOOB0-041,삼진,B,145.0,146.64,-0.08099999999998886,포심,Fastball,0,1,0,1,strike,equal_length,vb_flow_supports_strike,1.2133645955451344
20240802WOOB0-20240802WOOB0-065-01,20240802WOOB0-065,삼야선,B,139.0,140.26,0.2990000000000066,포심,Fastball,0,0,0,0,strike,equal_length,vb_flow_undecided,0.41052631578947385
20240802WOOB0-20240802WOOB0-078-01,20240802WOOB0-078,중비,B,142.0,143.624,-0.06499999999999773,포심,Sinker,0,0,0,0,strike,equal_length,vb_flow_undecided,0.096
20240802WOOB0-20240802WOOB0-083-01,20240802WOOB0-083,투야선,B,143.0,144.874,-0.3149999999999977,포심,Fastball,0,0,0,0,strike,equal_length,vb_flow_undecided,1.1746130030959754
20240803HTHH0-20240803HTHH0-049-01,20240803HTHH0-049,유병,B,114.0,116.325,-0.7660000000000053,커브,Curveball,0,0,0,0,strike,equal_length,vb_flow_undecided,1.284
20240803SKSS0-20240803SKSS0-021-02,20240803SKSS0-021,삼진,B,140.0,142.72,-1.1610000000000014,투심,Fastball,0,1,0,1,strike,equal_length,vb_flow_supports_strike,1.464
20240803WOOB0-20240803WOOB0-013-03,20240803WOOB0-013,삼진,B,147.0,148.916,-0.3569999999999993,포심,Fastball,1,1,1,1,strike,equal_length,vb_flow_undecided,0.8673647469458985
20240804SKSS0-20240804SKSS0-056-02,20240804SKSS0-056,삼진,B,134.0,136.965,-1.406000000000006,슬라이더,Cutter,0,1,0,1,strike,equal_length,vb_flow_undecided,0.4309462915601022
20240806HHSS0-20240806HHSS0-016-01,20240806HHSS0-016,좌비,B,131.0,133.32,-0.7609999999999957,체인지업,ChangeUp,0,0,0,0,strike,equal_length,vb_flow_undecided,1.6054938632378724
20240806HHSS0-20240806HHSS0-016-02,20240806HHSS0-016,좌비,B,128.0,131.031,-1.4720000000000084,체인지업,ChangeUp,1,0,0,1,strike,equal_length,vb_flow_undecided,0.5569842197545296
20240806HHSS0-20240806HHSS0-035-03,20240806HHSS0-035,좌비,B,144.0,147.041,-1.4819999999999993,포심,Fastball,1,1,1,1,strike,equal_length,vb_flow_undecided,1.1586692258477285
20240806HHSS0-20240806HHSS0-050-02,20240806HHSS0-050,포희,B,127.0,129.734,-1.1750000000000114,포크,Splitter,1,0,1,0,strike,equal_length,vb_flow_undecided,1.188
20240806HHSS0-20240806HHSS0-073-01,20240806HHSS0-073,삼진,B,133.0,134.938,-0.3789999999999907,슬라이더,Slider,0,0,0,0,strike,equal_length,vb_flow_undecided,0.8160000000000001
20240806LGOB0-20240806LGOB0-032-01,20240806LGOB0-032,우비,B,142.0,143.485,0.07399999999998386,포심,Fastball,0,0,0,0,strike,equal_length,vb_flow_supports_strike,1.5532934131736529
20240806LGOB0-20240806LGOB0-079-01,20240806LGOB0-079,투희,B,139.0,140.533,0.02600000000001046,포심,Fastball,0,0,0,0,strike,equal_length,vb_flow_undecided,1.104
20240806NCLT0-20240806NCLT0-068-03,20240806NCLT0-068,삼진,B,143.0,145.064,-0.5049999999999955,포심,Fastball,1,1,1,1,strike,equal_length,vb_flow_supports_strike,0.9359999999999999
20240806SKWO0-20240806SKWO0-004-01,20240806SKWO0-004,유땅,B,139.0,139.225,1.3340000000000032,슬라이더,Slider,0,0,0,0,strike,equal_length,vb_flow_undecided,0.384
20240807LGOB0-20240807LGOB0-023-03,20240807LGOB0-023,이내안,B,150.0,151.356,0.20300000000000296,포심,Fastball,1,1,1,1,strike,equal_length,vb_flow_undecided,0.24
20240807SKWO0-20240807SKWO0-068-01,20240807SKWO0-068,투희,B,137.0,138.708,-0.1490000000000009,포심,Fastball,0,0,0,0,strike,equal_length,vb_flow_undecided,1.404
20240809NCLG0-20240809NCLG0-017-01,20240809NCLG0-017,삼진,B,140.0,141.619,-0.060000000000002274,투심,Fastball,0,0,0,0,strike,equal_length,vb_flow_undecided,1.14
20240809OBSK0-20240809OBSK0-052-02,20240809OBSK0-052,좌안,B,146.0,146.423,1.1359999999999957,포심,Fastball,1,0,1,0,strike,equal_length,vb_flow_undecided,0.9959999999999999
20240809OBSK0-20240809OBSK0-056-03,20240809OBSK0-056,유땅,B,141.0,141.246,1.3129999999999882,포심,Fastball,1,1,1,1,strike,equal_length,vb_flow_undecided,0.516
20240810LTKT0-20240810LTKT0-017-03,20240810LTKT0-017,우비,B,138.0,139.104,0.4549999999999841,포심,Fastball,1,1,1,1,strike,equal_length,vb_flow_undecided,0.7201695941853417
20240810NCLG0-20240810NCLG0-008-01,20240810NCLG0-008,삼파,B,131.0,132.11,0.44899999999998386,체인지업,ChangeUp,0,0,0,0,strike,equal_length,vb_flow_supports_strike,0.564
20240810NCLG0-20240810NCLG0-037-02,20240810NCLG0-037,유야선,B,146.0,147.34,0.2189999999999941,포심,Fastball,0,1,0,1,strike,equal_length,vb_flow_undecided,0.4282178217821783
20240810OBSK0-20240810OBSK0-025-01,20240810OBSK0-025,우이,B,128.0,127.931,1.6280000000000001,슬라이더,Slider,0,0,0,0,strike,equal_length,vb_flow_undecided,0.43199999999999994
20240810OBSK0-20240810OBSK0-064-02,20240810OBSK0-064,볼넷,B,126.0,126.867,0.6919999999999931,포크,Splitter,1,0,1,0,strike,equal_length,vb_flow_broken_either_way,1.1803374054682954
20240810OBSK0-20240810OBSK0-064-03,20240810OBSK0-064,볼넷,B,124.0,125.09,0.4689999999999941,포크,Splitter,2,0,1,1,strike,equal_length,vb_flow_broken_either_way,0.7149505526468878
20240810OBSK0-20240810OBSK0-071-01,20240810OBSK0-071,유땅,B,142.0,143.137,0.42199999999999704,포심,Fastball,0,0,0,0,strike,equal_length,vb_flow_undecided,1.092
20240811NCLG0-20240811NCLG0-044-01,20240811NCLG0-044,우안,B,141.0,142.627,-0.06800000000001205,포심,Fastball,0,0,0,0,strike,equal_length,vb_flow_undecided,0.6839999999999999
20240813HTWO0-20240813HTWO0-048-02,20240813HTWO0-048,중안,B,122.0,122.558,1.0009999999999906,커브,Curveball,0,1,0,1,strike,equal_length,vb_flow_undecided,1.7873417721518987
20240814HTWO0-20240814HTWO0-002-02,20240814HTWO0-002,삼진,B,146.0,147.464,0.09499999999999886,포심,Fastball,0,1,0,1,strike,equal_length,vb_flow_undecided,0.9721518987341776
20240814HTWO0-20240814HTWO0-048-01,20240814HTWO0-048,중비,B,139.0,139.352,1.2069999999999936,커터,Slider,0,0,0,0,strike,equal_length,vb_flow_undecided,0.784742755765819
20240814KTSS0-20240814KTSS0-016-01,20240814KTSS0-016,좌안,B,141.0,143.847,-1.288000000000011,포심,Fastball,0,0,0,0,strike,equal_length,vb_flow_undecided,0.21292556260819426
20240814KTSS0-20240814KTSS0-045-01,20240814KTSS0-045,삼진,B,135.0,137.098,-0.5390000000000157,커터,Slider,0,0,0,0,strike,equal_length,vb_flow_undecided,0.8444045481747461
20240814KTSS0-20240814KTSS0-050-02,20240814KTSS0-050,볼넷,B,143.0,145.587,-1.0279999999999916,포심,Fastball,0,1,0,1,strike,equal_length,vb_flow_supports_strike,1.4154476301930956
20240814KTSS0-20240814KTSS0-057-02,20240814KTSS0-057,삼진,B,124.0,126.922,-1.3629999999999995,체인지업,ChangeUp,0,1,0,1,strike,equal_length,vb_flow_undecided,0.20400000000000001
20240815HTWO0-20240815HTWO0-042-01,20240815HTWO0-042,좌파,B,135.0,136.255,0.30400000000000205,포심,Fastball,0,0,0,0,strike,equal_length,vb_flow_undecided,1.3401519579193455
20240816HHSK0-20240816HHSK0-043-01,20240816HHSK0-043,이땅,B,148.0,148.678,0.8810000000000002,포심,Fastball,0,0,0,0,strike,equal_length,vb_flow_undecided,0.252
20240816OBKT0-20240816OBKT0-064-03,20240816OBKT0-064,삼진,B,125.0,126.623,-0.06400000000000716,슬라이더,Curveball,1,1,1,1,strike,equal_length,vb_flow_supports_strike,0.504
20240816SSNC0-20240816SSNC0-052-01,20240816SSNC0-052,삼희,B,129.0,129.563,0.9960000000000093,슬라이더,Slider,0,0,0,0,strike,equal_length,vb_flow_undecided,1.1648158971361777
20240816SSNC0-20240816SSNC0-063-03,20240816SSNC0-063,이땅,B,136.0,136.661,0.8979999999999961,포심,Fastball,2,0,2,0,strike,equal_length,vb_flow_supports_strike,0.8299827685238365
20240817HHSK0-20240817HHSK0-053-02,20240817HHSK0-053,이땅,B,126.0,126.667,0.8919999999999959,포크,Splitter,1,0,1,0,strike,equal_length,vb_flow_undecided,1.3380601247872945
20240817OBKT0-20240817OBKT0-061-02,20240817OBKT0-061,투희,B,135.0,137.027,-0.4679999999999893,슬라이더,Slider,1,0,1,0,strike,equal_length,vb_flow_undecided,1.1313012895662369
20240817SSNC0-20240817SSNC0-034-01,20240817SSNC0-034,유비,B,138.0,137.665,1.8940000000000055,포심,Fastball,0,0,0,0,strike,equal_length,vb_flow_undecided,0.41999999999999993
20240817WOLT0-20240817WOLT0-039-01,20240817WOLT0-039,좌안,B,145.0,145.939,0.6200000000000045,포심,Fastball,0,0,0,0,strike,equal_length,vb_flow_supports_strike,0.5933214072748958
20240818HTLG0-20240818HTLG0-054-01,20240818HTLG0-054,삼진,B,145.0,144.845,1.7139999999999986,포심,Fastball,0,0,0,0,strike,equal_length,vb_flow_supports_strike,1.7221297836938436
20240818OBKT0-20240818OBKT0-037-02,20240818OBKT0-037,포야선,B,129.0,131.363,-0.804000000000002,체인지업,Fastball,1,0,1,0,strike,equal_length,vb_flow_undecided,1.164
20240818SSNC0-20240818SSNC0-053-01,20240818SSNC0-053,삼땅,B,138.0,138.726,0.8329999999999984,포심,Fastball,0,0,0,0,strike,equal_length,vb_flow_undecided,0.24
20240821SKLG0-20240821SKLG0-008-03,20240821SKLG0-008,삼땅,B,149.0,150.823,-0.26400000000001,포심,Fastball,1,1,1,1,strike,equal_length,vb_flow_undecided,0.5643564356435643
20240822SKLG0-20240822SKLG0-017-01,20240822SKLG0-017,볼넷,B,142.0,143.985,-0.42600000000001614,포심,Fastball,0,0,0,0,strike,equal_length,vb_flow_supports_strike,0.6509900990099012
20240822SKLG0-20240822SKLG0-032-03,20240822SKLG0-032,유병,B,145.0,147.102,-0.5430000000000064,포심,Fastball,1,1,1,1,strike,equal_length,vb_flow_undecided,0.9988144635447539
20240822WOKT0-20240822WOKT0-038-03,20240822WOKT0-038,중비,B,133.0,135.167,-0.6080000000000041,포심,Fastball,1,1,1,1,strike,equal_length,vb_flow_supports_strike,0.24754760530871336
20240823HTNC0-20240823HTNC0-037-03,20240823HTNC0-037,삼진,B,133.0,133.203,1.3559999999999945,슬라이더,Slider,1,1,1,1,strike,equal_length,vb_flow_undecided,0.348
20240823KTSK0-20240823KTSK0-015-01,20240823KTSK0-015,일파,B,132.0,132.517,1.0420000000000016,슬라이더,Slider,0,0,0,0,strike,equal_length,vb_flow_undecided,0.8759999999999999
20240823LGWO0-20240823LGWO0-038-01,20240823LGWO0-038,이땅,B,132.0,132.599,0.960000000000008,포크,ChangeUp,0,0,0,0,strike,equal_length,vb_flow_undecided,0.756
20240824HHOB0-20240824HHOB0-055-01,20240824HHOB0-055,이땅,B,133.0,134.701,-0.1419999999999959,슬라이더,Slider,0,0,0,0,strike,equal_length,vb_flow_undecided,0.48
20240824HTNC0-20240824HTNC0-054-01,20240824HTNC0-054,투희,B,145.0,145.123,1.436000000000007,투심,Fastball,0,0,0,0,strike,equal_length,vb_flow_undecided,0.5160382667416994
20240824KTSK0-20240824KTSK0-002-01,20240824KTSK0-002,이땅,B,132.0,132.587,0.9720000000000084,슬라이더,Slider,0,0,0,0,strike,equal_length,vb_flow_undecided,0.8279999999999998
20240824KTSK0-20240824KTSK0-044-01,20240824KTSK0-044,유내안,B,130.0,130.656,0.9029999999999916,슬라이더,Slider,0,0,0,0,strike,equal_length,vb_flow_undecided,0.6514714368147723
20240825HTNC0-20240825HTNC0-027-03,20240825HTNC0-027,유IFO,B,131.0,132.172,0.38700000000000045,포크,ChangeUp,1,1,1,1,strike,equal_length,vb_flow_undecided,1.3617910447761195
20240825HTNC0-20240825HTNC0-040-01,20240825HTNC0-040,삼진,B,138.0,138.796,0.7630000000000052,투심,ChangeUp,0,0,0,0,strike,equal_length,vb_flow_supports_strike,1.4151898734177222
20240825LTSS0-20240825LTSS0-062-03,20240825LTSS0-062,이땅,B,129.0,131.575,-1.0159999999999911,슬라이더,Slider,1,1,1,1,strike,equal_length,vb_flow_undecided,1.4603270745003032
20240827KTLG0-20240827KTLG0-019-01,20240827KTLG0-019,,B,138.0,139.272,0.28700000000000614,커터,Slider,0,0,0,0,strike,equal_length,no_result,1.2684401451027811
20240827KTLG0-20240827KTLG0-059-03,20240827KTLG0-059,좌안,B,144.0,146.097,-0.5380000000000109,포심,Fastball,1,1,1,1,strike,equal_length,vb_flow_undecided,1.3688118811881191
20240827OBNC0-20240827OBNC0-037-02,20240827OBNC0-037,중비,B,139.0,140.802,-0.242999999999995,포심,Fastball,0,1,0,1,strike,equal_length,vb_flow_undecided,1.014067995310668
20240828HHLT0-20240828HHLT0-010-01,20240828HHLT0-010,삼진,B,127.0,128.216,0.3429999999999893,체인지업,ChangeUp,0,0,0,0,strike,equal_length,vb_flow_supports_strike,1.599402985074627
20240828HHLT0-20240828HHLT0-048-01,20240828HHLT0-048,일병,B,140.0,140.808,0.7510000000000048,포심,Fastball,0,0,0,0,strike,equal_length,vb_flow_undecided,0.4072790294627383
20240828HHLT0-20240828HHLT0-048-02,20240828HHLT0-048,일병,B,126.0,127.611,-0.05200000000000671,슬라이더,Slider,1,0,0,1,strike,equal_length,vb_flow_undecided,1.488
20240828HHLT0-20240828HHLT0-055-01,20240828HHLT0-055,우중안,B,142.0,143.725,-0.16599999999999682,투심,Fastball,0,0,0,0,strike,equal_length,vb_flow_undecided,0.6571428571428567
20240828KTLG0-20240828KTLG0-048-02,20240828KTLG0-048,삼진,B,126.0,127.707,-0.14799999999999613,슬라이더,Curveball,0,1,0,1,strike,equal_length,vb_flow_undecided,0.276
20240828OBNC0-20240828OBNC0-064-03,20240828OBNC0-064,삼땅,B,142.0,143.304,0.25499999999999545,포심,Fastball,1,1,1,1,strike,equal_length,vb_flow_undecided,0.9414176918570587
20240828SSWO0-20240828SSWO0-044-01,20240828SSWO0-044,중안,B,143.0,144.831,-0.27199999999999136,포심,Fastball,0,0,0,0,strike,equal_length,vb_flow_undecided,0.44399999999999995
20240829HHLT0-20240829HHLT0-003-02,20240829HHLT0-003,중비,B,137.0,137.769,0.789999999999992,체인지업,ChangeUp,0,1,0,1,strike,equal_length,vb_flow_undecided,0.5282906491959498
20240829KTLG0-20240829KTLG0-003-02,20240829KTLG0-003,좌비,B,142.0,143.337,0.2220000000000084,포심,Fastball,1,0,1,0,strike,equal_length,vb_flow_supports_strike,0.8402234636871512
20240829KTLG0-20240829KTLG0-003-03,20240829KTLG0-003,좌비,B,144.0,144.689,0.8700000000000045,포심,Fastball,2,0,1,1,strike,equal_length,vb_flow_supports_strike,0.612
20240829KTLG0-20240829KTLG0-032-01,20240829KTLG0-032,일내안,B,136.0,137.732,-0.17300000000000182,포심,Slider,0,0,0,0,strike,equal_length,vb_flow_undecided,2.439421338155516
20240829KTLG0-20240829KTLG0-033-02,20240829KTLG0-033,삼야선,B,134.0,135.558,0.0010000000000047748,슬라이더,Slider,0,1,0,1,strike,equal_length,vb_flow_undecided,1.160415464512406
20240829KTLG0-20240829KTLG0-047-01,20240829KTLG0-047,우비,B,131.0,132.046,0.5130000000000052,포심,ChangeUp,0,0,0,0,strike,equal_length,vb_flow_supports_strike,0.9590403744880047
20240829KTLG0-20240829KTLG0-056-01,20240829KTLG0-056,이땅,B,141.0,142.743,-0.1839999999999975,포심,Sinker,0,0,0,0,strike,equal_length,vb_flow_undecided,0.696
20240829OBNC0-20240829OBNC0-021-02,20240829OBNC0-021,좌안,B,116.0,116.454,1.105000000000004,커브,Curveball,0,1,0,1,strike,equal_length,vb_flow_undecided,0.504
20240829OBNC0-20240829OBNC0-039-03,20240829OBNC0-039,중안,B,144.0,145.837,-0.2779999999999916,투심,Fastball,1,1,1,1,strike,equal_length,vb_flow_supports_strike,0.54
20240829OBNC0-20240829OBNC0-055-03,20240829OBNC0-055,좌안,B,145.0,146.548,0.01099999999999568,포심,Fastball,1,1,1,1,strike,equal_length,vb_flow_undecided,0.5081598199212153
20240829SSWO0-20240829SSWO0-073-02,20240829SSWO0-073,삼진,B,140.0,141.133,0.4259999999999877,포심,Fastball,1,0,1,0,strike,equal_length,vb_flow_undecided,0.624
20240831KTHH0-20240831KTHH0-025-01,20240831KTHH0-025,삼땅,B,120.0,122.883,-1.323999999999998,체인지업,ChangeUp,0,0,0,0,strike,equal_length,vb_flow_undecided,0.7184579439252338
20240831KTHH0-20240831KTHH0-052-02,20240831KTHH0-052,삼진,B,123.0,125.948,-1.3889999999999958,슬라이더,Curveball,0,1,0,1,strike,equal_length,vb_flow_supports_strike,1.152
20240901LTOB0-20240901LTOB0-002-01,20240901LTOB0-002,삼진,B,147.0,148.843,-0.2839999999999918,포심,Fastball,0,0,0,0,strike,equal_length,vb_flow_supports_strike,1.7463848720800894
20240901LTOB0-20240901LTOB0-041-03,20240901LTOB0-041,삼진,B,143.0,144.812,-0.2530000000000143,포심,Sinker,1,1,1,1,strike,equal_length,vb_flow_supports_strike,0.504
20240903LTSS0-20240903LTSS0-021-01,20240903LTSS0-021,포희,B,123.0,125.086,-0.527000000000001,체인지업,ChangeUp,0,0,0,0,strike,equal_length,vb_flow_undecided,1.512
20240903OBHH0-20240903OBHH0-033-01,20240903OBHH0-033,삼진,B,130.0,133.103,-1.5440000000000111,슬라이더,Slider,0,0,0,0,strike,equal_length,vb_flow_broken_either_way,0.8279999999999998
20240903OBHH0-20240903OBHH0-033-02,20240903OBHH0-033,삼진,B,130.0,132.529,-0.9699999999999989,슬라이더,Slider,1,0,0,1,strike,equal_length,vb_flow_broken_either_way,1.0961313012895664
20240903WONC0-20240903WONC0-006-02,20240903WONC0-006,사구,B,135.0,135.981,0.578000000000003,슬라이더,Slider,1,0,1,0,strike,equal_length,vb_flow_undecided,0.4317647058823529
20240904KTLT0-20240904KTLT0-048-03,20240904KTLT0-048,삼진,B,139.0,141.972,-1.413000000000011,투심,Splitter,1,1,1,1,strike,equal_length,vb_flow_supports_strike,0.9399884593191
20240904KTLT0-20240904KTLT0-054-03,20240904KTLT0-054,중안,B,148.0,149.543,0.015999999999991132,투심,Sinker,1,1,1,1,strike,equal_length,vb_flow_undecided,0.0861380490587563
20240904OBSS0-20240904OBSS0-018-02,20240904OBSS0-018,투희,B,139.0,141.92,-1.36099999999999,포심,Sinker,1,0,1,0,strike,equal_length,vb_flow_undecided,0.804
20240904OBSS0-20240904OBSS0-063-02,20240904OBSS0-063,이땅,B,121.0,123.782,-1.222999999999999,커브,Curveball,0,1,0,1,strike,equal_length,vb_flow_undecided,1.416
20240905KTLT0-20240905KTLT0-023-01,20240905KTLT0-023,삼진,B,143.0,145.304,-0.7450000000000045,포심,Fastball,0,0,0,0,strike,equal_length,vb_flow_undecided,0.3052510098095787
20240905SKLG0-20240905SKLG0-041-02,20240905SKLG0-041,중안,B,124.0,124.961,0.597999999999999,체인지업,ChangeUp,0,1,0,1,strike,equal_length,vb_flow_undecided,0.5353658536585367
20240905SKLG0-20240905SKLG0-068-02,20240905SKLG0-068,삼진,B,121.0,122.313,0.2459999999999951,체인지업,ChangeUp,0,1,0,1,strike,equal_length,vb_flow_undecided,0.7513013302486988
20240905WONC0-20240905WONC0-011-03,20240905WONC0-011,볼넷,B,135.0,136.238,0.32099999999999795,포심,ChangeUp,2,0,2,0,strike,equal_length,vb_flow_supports_strike,1.236
20240905WONC0-20240905WONC0-017-01,20240905WONC0-017,포파,B,135.0,135.629,0.9300000000000068,포심,Fastball,0,0,0,0,strike,equal_length,vb_flow_undecided,1.7159999999999997
20240907HHLG0-20240907HHLG0-065-04,20240907HHLG0-065,이내안,B,146.0,147.467,0.09199999999998454,포심,Sinker,2,1,2,1,strike,equal_length,vb_flow_supports_strike,0.348
20240907HHLG0-20240907HHLG0-066-02,20240907HHLG0-066,중안,B,146.0,146.927,0.632000000000005,포심,Fastball,1,0,1,0,strike,equal_length,vb_flow_supports_strike,1.02
20240907OBKT0-20240907OBKT0-019-01,20240907OBKT0-019,사구,B,138.0,139.557,0.0020000000000095497,커터,Cutter,0,0,0,0,strike,equal_length,vb_flow_undecided,1.8106824925816027
20240907OBKT0-20240907OBKT0-029-01,20240907OBKT0-029,중안,B,147.0,148.799,-0.2400000000000091,투심,Sinker,0,0,0,0,strike,equal_length,vb_flow_undecided,0.7561547479484174
20240907SKLT0-20240907SKLT0-023-02,20240907SKLT0-023,포야선,B,145.0,146.192,0.3669999999999902,포심,Fastball,1,0,1,0,strike,equal_length,vb_flow_undecided,0.20843989769821003
20240907SKLT0-20240907SKLT0-051-02,20240907SKLT0-051,삼진,B,129.0,129.829,0.7299999999999898,포크,Splitter,0,1,0,1,strike,equal_length,vb_flow_supports_strike,0.672
20240907SKLT0-20240907SKLT0-069-01,20240907SKLT0-069,좌비,B,128.0,129.836,-0.27700000000001523,포크,Splitter,0,0,0,0,strike,equal_length,vb_flow_undecided,0.7634271099744245
20240907SKLT0-20240907SKLT0-089-03,20240907SKLT0-089,삼진,B,144.0,145.035,0.5240000000000009,투심,Sinker,1,1,1,1,strike,equal_length,vb_flow_supports_strike,0.576
20240908HHLG0-20240908HHLG0-017-01,20240908HHLG0-017,사구,B,140.0,140.968,0.5910000000000082,포심,Fastball,0,0,0,0,strike,equal_length,vb_flow_broken_either_way,0.588
20240908HHLG0-20240908HHLG0-017-05,20240908HHLG0-017,사구,B,137.0,139.343,-0.7839999999999918,포심,Fastball,3,0,3,1,strike,equal_length,vb_flow_broken_either_way,0.6541717049576783
20240908SKLT0-20240908SKLT0-028-01,20240908SKLT0-028,유라,B,141.0,143.164,-0.6049999999999898,포심,Fastball,0,0,0,0,strike,equal_length,vb_flow_undecided,0.5673799884326199
20240908SKLT0-20240908SKLT0-031-01,20240908SKLT0-031,중홈,B,141.0,143.99,-1.4310000000000116,포심,Fastball,0,0,0,0,strike,equal_length,vb_flow_undecided,0.624
20240911NCKT0-20240911NCKT0-024-01,20240911NCKT0-024,투땅,B,120.0,121.357,0.20199999999999818,체인지업,ChangeUp,0,0,0,0,strike,equal_length,vb_flow_undecided,0.96
20240911NCKT0-20240911NCKT0-028-01,20240911NCKT0-028,투희,B,143.0,145.614,-1.0550000000000068,포심,Fastball,0,0,0,0,strike,equal_length,vb_flow_undecided,0.072
20240911WOLG0-20240911WOLG0-065-02,20240911WOLG0-065,투희,B,135.0,136.081,0.47800000000000864,포심,Fastball,1,0,1,0,strike,equal_length,vb_flow_undecided,1.571258199165176
20240914KTOB0-20240914KTOB0-018-01,20240914KTOB0-018,투희,B,132.0,134.341,-0.7820000000000107,슬라이더,Slider,0,0,0,0,strike,equal_length,vb_flow_undecided,0.534293948126801
20240914KTOB0-20240914KTOB0-042-01,20240914KTOB0-042,유병,B,147.0,148.346,0.21299999999999386,포심,Fastball,0,0,0,0,strike,equal_length,vb_flow_undecided,0.804
20240914KTOB0-20240914KTOB0-060-03,20240914KTOB0-060,우비,B,142.0,143.923,-0.3640000000000043,포심,Fastball,1,1,1,1,strike,equal_length,vb_flow_undecided,0.528
20240914LGNC0-20240914LGNC0-078-01,20240914LGNC0-078,일희,B,136.0,136.554,1.0049999999999955,투심,Splitter,0,0,0,0,strike,equal_length,vb_flow_undecided,0.588
20240914SSSK0-20240914SSSK0-066-02,20240914SSSK0-066,유라,B,143.0,143.869,0.6899999999999977,포심,Sinker,1,0,1,0,strike,equal_length,vb_flow_undecided,0.672
20240915HHLT0-20240915HHLT0-055-01,20240915HHLT0-055,볼넷,B,136.0,137.801,-0.24199999999999022,슬라이더,Cutter,0,0,0,0,strike,equal_length,vb_flow_supports_strike,2.292
20240915LGNC0-20240915LGNC0-028-01,20240915LGNC0-028,삼진,B,123.0,123.938,0.6209999999999951,슬라이더,Slider,0,0,0,0,strike,equal_length,vb_flow_supports_strike,0.36
20240915LGNC0-20240915LGNC0-057-01,20240915LGNC0-057,좌안,B,121.0,122.359,0.20000000000000284,체인지업,ChangeUp,0,0,0,0,strike,equal_length,vb_flow_supports_strike,0.348
20240915LGNC0-20240915LGNC0-057-04,20240915LGNC0-057,좌안,B,135.0,134.912,1.6469999999999914,포심,Fastball,3,0,2,1,strike,equal_length,vb_flow_supports_strike,1.512
20240915SSSK0-20240915SSSK0-002-01,20240915SSSK0-002,우비,B,134.0,134.691,0.867999999999995,체인지업,ChangeUp,0,0,0,0,strike,equal_length,vb_flow_undecided,1.284
20240916WOOB0-20240916WOOB0-004-02,20240916WOOB0-004,좌안,B,141.0,142.568,-0.009000000000014552,포심,Fastball,0,1,0,1,strike,equal_length,vb_flow_undecided,1.0502994011976046
20240916WOOB0-20240916WOOB0-040-03,20240916WOOB0-040,중비,B,138.0,139.548,0.01099999999999568,포심,Fastball,1,1,1,1,strike,equal_length,vb_flow_undecided,1.365767878077374
20240917HHNC0-20240917HHNC0-022-01,20240917HHNC0-022,일땅,B,121.0,121.771,0.7879999999999967,체인지업,ChangeUp,0,0,0,0,strike,equal_length,vb_flow_undecided,0.54
20240917HHNC0-20240917HHNC0-055-01,20240917HHNC0-055,좌안,B,130.0,130.858,0.7009999999999934,슬라이더,Slider,0,0,0,0,strike,equal_length,vb_flow_undecided,0.26727828746177335
20240917KTWO0-20240917KTWO0-056-01,20240917KTWO0-056,삼진,B,138.0,140.249,-0.6899999999999977,투심,Fastball,0,0,0,0,strike,equal_length,vb_flow_undecided,0.6265129682997117
20240917KTWO0-20240917KTWO0-056-02,20240917KTWO0-056,삼진,B,126.0,127.816,-0.257000000000005,슬라이더,Slider,1,0,0,1,strike,equal_length,vb_flow_undecided,0.730259365994236
20240917SSOB0-20240917SSOB0-005-02,20240917SSOB0-005,삼진,B,130.0,131.447,0.11199999999999477,슬라이더,Slider,0,1,0,1,strike,equal_length,vb_flow_supports_strike,0.35089820359281454
20240918LGLT0-20240918LGLT0-041-01,20240918LGLT0-041,삼진,B,130.0,130.815,0.7439999999999998,체인지업,ChangeUp,0,0,0,0,strike,equal_length,vb_flow_supports_strike,0.8879999999999999
20240918LGLT0-20240918LGLT0-071-02,20240918LGLT0-071,우안,B,142.0,143.201,0.3580000000000041,포심,Fastball,1,0,1,0,strike,equal_length,vb_flow_undecided,0.625971143174251
20240918SSKT0-20240918SSKT0-038-01,20240918SSKT0-038,우안,B,139.0,140.597,-0.038000000000010914,포심,Fastball,0,0,0,0,strike,equal_length,vb_flow_undecided,1.3649546827794556
20240918SSKT0-20240918SSKT0-050-01,20240918SSKT0-050,삼희,B,137.0,139.127,-0.568000000000012,포심,Fastball,0,0,0,0,strike,equal_length,vb_flow_undecided,1.3679999999999999
20240919HHNC0-20240919HHNC0-051-01,20240919HHNC0-051,투희,B,142.0,142.799,0.7599999999999909,포심,Sinker,0,0,0,0,strike,equal_length,vb_flow_undecided,0.8639999999999999
20240919HTOB0-20240919HTOB0-052-01,20240919HTOB0-052,삼실,B,120.0,121.73,-0.17100000000000648,체인지업,ChangeUp,0,0,0,0,strike,equal_length,vb_flow_undecided,0.43199999999999994
20240919HTOB0-20240919HTOB0-052-02,20240919HTOB0-052,삼실,B,126.0,127.329,0.23000000000000398,슬라이더,Slider,1,0,0,1,strike,equal_length,vb_flow_undecided,0.36
20240919LGLT0-20240919LGLT0-049-03,20240919LGLT0-049,삼진,B,131.0,132.177,0.382000000000005,포크,Splitter,1,1,1,1,strike,equal_length,vb_flow_supports_strike,0.4837962962962965
20240921SKKT0-20240921SKKT0-028-01,20240921SKKT0-028,이병,B,130.0,131.842,-0.28300000000001546,포심,ChangeUp,0,0,0,0,strike,equal_length,vb_flow_undecided,0.8759999999999999
20240921SKKT0-20240921SKKT0-028-02,20240921SKKT0-028,이병,B,131.0,133.207,-0.6479999999999961,포심,ChangeUp,1,0,0,1,strike,equal_length,vb_flow_undecided,0.504
20240921SKKT0-20240921SKKT0-054-03,20240921SKKT0-054,좌안,B,137.0,138.491,0.06799999999998363,체인지업,ChangeUp,1,1,1,1,strike,equal_length,vb_flow_undecided,0.8834391229082513
20240922OBLG0-20240922OBLG0-006-01,20240922OBLG0-006,사구,B,148.0,149.989,-0.4300000000000068,포심,Fastball,0,0,0,0,strike,equal_length,vb_flow_undecided,0.46799999999999997
20240923SKOB0-20240923SKOB0-018-02,20240923SKOB0-018,우이,B,116.0,116.772,0.7869999999999919,커브,Curveball,0,1,0,1,strike,equal_length,vb_flow_supports_strike,1.6559999999999997
20240924HHWO0-20240924HHWO0-036-01,20240924HHWO0-036,삼진,B,150.0,151.655,-0.09600000000000364,포심,Fastball,0,0,0,0,strike,equal_length,vb_flow_undecided,0.4292537313432838
20240924HHWO0-20240924HHWO0-036-02,20240924HHWO0-036,삼진,B,151.0,151.81,0.7489999999999952,포심,Fastball,1,0,0,1,strike,equal_length,vb_flow_undecided,0.324
20240924LGSK0-20240924LGSK0-014-01,20240924LGSK0-014,볼넷,B,141.0,141.741,0.8179999999999836,포심,Sinker,0,0,0,0,strike,equal_length,vb_flow_supports_strike,0.44399999999999995
20240924LTKT0-20240924LTKT0-047-01,20240924LTKT0-047,투BO,B,140.0,141.219,0.3400000000000034,포심,Fastball,0,0,0,0,strike,equal_length,vb_flow_undecided,0.528
20240924NCOB0-20240924NCOB0-029-01,20240924NCOB0-029,삼희,B,135.0,136.631,-0.07200000000000273,포심,Fastball,0,0,0,0,strike,equal_length,vb_flow_undecided,1.7442949093036861
20240925SKNC0-20240925SKNC0-033-01,20240925SKNC0-033,삼진,B,132.0,132.725,0.8340000000000032,체인지업,ChangeUp,0,0,0,0,strike,equal_length,vb_flow_supports_strike,1.354561101549053
20240926OBLT0-20240926OBLT0-002-01,20240926OBLT0-002,우안,B,136.0,138.134,-0.5749999999999886,슬라이더,Slider,0,0,0,0,strike,equal_length,vb_flow_undecided,0.756
20240926OBLT0-20240926OBLT0-073-02,20240926OBLT0-073,중비,B,127.0,127.35,1.2090000000000032,포크,Splitter,0,1,0,1,strike,equal_length,vb_flow_undecided,0.44399999999999995
20240926SKNC0-20240926SKNC0-036-02,20240926SKNC0-036,우안,B,143.0,143.323,1.23599999999999,투심,Fastball,0,1,0,1,strike,equal_length,vb_flow_undecided,0.528
20240927WOKT0-20240927WOKT0-071-01,20240927WOKT0-071,유땅,B,118.0,120.664,-1.105000000000004,커브,Slider,0,0,0,0,strike,equal_length,vb_flow_undecided,0.3525678015002884
20240927WOKT0-20240927WOKT0-100-01,20240927WOKT0-100,이땅,B,129.0,130.426,0.13300000000000978,체인지업,ChangeUp,0,0,0,0,strike,equal_length,vb_flow_undecided,1.2
20240928HTLT0-20240928HTLT0-018-01,20240928HTLT0-018,삼땅,B,129.0,131.113,-0.554000000000002,체인지업,ChangeUp,0,0,0,0,strike,equal_length,vb_flow_undecided,0.708
