pitcher_id,fold,pitches
50030,0,915
50036,2,186
50106,0,72
50126,0,11
50157,3,344
50234,4,64
50464,4,529
50556,3,575
50596,1,86
50641,3,76
50650,1,200
50662,2,445
50705,0,248
50710,0,8
50726,1,41
50812,0,389
50859,1,861
50904,1,33
50992,4,308
51058,2,67
51097,4,45
51111,1,607
51154,2,297
51163,4,21
51230,1,114
51264,2,910
51301,2,380
51454,2,410
51460,4,130
51516,3,1121
51526,2,650
51586,4,18
51648,3,777
51702,4,65
51761,1,643
51867,2,1293
51895,2,172
51897,3,708
51948,3,217
51994,3,377
52043,1,746
52060,0,669
52149,1,98
52202,3,192
52204,4,474
52206,2,159
52395,2,159
52530,1,398
52639,1,433
52641,4,630
52701,2,240
52731,0,640
52809,3,728
52844,1,137
52867,2,33
52868,4,158
52902,0,536
52992,4,292
53029,3,223
53164,2,40
53259,4,205
53301,3,42
53375,1,931
53540,4,34
53562,0,144
53609,1,313
53706,0,99
53754,1,339
53892,1,535
53919,4,244
53973,2,72
54263,3,637
54319,3,304
54362,0,798
54368,3,79
54404,0,19
54503,3,164
54537,0,54
54610,1,343
54640,4,1018
54702,3,148
54705,2,63
54729,0,529
54768,3,441
54808,2,22
54843,2,663
54903,2,115
54904,2,345
54906,0,286
54910,4,166
55010,0,29
55121,3,516
55130,2,1114
55146,3,314
55167,2,486
55215,4,297
55221,0,49
55239,4,1155
55267,3,162
55268,1,1103
55301,4,101
55313,1,221
55322,1,243
55348,4,812
55359,1,213
55377,2,140
55382,1,72
55394,3,810
55420,4,117
55455,4,430
55503,4,141
55507,4,74
55610,4,623
55633,1,1305
55743,2,745
55764,0,203
55855,0,299
55903,1,757
55912,1,679
55995,0,180
55996,3,14
56002,3,427
56011,3,451
56032,2,804
56036,2,516
56066,1,18
56103,1,266
56146,0,175
56165,0,36
56168,2,201
56212,4,414
56215,3,89
56218,2,133
56241,4,29
56312,3,112
56318,1,912
56334,1,174
56337,0,419
56345,2,326
56348,4,708
56366,2,15
56402,3,142
56415,1,255
56459,3,494
56460,2,578
56464,0,622
56468,1,12
56469,1,5
56474,2,117
56503,4,160
56523,4,883
56531,3,1264
56536,1,442
56540,3,88
56548,0,126
56554,1,54
56567,0,19
56633,1,46
56709,4,467
56712,3,653
56719,0,1453
56724,4,1069
56760,4,174
56769,0,211
56797,1,5
56799,2,220
56800,2,213
56801,3,605
56808,4,83
56823,3,969
56840,4,770
56841,2,766
56855,4,233
56911,3,836
56928,2,168
56939,3,129
56966,3,884
56967,0,83
60146,1,490
60263,0,135
60768,0,228
61101,0,750
61145,3,198
61643,3,52
61666,4,244
61895,1,144
62360,1,304
62528,4,405
62754,2,439
62869,1,664
62951,0,327
63145,2,270
63248,4,334
63342,1,544
63492,3,45
63512,3,267
63543,3,56
63765,3,339
63950,3,382
63959,1,78
64001,0,1026
64021,2,849
64350,4,732
64596,2,29
64861,0,462
64995,1,367
65048,4,262
65056,3,8
65060,3,398
65062,2,587
65109,0,112
65117,0,366
65320,3,1068
65343,3,13
65516,0,674
65522,1,163
65616,1,427
65639,2,49
65707,1,165
65769,2,337
65933,4,1195
65949,0,403
66018,1,186
66047,4,38
66145,1,24
66291,4,495
66451,4,9
66609,0,243
66858,2,43
66920,1,70
67048,4,49
67116,3,259
67119,2,76
67143,4,385
67246,2,12
67263,2,8
67266,0,470
67391,3,235
67419,1,124
67421,2,109
67539,0,862
67588,0,74
67703,2,415
67828,3,135
67954,4,542
68036,3,170
68043,4,659
68092,1,284
68159,3,69
68220,0,1102
68242,2,274
68249,0,265
68260,0,311
68341,0,815
68403,3,23
68415,0,750
68419,2,2
68529,4,78
68639,0,78
68830,3,471
68856,1,802
68900,4,204
68902,4,119
68928,3,31
69041,0,505
69045,2,1063
69047,2,497
69054,0,168
69113,4,9
69134,0,431
69168,0,146
69205,1,53
69213,4,184
69360,4,366
69446,1,1052
69516,1,24
69620,3,29
69645,1,398
69839,0,163
69962,0,370
69969,2,680
69994,0,35
73117,2,260
73211,4,371
75867,2,378
76118,1,498
76225,0,51
76715,2,924
77211,3,282
77263,2,80
77446,1,144
77637,4,821
