pitcher,name,primary,cached_numeric_n,cached_FF_n,snapshot_model_path,v3_cached_deg,v1_recomputed_deg,v1_status,v1_valid_release_n,v1_range_status,period_end,historical_raw_revision_identical_verified,KBO_accuracy_verified
50030,소형준,SI,1888,8,v1_fallback_required,,35.0623,estimated_KBO_angle_unvalidated,1888,unavailable_unseen_stadium_bias,2026-10-04,False,False
50812,박시후,SI,826,9,v1_fallback_required,,50.9917,estimated_KBO_angle_unvalidated,826,unavailable_unseen_stadium_bias,2026-10-04,False,False
51301,김성진,SI,632,10,v1_fallback_required,,40.5528,estimated_KBO_angle_unvalidated,632,unavailable_unseen_stadium_bias,2026-10-04,False,False
51454,이승현,SI,744,186,v3,48.85124940119575,49.3857,estimated_KBO_angle_unvalidated,744,unavailable_unseen_stadium_bias,2026-10-04,False,False
52043,벤자민,FC,2123,448,v3,51.57588865176588,47.1892,estimated_KBO_angle_unvalidated,2123,unavailable_unseen_stadium_bias,2026-10-04,False,False
52206,최지강,SI,290,11,v1_fallback_required,,33.5256,estimated_KBO_angle_unvalidated,290,unavailable_unseen_stadium_bias,2026-10-04,False,False
53375,후라도,SI,2134,433,v3,54.52976485894799,46.857,estimated_KBO_angle_unvalidated,2134,unavailable_unseen_stadium_bias,2026-10-04,False,False
53609,곽도규,SI,515,0,v1_fallback_required,,19.7984,estimated_KBO_angle_unvalidated,515,unavailable_unseen_stadium_bias,2026-10-04,False,False
54610,성영탁,FC,823,0,v1_fallback_required,,35.2541,estimated_KBO_angle_unvalidated,823,unavailable_unseen_stadium_bias,2026-10-04,False,False
54640,네일,SI,2761,103,v3,35.51227164102768,36.8235,estimated_KBO_angle_unvalidated,2761,unavailable_unseen_stadium_bias,2026-10-04,False,False
54906,원종해,SI,527,2,v1_fallback_required,,10.3487,estimated_KBO_angle_unvalidated,527,unavailable_unseen_stadium_bias,2026-10-04,False,False
55146,치리노스,SI,648,40,v1_fallback_required,,51.1081,estimated_KBO_angle_unvalidated,648,unavailable_unseen_stadium_bias,2026-10-04,False,False
55268,최민석,SI,2345,2,v1_fallback_required,,42.0466,estimated_KBO_angle_unvalidated,2345,unavailable_unseen_stadium_bias,2026-10-04,False,False
55394,박정훈,SI,1004,0,v1_fallback_required,,37.0735,estimated_KBO_angle_unvalidated,1004,unavailable_unseen_stadium_bias,2026-10-04,False,False
56036,보쉴리,SI,1000,66,v1_fallback_required,,35.8574,estimated_KBO_angle_unvalidated,1000,unavailable_unseen_stadium_bias,2026-10-04,False,False
56103,카라스코,FC,842,104,v3,35.380611666410886,33.5413,estimated_KBO_angle_unvalidated,842,unavailable_unseen_stadium_bias,2026-10-04,False,False
56540,김한결,SI,149,1,v1_fallback_required,,39.4442,estimated_KBO_angle_unvalidated,149,unavailable_unseen_stadium_bias,2026-10-04,False,False
56801,아빌라,SI,1267,117,v3,44.46020271153416,43.1516,estimated_KBO_angle_unvalidated,1267,unavailable_unseen_stadium_bias,2026-10-04,False,False
62360,김태훈,SI,571,77,v1_fallback_required,,37.1767,estimated_KBO_angle_unvalidated,571,unavailable_unseen_stadium_bias,2026-10-04,False,False
62951,이형범,SI,512,0,v1_fallback_required,,37.8729,estimated_KBO_angle_unvalidated,512,unavailable_unseen_stadium_bias,2026-10-04,False,False
65060,주권,SI,801,8,v1_fallback_required,,33.8325,estimated_KBO_angle_unvalidated,801,unavailable_unseen_stadium_bias,2026-10-04,False,False
65616,이민우,SI,974,66,v1_fallback_required,,52.6643,estimated_KBO_angle_unvalidated,974,unavailable_unseen_stadium_bias,2026-10-04,False,False
67828,김성민,SI,199,0,v1_fallback_required,,33.3105,estimated_KBO_angle_unvalidated,199,unavailable_unseen_stadium_bias,2026-10-04,False,False
68043,김민,SI,1004,1,v1_fallback_required,,44.0353,estimated_KBO_angle_unvalidated,1004,unavailable_unseen_stadium_bias,2026-10-04,False,False
68902,신민혁,FC,598,119,v3,50.94964951577789,45.7808,estimated_KBO_angle_unvalidated,598,reference_only_future_season_unvalidated,2026-10-04,False,False
69168,이상영,SI,238,64,v1_fallback_required,,31.0163,estimated_KBO_angle_unvalidated,238,unavailable_unseen_stadium_bias,2026-10-04,False,False
69969,전사민,SI,1013,1,v1_fallback_required,,40.9643,estimated_KBO_angle_unvalidated,1013,unavailable_unseen_stadium_bias,2026-10-04,False,False
