pitcher,height_cm,height_source_url,height_source_sha256,height_collected_at
425794,200.66,https://www.mlb.com/player/425794,15f2004616fe6742c0ca783bbc9ae43373b63d6a1d56a10b8d9796872413d85b,2026-10-02T17:51:11.796859+00:00
425844,187.96,https://www.mlb.com/player/425844,b2299913fc602181b35bde6a2fb6e8bfb1cde4a9363a6042b509a1603948f71d,2026-10-02T17:51:10.514759+00:00
429722,187.96,https://www.mlb.com/player/429722,8c0578a721a91ad64de49fb450192de090c53e62d15fad3728853ff0befce8ab,2026-10-02T17:51:11.259517+00:00
433589,185.42000000000002,https://www.mlb.com/player/433589,22594fa7fef62ef52bf5c499ee42235824767502882fdd6bb878989714cf471f,2026-10-02T17:51:12.051176+00:00
434378,195.58,https://www.mlb.com/player/434378,8fd67a7a5f75d8d8c525c0caf6bd034406dedcec2017ad71c5c3a3d9d8c0c99c,2026-10-02T17:51:12.062912+00:00
434671,182.88,https://www.mlb.com/player/434671,8f922addcec94230fbc1dcb4459a134a4b2a68e61d15722f7d57f673fbbb4203,2026-10-02T17:51:13.985486+00:00
445276,195.58,https://www.mlb.com/player/445276,3c99562da4d55e27fb87408504a3753c3c495c0a6a8e47b00eaf6e6d318fbf4f,2026-10-02T17:51:12.871747+00:00
445926,185.42000000000002,https://www.mlb.com/player/445926,f3e410bdfce44a1bb798dc1677e14495382708163ff983869f3d96a539c456da,2026-10-02T17:51:13.567643+00:00
446372,193.04,https://www.mlb.com/player/446372,c065e4ec195d459435b41d025bee25320ad6a7ecf53908ed415c9b3e93ec5883,2026-10-02T17:51:14.851545+00:00
448179,195.58,https://www.mlb.com/player/448179,212c8771bdc89a9263fc97a41ab398ff75d0f560425bc055fd03ec52d0f7c529,2026-10-02T17:51:15.068610+00:00
448855,182.88,https://www.mlb.com/player/448855,9120c1bc290da311c3c70ef850739d8dbbf8482d5d9dae53a889fc4cdd6be0ad,2026-10-02T17:51:15.641147+00:00
450203,195.58,https://www.mlb.com/player/450203,fc8493f1193af4145529d893a1ccf2a39617a9e5e4669533d38a65e1e0982bca,2026-10-02T17:51:17.093499+00:00
452657,193.04,https://www.mlb.com/player/452657,b434b874cfd62907e35079f129a05398fbc6649a0d288b3c6c7b43d0a51b1e3c,2026-10-02T17:51:17.023828+00:00
453268,193.04,https://www.mlb.com/player/453268,a6f4a5c29cf99eb578fdf3fa111815f27777e71d66f4ad7362d4d531cc1b0347,2026-10-02T17:51:17.109251+00:00
453286,190.5,https://www.mlb.com/player/453286,6a71b8a1e6d5998652cc8b5a734326e4153d03b906c949a4bfb913c2bfb3e041,2026-10-02T17:51:17.658485+00:00
453343,185.42000000000002,https://www.mlb.com/player/453343,aa0a9ff17e2e6d001ec6fa18c8afc6cf9d56d5199d2de42c0866a2dee66aae97,2026-10-02T17:51:17.860225+00:00
453562,193.04,https://www.mlb.com/player/453562,a06b547b7a135845dac26dacfe33dbc865c1677027251366d02d7491b58bb1c5,2026-10-02T17:51:19.016861+00:00
456034,195.58,https://www.mlb.com/player/456034,a97f71a6aac70d089d7cf653d37a91a8ae77176f8c12243e53d8082653fe1a4a,2026-10-02T17:51:19.733724+00:00
456501,180.34,https://www.mlb.com/player/456501,8122a0f79701248b6038c36ddc06c029fde209a48e933dfcd8cb4fd611c3b18d,2026-10-02T17:51:19.508215+00:00
457918,195.58,https://www.mlb.com/player/457918,ca3c8b0e938080a644918e2c383ed2a27a25380311fffcc7cb47a30c525187a9,2026-10-02T17:51:21.080093+00:00
458676,193.04,https://www.mlb.com/player/458676,e1d143bb81d919f511ece0e5998d03ec2113cca356d340a8fd031f4ba51c2a39,2026-10-02T17:51:21.203685+00:00
458681,195.58,https://www.mlb.com/player/458681,e0d405d80db4a54cd2bb5a64924ba41581d108297ee53a8c4e30e56ae30f56c1,2026-10-02T17:51:21.390608+00:00
458708,185.42000000000002,https://www.mlb.com/player/458708,5358059485ff9e12a1eadbbf2e4d59ecd89df198ef0430e5b6106968b95b1105,2026-10-02T17:51:22.474780+00:00
461829,182.88,https://www.mlb.com/player/461829,2ab68557f348f388cc7e7771d5f0ccc4270757f087bef15d177c324a20af1b52,2026-10-02T17:51:22.813499+00:00
468504,190.5,https://www.mlb.com/player/468504,b71892dcf31ff56784a95072ff63d6d2703a8610f700a2f180751a27a28f3d56,2026-10-02T17:51:23.087432+00:00
471911,193.04,https://www.mlb.com/player/471911,c5dd2dc7509f642997d511bf532b4b91640f3a2be63ae2de37e4c7177c7c01a4,2026-10-02T17:51:24.049260+00:00
472610,187.96,https://www.mlb.com/player/472610,1164ca94e6ae64f937180a167fa1ac549033f2c8d6593a2d4fd90f8ab44e66aa,2026-10-02T17:51:24.766579+00:00
474463,193.04,https://www.mlb.com/player/474463,bd2fd9f99098423cae5100ab40cf98093420ce97c6553cea454f257091502916,2026-10-02T17:51:26.037709+00:00
475479,187.96,https://www.mlb.com/player/475479,610861a03a3ad6ccd60d578fe499d6b5571adc1cc5e76791a3f0061808590fbc,2026-10-02T17:51:25.504884+00:00
476595,193.04,https://www.mlb.com/player/476595,30b60a38b2905f00f1d2d749ecfec6fec52a17c47c897eb68768afa33e66c2a5,2026-10-02T17:51:26.584708+00:00
477132,193.04,https://www.mlb.com/player/477132,1f024e5b11e0db1d78c4fac0c11443754d58a052328b5b28eb13e5871cefe233,2026-10-02T17:51:26.741900+00:00
489119,185.42000000000002,https://www.mlb.com/player/489119,9e89b588d6a4a7c07abce870cbec0feee5ced2391ff18e31d528cdc7f66fe1dc,2026-10-02T17:51:27.681640+00:00
489265,180.34,https://www.mlb.com/player/489265,cde3588cfc12328e3b7bf09b19e7129b804e5a9f3d66eae2a9b463f0ebbf1b91,2026-10-02T17:51:28.547944+00:00
489334,187.96,https://www.mlb.com/player/489334,449470362b696b481e30c78b5248798b6408b65e9faf9329137794ff6a5c3a62,2026-10-02T17:51:28.568307+00:00
489446,177.8,https://www.mlb.com/player/489446,f48a5dcafdffabfa7256cba1a36228010fef4148a8c48789045be711b7e1e638,2026-10-02T17:51:29.517922+00:00
493603,195.58,https://www.mlb.com/player/493603,74be390e4edc08c7382fced3cf28b562e63d42eb46945eac82f130fc6950b6b6,2026-10-02T17:51:30.188600+00:00
500610,195.58,https://www.mlb.com/player/500610,35a83cfb888a6a9f9dcbbf7e5dec931692fec904f3ff1473836149ff651dd297,2026-10-02T17:51:29.757815+00:00
500779,187.96,https://www.mlb.com/player/500779,77f3ea8ee97fc3c1583b56502d90a37ab60f1241cd71de9eaae03214c911b27c,2026-10-02T17:51:30.294199+00:00
501381,200.66,https://www.mlb.com/player/501381,442d956b2f17edb839b800fa5857eceb9c2799faa87733c999603c0b2a2d8ed5,2026-10-02T17:51:31.489402+00:00
501985,193.04,https://www.mlb.com/player/501985,4016d5d9fb517cd9de9804bc2c00f111b743c7ac7bc2c6f0a7984459c905aaa5,2026-10-02T17:51:31.984515+00:00
502042,187.96,https://www.mlb.com/player/502042,d785c31a974f66c03067ebeec657b0e78b8d6fc394cec72e86a3ccc4485eaf26,2026-10-02T17:51:32.111770+00:00
502043,198.12,https://www.mlb.com/player/502043,a490d55567e3b95708665f7e3c7cd7bcce2f1ed7f44ac503738b655f7ade40e7,2026-10-02T17:51:33.392600+00:00
502085,180.34,https://www.mlb.com/player/502085,e4468bba2807429e9158337a45f6ce951078d0005de872edef910891f985a7e2,2026-10-02T17:51:34.115954+00:00
502171,190.5,https://www.mlb.com/player/502171,89615e338aba64490dc8d2a0844be648dfbf0c1b794280decd5afb662fe37eff,2026-10-02T17:51:32.896376+00:00
502179,177.8,https://www.mlb.com/player/502179,bb73257b26a5a08a621f720b8b9e3f8e0b1d67c4c444dc5bffbf225dba17af48,2026-10-02T17:51:35.046206+00:00
502202,177.8,https://www.mlb.com/player/502202,86d350ffebe65fd554f1098ac698d7f5fda51e5c12c10170e14fbe246007ff0e,2026-10-02T17:51:35.658868+00:00
502239,193.04,https://www.mlb.com/player/502239,726f3270990da5062882da2098382c9d989dbdb32ba58826672445ea2e7aab0e,2026-10-02T17:51:36.066786+00:00
502624,185.42000000000002,https://www.mlb.com/player/502624,20d18d581582444b772689612f0a08cc061e694473a9d8bc610bd8c82ceaf5b1,2026-10-02T17:51:36.887507+00:00
502706,187.96,https://www.mlb.com/player/502706,2d290dee1cd62361cbe5d502b95d7dd20c8012ea1e8948278731454089ac6076,2026-10-02T17:51:37.475554+00:00
503449,185.42000000000002,https://www.mlb.com/player/503449,972d75b7212e71ef024ed887fe846eddd59992fbe50a3591d0225fb70212016d,2026-10-02T17:51:37.627625+00:00
506433,195.58,https://www.mlb.com/player/506433,b91380662360721fb57aeb9b5b753b44ac1bc826317644034e9cc528f1ff5aec,2026-10-02T17:51:39.158133+00:00
517008,187.96,https://www.mlb.com/player/517008,4c31c07148929a3b159888ca5a57249b065eb3ea3cb16f2239dfab6a2ab2cf9a,2026-10-02T17:51:39.250878+00:00
518489,182.88,https://www.mlb.com/player/518489,3ec7907ccc84a29f2ce2c7498320c37da3b8d126524bb3e4da32925588e542d6,2026-10-02T17:51:39.426294+00:00
518516,193.04,https://www.mlb.com/player/518516,efa88091e2b8a633001529e61817220dc01f9131b00eb708cbb588b566d0d03b,2026-10-02T17:51:40.647166+00:00
518553,198.12,https://www.mlb.com/player/518553,a5b09e2ff1b18dcf5796ecbfdfc5b18cea91467f276deb4cd72860ab52409d98,2026-10-02T17:51:40.866656+00:00
518585,187.96,https://www.mlb.com/player/518585,08de0facf55325a6d7c59a88bc7d7034879c24b23821f74a5a1ec5a2e4f803fe,2026-10-02T17:51:40.578921+00:00
518617,193.04,https://www.mlb.com/player/518617,8a3435138aad9c72b25dbfbf02c15e691bd0650cc6e0366cca4d667a00a9553f,2026-10-02T17:51:42.646030+00:00
518633,190.5,https://www.mlb.com/player/518633,0b04091701958ad1eb5cda499998bc75256ccdf79481f7d8522f25d645426b9c,2026-10-02T17:51:42.488809+00:00
518774,193.04,https://www.mlb.com/player/518774,840a10ccb22de19f0ced26b5cd891abc8b4752cf348d3e2405474060cdc9d681,2026-10-02T17:51:42.574288+00:00
518813,177.8,https://www.mlb.com/player/518813,695109f7dc06b783899795503838582ab440dbfee50fee41096c78d06456203a,2026-10-02T17:51:44.610798+00:00
518876,187.96,https://www.mlb.com/player/518876,f87d8f52fc438331efd998dc9cb0a9ba20e3a2921816920008220a8258b5da24,2026-10-02T17:51:44.046365+00:00
518886,182.88,https://www.mlb.com/player/518886,a6424e2cbc4bc30db27801ff587edf2acf92a615ca7030922e6be792aa64ccfd,2026-10-02T17:51:44.370438+00:00
519043,190.5,https://www.mlb.com/player/519043,8794ff6ff678a8c6dc8e023aa5116d74b844c5c4a39cf2c3e3cf66613b9e14bf,2026-10-02T17:51:46.154932+00:00
519144,195.58,https://www.mlb.com/player/519144,a6bee94703ab12b4e6facffd6ee329cf3c5a6e4fc0d59227daef9c3b5dc808da,2026-10-02T17:51:46.374494+00:00
519151,187.96,https://www.mlb.com/player/519151,4ea86291382668afda0e48fa7b4dc1ed9ebb618be4cd3ed97fa51ba5b6ca02de,2026-10-02T17:51:45.933077+00:00
519242,198.12,https://www.mlb.com/player/519242,0c0c7f3478f1735f2e5f53ed4392c7f986c2478cb19dc384f46e613d8a024cab,2026-10-02T17:51:46.561143+00:00
519293,195.58,https://www.mlb.com/player/519293,463aa4ee3e769168c6e39bc25b37fc60689b59baa356698d02d5bcfd1e6ffde3,2026-10-02T17:51:47.766800+00:00
519326,190.5,https://www.mlb.com/player/519326,8f8461c01aa9eb209ae94c8488bf4274c9d2f6ed0a44a5756d7694c67d59e1e4,2026-10-02T17:51:48.026601+00:00
521230,182.88,https://www.mlb.com/player/521230,492cd52fcf4208071466145ae9c6d51480f0a6f6cc3959ed843aa4c35f761f85,2026-10-02T17:51:48.721480+00:00
527048,182.88,https://www.mlb.com/player/527048,96274a37651a0dfd447fdabc47ca64b52d30ba022566de45c9958e10b7df547b,2026-10-02T17:51:48.793965+00:00
527054,187.96,https://www.mlb.com/player/527054,ce5495d49f00b5acdca932d521b15f66d53c74411c31723e80f5df68b10b62d7,2026-10-02T17:51:49.416587+00:00
533167,187.96,https://www.mlb.com/player/533167,3669bb157e02d7dde2957805f15e3018795dcd128ecb24d9c64c4fbced86715c,2026-10-02T17:51:50.541662+00:00
541640,182.88,https://www.mlb.com/player/541640,3c53a0f42cc1b32bad9b9eeb93582c1bd6a9090b63a749332365717c987c788a,2026-10-02T17:51:50.837175+00:00
542585,190.5,https://www.mlb.com/player/542585,1493f731f22b6e7c0517983558a59033d1c50aea7110bb7042888b1a336b36d2,2026-10-02T17:51:51.095731+00:00
542881,187.96,https://www.mlb.com/player/542881,d14e21288a74220f65897ea38af9a90c3860c49c0546882cf1982390e9b68aeb,2026-10-02T17:51:52.246534+00:00
542882,187.96,https://www.mlb.com/player/542882,82d2ff0c004f26430d8180f774b336a94fbaff2b58c572f111a9677d72985311,2026-10-02T17:51:52.449906+00:00
542888,187.96,https://www.mlb.com/player/542888,a070c8330980b2721af79da98c5353e2ce97ded3ded602d52a32b49449c50b7b,2026-10-02T17:51:52.745105+00:00
542914,187.96,https://www.mlb.com/player/542914,a7403023c12827398a1f5aa6d65538adb06eeb5b9674ffc516dbc8737c701fd2,2026-10-02T17:51:53.256741+00:00
543037,193.04,https://www.mlb.com/player/543037,1456ff78fb6cb3c62d3d5b6b731411d73f0aef6ef6b0aeb9c71dbbf22dcea55d,2026-10-02T17:51:53.080213+00:00
543101,187.96,https://www.mlb.com/player/543101,5bdccd6c4808eda011c5fdd3f18578f2f04824d677a18c7a4a20c5a0e41fa79d,2026-10-02T17:51:54.355897+00:00
543135,187.96,https://www.mlb.com/player/543135,018b7450213690fde18a445ab5ab33743ad18c7b55d91c8d778515f15f228fda,2026-10-02T17:51:54.880798+00:00
543243,177.8,https://www.mlb.com/player/543243,894c3a0f043ea77895e06fd195ad4af2e6df5a2c332a132ce5c1885d2a10f166,2026-10-02T17:51:54.805369+00:00
543272,190.5,https://www.mlb.com/player/543272,61e7734b96ebda8ec790ccf2962636a07876f94ef7e7b900aa1d52b90385c07f,2026-10-02T17:51:55.833368+00:00
543294,190.5,https://www.mlb.com/player/543294,eecc4d2bc569ab719b77ebae5f785de49af9d5f3cbedc538d9c2d872bb04e266,2026-10-02T17:51:56.765566+00:00
543339,190.5,https://www.mlb.com/player/543339,2bb3de458dcea712b44c3b434b818f321ca0fd74749a8baaa45b5400fc720b78,2026-10-02T17:51:56.305546+00:00
543475,195.58,https://www.mlb.com/player/543475,2875d8c040c8503496b19292f88c22b677c0203d7f37eee1546238f5faedc85a,2026-10-02T17:51:57.822715+00:00
543507,195.58,https://www.mlb.com/player/543507,e016b7a54e3204ed52421d7f619ee625e46aaaddaa5210715aefb7cdb851eb0e,2026-10-02T17:51:57.978820+00:00
543518,180.34,https://www.mlb.com/player/543518,161d5cd685f08ea83015e3f2c339bd43ddc89b69d0a8e438434034fece96050e,2026-10-02T17:51:58.313100+00:00
543521,187.96,https://www.mlb.com/player/543521,a1e01a7a1429c62610bcc65547a6483ae092878ac3fe4f094c136abc79e954d2,2026-10-02T17:51:59.445836+00:00
543548,182.88,https://www.mlb.com/player/543548,d25908186b518a2843c610a3abfea268132f51fe5bdb1d490eb0bb2ce54f1edf,2026-10-02T17:51:59.446725+00:00
543606,187.96,https://www.mlb.com/player/543606,533615453f6eb8f72af268e989c9059a748157a0f931311671d5592615b34b4e,2026-10-02T17:52:00.082247+00:00
543699,187.96,https://www.mlb.com/player/543699,de9606bb851edc7efa8256d742651ba8941ea9ebfdecdfb372bf83af2b3f7949,2026-10-02T17:52:01.104810+00:00
543766,185.42000000000002,https://www.mlb.com/player/543766,b91cb01ace972dc0b8957bf768f180dbfa2d380457fb4588e9a70a72c485fe42,2026-10-02T17:52:01.196644+00:00
543859,200.66,https://www.mlb.com/player/543859,d19922a2ecbd2fe10c3057206843ed5b1038de1f536cd8245eae6ac9635a3e51,2026-10-02T17:52:01.694013+00:00
543901,185.42000000000002,https://www.mlb.com/player/543901,b53a1f7975579ad3556cad852cb87049d26f7f5e5c7ae60326e9e04d25a10721,2026-10-02T17:52:02.543925+00:00
544150,190.5,https://www.mlb.com/player/544150,34ba37238f517c0cbaf69a379ca41e556fcfc84b5981fa6adea8b0bbb66a310d,2026-10-02T17:52:02.773211+00:00
544727,190.5,https://www.mlb.com/player/544727,9fe52b2a27f9787c5a2ef84416dec08e621793168fd4e7b21b5a1ff4a91c2361,2026-10-02T17:52:03.627941+00:00
545333,185.42000000000002,https://www.mlb.com/player/545333,24ae809eed31167b70ff55d305e720377790fb0818aa7cb51c448698a17e7f45,2026-10-02T17:52:04.097177+00:00
547179,185.42000000000002,https://www.mlb.com/player/547179,72893afd6338293ebc8719b3fe5c1d21681482bb3338604c8e5327b383808b65,2026-10-02T17:52:04.394584+00:00
547888,187.96,https://www.mlb.com/player/547888,f71cc9d2ccfa240ce053a82fc09547ab8f38effa3723fdb152e25c13b97bf9d9,2026-10-02T17:52:04.998726+00:00
547942,187.96,https://www.mlb.com/player/547942,0d956184237c50f4879a9cd510a7706716e33563545a866d40dd4ef5080bba00,2026-10-02T17:52:05.805638+00:00
547943,190.5,https://www.mlb.com/player/547943,f40327d836e199e72c56dd8d233459918f45be54d249b4455442c5de30ed5ee6,2026-10-02T17:52:05.903948+00:00
547973,193.04,https://www.mlb.com/player/547973,237a32c0658b8cd2a3b586233ab89b7f32693ae285baa9fec017c8e2d2a42755,2026-10-02T17:52:05.776403+00:00
548384,190.5,https://www.mlb.com/player/548384,de9d68143f90fd07a0f1cf2f32f73366edf1a149545082c6f7923834ef586f07,2026-10-02T17:52:07.393610+00:00
548389,185.42000000000002,https://www.mlb.com/player/548389,f68791517099705b1743309fcef41d6f8faabc7038bed6eb852dd7ef78cbf6de,2026-10-02T17:52:07.486102+00:00
552640,185.42000000000002,https://www.mlb.com/player/552640,74c0c6d89ffac899ad38151a2b6892bca40714fb24fb312b2b6703c8bcc55c2f,2026-10-02T17:52:08.033782+00:00
554340,185.42000000000002,https://www.mlb.com/player/554340,b27297d9dc6732e682e3a6198162aab6ae8cfe95cc205428147657d4be67a9a3,2026-10-02T17:52:09.291172+00:00
554430,193.04,https://www.mlb.com/player/554430,615907132913f13f7a205810b524fc072aae90077696e2f30afd8906a585da41,2026-10-02T17:52:09.527667+00:00
554431,190.5,https://www.mlb.com/player/554431,e66556f2aa4858a40205637face1c0bcf9ce49a7576f84db978ff12a5e796955,2026-10-02T17:52:09.733820+00:00
570240,187.96,https://www.mlb.com/player/570240,55f749f3a3aa5bc87aadd6974a9071b4963a293b2b3f3025ed2f340e010397b1,2026-10-02T17:52:10.900039+00:00
570488,187.96,https://www.mlb.com/player/570488,ea74cc8ed3569cf55368aa26b1ef2a49d2cd759a3c09bb1a5aa3a3f8d0c8d304,2026-10-02T17:52:11.417272+00:00
570632,187.96,https://www.mlb.com/player/570632,5ba3754ccb5a4e9735b42723fce7a24ac256c5d7fbff5df5b927ae84de84b23e,2026-10-02T17:52:11.437864+00:00
570663,182.88,https://www.mlb.com/player/570663,4590e5ba6d17df149a637bace323adbf659cbf9b6f615bbc9f5f8cc9a442366c,2026-10-02T17:52:12.536128+00:00
570666,182.88,https://www.mlb.com/player/570666,532d185194310dfe8575787ba1a90ce8081c1957b2c684e83d332b7ca0369836,2026-10-02T17:52:13.066223+00:00
571510,190.5,https://www.mlb.com/player/571510,5907092bfcc9de570f52409c103a306c00c1991b7098e1077aed877d783356d5,2026-10-02T17:52:12.305191+00:00
571521,182.88,https://www.mlb.com/player/571521,27110c08cc03582798d536f91180bb6eef09da7c172cbc5a834b17d4713b04e9,2026-10-02T17:52:14.077471+00:00
571578,193.04,https://www.mlb.com/player/571578,60db0b5b9a16ae1d490538275f54313edac86864012522aa1bb61d641f0a1892,2026-10-02T17:52:14.243749+00:00
571656,193.04,https://www.mlb.com/player/571656,12dac4e8cf83a3520a47d30547a805614c4dc023c58592b63b3444371c66e81d,2026-10-02T17:52:14.504756+00:00
571670,187.96,https://www.mlb.com/player/571670,bc1af426d5c09aedef6019930021c30bb0e6e0088084a52649255f02fbf758eb,2026-10-02T17:52:15.638412+00:00
571710,182.88,https://www.mlb.com/player/571710,afd974aa8b8faec134ec309aca043708fde859222a195cf235ccfff76fb003cd,2026-10-02T17:52:15.955485+00:00
571760,187.96,https://www.mlb.com/player/571760,cfb0a7e5518039bfa91b2862b063ded2f619266bf6909dad5ca0c9fd9b3e4392,2026-10-02T17:52:16.077710+00:00
571800,190.5,https://www.mlb.com/player/571800,bf37c12605e034cc62c82a1cef51c66a94159b90bbc78a54a3f7eac15f64f670,2026-10-02T17:52:17.064868+00:00
571882,190.5,https://www.mlb.com/player/571882,d1ffb03afef8b788d21629d4fab964a23febbf9395f72e7fb2b5bbf2b206efcb,2026-10-02T17:52:17.684299+00:00
571927,187.96,https://www.mlb.com/player/571927,2522d9f586670062dcfcd69cb6315159981679d29b002ee8dd6440fec45bbc6d,2026-10-02T17:52:16.701731+00:00
571945,193.04,https://www.mlb.com/player/571945,b21488b615adb3de69282538b50ffe46f8c9a8dcb8df7ea6814904bc7140bfb0,2026-10-02T17:52:18.555714+00:00
571948,190.5,https://www.mlb.com/player/571948,874df3ecdde65a75390527c5f319a2032cf1172614d7f5c32782907eb8413a24,2026-10-02T17:52:19.028250+00:00
572020,193.04,https://www.mlb.com/player/572020,493826a9ebdbd149db3287c7425dcecfe931253698c54e1c6674e1108ace829f,2026-10-02T17:52:19.484530+00:00
572070,187.96,https://www.mlb.com/player/572070,2935e8ffb3da53856d21b887ea351e847c9f06221a491109db54486910b8338c,2026-10-02T17:52:20.082571+00:00
572362,180.34,https://www.mlb.com/player/572362,39149976f7ec37f543b041d748510c20a92886fe785d34d246655dec07b9d275,2026-10-02T17:52:20.573414+00:00
572403,198.12,https://www.mlb.com/player/572403,da0e4bcb956fc49a16a268a4004f6801eea218f9d53c5436f97ec53d12da128a,2026-10-02T17:52:21.039992+00:00
572955,187.96,https://www.mlb.com/player/572955,ee0bc8d76d29ab04565b6206b08662347ef6e9e51a6039ae8039c05a61310afa,2026-10-02T17:52:21.826756+00:00
572971,187.96,https://www.mlb.com/player/572971,c9e4b9a5f5c8b9d45ba241789fdd2a6a45b3faf5d38ed56bf70e91afa2a9efab,2026-10-02T17:52:22.182349+00:00
573124,190.5,https://www.mlb.com/player/573124,698a9b571d55360dd8c66e915758e872921ff688c672a16b81dd4d2b41f3beb4,2026-10-02T17:52:22.882716+00:00
573186,170.18,https://www.mlb.com/player/573186,7c7524ca75b399da91877e79ff6e3e037bad8d2988b3f3eaf58f9bd670da86f9,2026-10-02T17:52:23.513424+00:00
573204,182.88,https://www.mlb.com/player/573204,f86488313ebf448e7c194943285ea88c0f27d7c55cf42e1d7d52e9d966a71395,2026-10-02T17:52:23.706496+00:00
579328,182.88,https://www.mlb.com/player/579328,b72bc9fa048155a73e173e71d31e34584f5668188ca9f3b36104ce351f0ce63b,2026-10-02T17:52:23.664692+00:00
592094,190.5,https://www.mlb.com/player/592094,2707d42784ae7b4cca65b6e0c9de0be92519d5ae170dff36d9f9ca512f541c6b,2026-10-02T17:52:25.255701+00:00
592314,193.04,https://www.mlb.com/player/592314,053ac10a355407d54d5b6c2beb06cdd1711a857ca7f64a190a928a596ccfc2a8,2026-10-02T17:52:25.355705+00:00
592332,187.96,https://www.mlb.com/player/592332,b797b807a781c4e16bb2f5580f9c4feef31951be17c2f152792487c120cbf7e1,2026-10-02T17:52:25.045180+00:00
592346,190.5,https://www.mlb.com/player/592346,4e48d9cc9c86aaf41565f30ed68e6f94546163ecd6d7c1546082009307e5e5d5,2026-10-02T17:52:26.449595+00:00
592351,193.04,https://www.mlb.com/player/592351,4645c32c44e0c695252f7ebe76e58aaf46efea1099dbfd66418a4326d8984359,2026-10-02T17:52:27.163509+00:00
592390,193.04,https://www.mlb.com/player/592390,69f8cae54d0d7677dc2207a5c3b3944a06884093d8c722c00eb3b216160d7983,2026-10-02T17:52:26.772552+00:00
592426,187.96,https://www.mlb.com/player/592426,558e46180011538d766c93eeeb606110100b4e5da50903309d772ec866335d3e,2026-10-02T17:52:27.987848+00:00
592644,190.5,https://www.mlb.com/player/592644,099195d0818c4752fd96f92da0be208eb3fa5c812a2359cb145106f31b85d290,2026-10-02T17:52:28.337657+00:00
592662,187.96,https://www.mlb.com/player/592662,84f88786d76c14779cb18721a309e104c90b22cf52270ba1f71b260e68e8deb6,2026-10-02T17:52:29.176010+00:00
592716,187.96,https://www.mlb.com/player/592716,bad3159e25b289dd9f0fd7cd3674baa4a14f4c5df1dda9efe8d90f156b4a62ea,2026-10-02T17:52:29.449536+00:00
592717,193.04,https://www.mlb.com/player/592717,ad3c0c7a475c0c88e0cce944387a7a0bb3e0a118574f6a20849516c2ca1f0b13,2026-10-02T17:52:29.506531+00:00
592761,182.88,https://www.mlb.com/player/592761,15839afca286cbd0947f06d4850b220e530eee1a6b1b599a654b70d4ca8d4374,2026-10-02T17:52:30.796613+00:00
592767,187.96,https://www.mlb.com/player/592767,e9e92aa67f0c74c5b8e32987fe77d68eb57d457b6e9dddf00f324f80f7e6e7e3,2026-10-02T17:52:31.067100+00:00
592773,193.04,https://www.mlb.com/player/592773,b5e60b60d7eb028469fb5bcb691da28717bb0ceae898736282bfffb436cec62f,2026-10-02T17:52:31.138265+00:00
592789,198.12,https://www.mlb.com/player/592789,f78ce363fbed5dd398451b01d7bc32b012d205750eed366de60f1ba6b5feb41d,2026-10-02T17:52:31.574843+00:00
592791,195.58,https://www.mlb.com/player/592791,27d81467cdcdf663878034762559e6df7f91dae897f0b86ce855040c42042f81,2026-10-02T17:52:31.811196+00:00
592826,190.5,https://www.mlb.com/player/592826,1a2d6511aa68f56a2a1e64aa84a50633826a8feee89fd7da6c08aeb635b749e4,2026-10-02T17:52:32.431416+00:00
592836,193.04,https://www.mlb.com/player/592836,6b55ca95f2555566df547acd884f723e3a151668b551cec31a472358de9da3c1,2026-10-02T17:52:33.996360+00:00
592858,190.5,https://www.mlb.com/player/592858,82d4129ad3f64a85ab571eedd13a0d7d6ffcfab7b12aadb00e20465b3e81af88,2026-10-02T17:52:33.277501+00:00
592866,190.5,https://www.mlb.com/player/592866,07c567235fae81f15ed678a4589f2bffb1c697fe15bef8d995a07d90c1ded56a,2026-10-02T17:52:33.983445+00:00
592879,193.04,https://www.mlb.com/player/592879,13a5ec0628191253dfe9925aaabda661e5695f14e3839e342c65cca98041f158,2026-10-02T17:52:34.703902+00:00
593334,187.96,https://www.mlb.com/player/593334,efb70d7225073a5e79192ebd021b687b2aa4fe8d30751d39ea6803a6f91257ab,2026-10-02T17:52:35.318013+00:00
593372,182.88,https://www.mlb.com/player/593372,2d95974966c90207602cc16091847ac7cc12abb02fd9868d1e332d5f543251eb,2026-10-02T17:52:35.394606+00:00
593423,187.96,https://www.mlb.com/player/593423,ade711afc6e83f5f9574f0b09731f5b12dd3e0e77da985d044965ed9cc44fcd1,2026-10-02T17:52:36.112707+00:00
593576,187.96,https://www.mlb.com/player/593576,c50fb75fb49dbe3b46a2ddf94063faa096838529f79ec4ccc4a9e2e554ed80e3,2026-10-02T17:52:37.207910+00:00
593958,187.96,https://www.mlb.com/player/593958,0046f411825500f781abefcda9bf832f22a018c5592565ba72ddbf72df6d774f,2026-10-02T17:52:37.354668+00:00
594577,187.96,https://www.mlb.com/player/594577,3a813a2be07d046e88b197f333bfcf0a90e283d22a4b72492a8157f622063c31,2026-10-02T17:52:37.463800+00:00
594580,175.26,https://www.mlb.com/player/594580,da357d8d5686be918dd6ad5cbfb29ddfbfd61dad0637d13edef919aa17595544,2026-10-02T17:52:38.983515+00:00
594795,187.96,https://www.mlb.com/player/594795,af8c3d52beae767517342ce9be806d77e66016781c372059f352ff44cac354ee,2026-10-02T17:52:38.944014+00:00
594798,193.04,https://www.mlb.com/player/594798,71efe3efa22eb45297de4b7502e59b4771b6159ad229ddf2b903d4438f0df604,2026-10-02T17:52:39.415329+00:00
594835,185.42000000000002,https://www.mlb.com/player/594835,fe394158902021ca1306f3acf989ed763d634cb09cee6c74d6497b64fb8afc10,2026-10-02T17:52:40.709451+00:00
594902,193.04,https://www.mlb.com/player/594902,60606d7c76b59754ec61521e0169d7ec5d437dcf25c9d384a3ff272baf7bf26b,2026-10-02T17:52:40.370296+00:00
594965,190.5,https://www.mlb.com/player/594965,0c7e4c1ab8e7f6ab96ff7f54550a575143682904b89dd9680eab40d00bd8e8db,2026-10-02T17:52:41.048319+00:00
595014,195.58,https://www.mlb.com/player/595014,e190e2a837af3e10099d3f8752eab9feaa59dd65d64c4abd4af5040df03a77ca,2026-10-02T17:52:42.341016+00:00
595345,187.96,https://www.mlb.com/player/595345,412ac1e4d15d4505f1fe999596adcc63802166c706203bb66d94a77c9b64dc54,2026-10-02T17:52:42.522916+00:00
595881,187.96,https://www.mlb.com/player/595881,3fc64d27b9eb5e445e1b09f80a69d65b152c6c925873309a3a81b94555549462,2026-10-02T17:52:42.597795+00:00
596001,190.5,https://www.mlb.com/player/596001,4f4eee27c94754580828762e06003fc6d8041f7864887a2e7c49ced5890eed4e,2026-10-02T17:52:44.117575+00:00
596057,187.96,https://www.mlb.com/player/596057,48a103fb36a703929367ee80197d1f90b5c5417019dcd2cf024fe38690070b73,2026-10-02T17:52:44.310895+00:00
596133,187.96,https://www.mlb.com/player/596133,15365037bcde18b5fcc7293c4ed62a392bac55afa52a0305d0344876658b25fb,2026-10-02T17:52:44.404323+00:00
596295,195.58,https://www.mlb.com/player/596295,6debe05903bb71bbb6c416f25e358bf7adca2c797bd49df448a70b7a8053ba41,2026-10-02T17:52:45.550236+00:00
600917,182.88,https://www.mlb.com/player/600917,56e836eb164aa9e270a4e1dc764eca2791b7047d191db3ec5ccbfdf2798e0428,2026-10-02T17:52:45.792732+00:00
600921,185.42000000000002,https://www.mlb.com/player/600921,bcf824654b827e93acfb6b30b5ca765071ce8c3e18d7cd4513b73e700d5a581d,2026-10-02T17:52:46.205562+00:00
601713,195.58,https://www.mlb.com/player/601713,1d5dd5d365c34dc7c11c37be25bbe96bf37d32eda867061d650ad00d6608316c,2026-10-02T17:52:46.334739+00:00
605130,190.5,https://www.mlb.com/player/605130,b84f311299518d9da1ef7c1d7d6adeb5a0bf0477287eb00540c44c8984710899,2026-10-02T17:52:47.557622+00:00
605135,195.58,https://www.mlb.com/player/605135,2d5b8d78f78c60ab5dc76cd73f77740147cb027467e9b85f1f0c1b610920b739,2026-10-02T17:52:48.378024+00:00
605154,185.42000000000002,https://www.mlb.com/player/605154,4193a1375777ceef73b325085e9608406eca71bb237e471dd142481e2e809ac5,2026-10-02T17:52:48.103720+00:00
605164,185.42000000000002,https://www.mlb.com/player/605164,26925fa43d4cec7c0d209f6e54ae527bc2571a30928652f5610af5ba572138a0,2026-10-02T17:52:49.320625+00:00
605182,193.04,https://www.mlb.com/player/605182,7a04a67831ca225d4640664a2e86e08c2a8359f95d84f48465284a005bb9c760,2026-10-02T17:52:48.894868+00:00
605200,182.88,https://www.mlb.com/player/605200,c54f16b1dc5e432bb6d295bcf797672fda59a25437fddc50f3246e4e3010a77d,2026-10-02T17:52:49.924470+00:00
605218,190.5,https://www.mlb.com/player/605218,7f697b724ff9356ccd30404e84a80a467b1ba25db6ee1a04e2046d79884a3a24,2026-10-02T17:52:50.701043+00:00
605242,187.96,https://www.mlb.com/player/605242,638f4c7bcc5a9a15513d4c90b58feb42f7b13627548f9219edd230580e61d8fa,2026-10-02T17:52:51.203666+00:00
605280,195.58,https://www.mlb.com/player/605280,5536b14d41d22735cbe6e82895b4da698e78959f1940857a143e30493a5d68d4,2026-10-02T17:52:50.718605+00:00
605288,193.04,https://www.mlb.com/player/605288,ba7121746c925ebbe4f6af45cd07c21a38a1849e1669ac167d8a342c511550b3,2026-10-02T17:52:52.705650+00:00
605347,190.5,https://www.mlb.com/player/605347,7c65603d188c484d0e369cd02c2bb73bc67b578ff26f6b70d9295f8a999c802f,2026-10-02T17:52:52.020206+00:00
605359,187.96,https://www.mlb.com/player/605359,2b1b918a71e6a0b73523665307ccf9368492079893b58f722158bbad42d6ed5a,2026-10-02T17:52:52.766262+00:00
605397,195.58,https://www.mlb.com/player/605397,4a3cfe24410d91df1a006a5f047a97bbe640bf2dac4fbb1ef8578a91c09d9b79,2026-10-02T17:52:52.867517+00:00
605400,187.96,https://www.mlb.com/player/605400,158d0dcf12bef4170e18c67c6f23317694654b664b5354d4bea4d5e60c059320,2026-10-02T17:52:53.517192+00:00
605447,195.58,https://www.mlb.com/player/605447,90e5be99f52912b60d2409c76970de30f93581e4f545189ac6f77029c9f753ca,2026-10-02T17:52:54.753831+00:00
605452,193.04,https://www.mlb.com/player/605452,c1460cb33fd795e0588a0b6d148a88827a23ce3378425105c68f5c8e0d0c51e8,2026-10-02T17:52:54.464077+00:00
605463,190.5,https://www.mlb.com/player/605463,b4b7dff463c7f10141eea0f4734afa17fbcf3b1068ad57cfeb6243f3c5ee1ec2,2026-10-02T17:52:55.118975+00:00
605483,193.04,https://www.mlb.com/player/605483,d576004cf5e141ca55e4cab351a50a2923cf7e315034cb4704231a398817d1a0,2026-10-02T17:52:55.113614+00:00
605488,190.5,https://www.mlb.com/player/605488,6f11db365d41ee5c3b99d52a6be08c43052e6ad581b7d2b43ddbb10d5e0edc97,2026-10-02T17:52:56.260622+00:00
605507,200.66,https://www.mlb.com/player/605507,0529acb2a118a5d61124fddafaf8a8329a70a0a16339f0d9ca44ec2fc4d9c78c,2026-10-02T17:52:56.473014+00:00
605513,190.5,https://www.mlb.com/player/605513,fafd9fa8f7e9203dd21727d0c27da1ed7264de5191295bcbcf24458e7d15db8b,2026-10-02T17:52:57.218620+00:00
605525,185.42000000000002,https://www.mlb.com/player/605525,44e5105e3245bfac8e69eaeea3ac9b55ecb9846cea7a698ee11f992029a38e59,2026-10-02T17:52:57.930881+00:00
605540,193.04,https://www.mlb.com/player/605540,3c39e4346c92abeb140dd23a2e04fba11a6f47499c0abcf50c8df74579068691,2026-10-02T17:52:57.952230+00:00
606149,187.96,https://www.mlb.com/player/606149,dd523472b0461706d743e5c84c8932b0df9117b8e7e0f76c8429ef73ad918008,2026-10-02T17:52:59.244907+00:00
606160,182.88,https://www.mlb.com/player/606160,1702d0ac865cee36bd1aa0fe2671858193e56afdbea1c170c05050bc4bb5e57b,2026-10-02T17:52:59.662730+00:00
606303,190.5,https://www.mlb.com/player/606303,c61ec66be984f4927f2d710ed1349f7bc0312a4f93a9c15c7922c3001ed8ecef,2026-10-02T17:52:59.864908+00:00
606424,190.5,https://www.mlb.com/player/606424,e80557ae24e23383661c12eb6eb8c91e0f4f56b63516e9178ba29ccea3603d5f,2026-10-02T17:53:00.905699+00:00
606930,187.96,https://www.mlb.com/player/606930,1625dd5b8db41850c5f9b61d483daf86e95ad2b2a8f0580b769e0b8d0f203a58,2026-10-02T17:53:01.162910+00:00
607067,195.58,https://www.mlb.com/player/607067,cdb3cbdeea1bef8f75c7b14f81322dee462ebd6583563c1fe2550538836839ab,2026-10-02T17:53:01.807774+00:00
607074,187.96,https://www.mlb.com/player/607074,f82f3852673598ea59ea572d872ed50c1785684ef045f3cc6c2fd3141eeb90da,2026-10-02T17:53:01.702775+00:00
607192,203.2,https://www.mlb.com/player/607192,2f65c0196847de5ce52d723cc3fb4acacc0da97b6944eb55888b52d5f871bbc6,2026-10-02T17:53:01.791687+00:00
607200,193.04,https://www.mlb.com/player/607200,020d14d133a346bd062332f9843c06a439b6c1bb4b0a9f38b12c28494006dba0,2026-10-02T17:53:02.579014+00:00
607216,190.5,https://www.mlb.com/player/607216,42d7b49b24229a5dc21418f0a723609669ba3960f98c262a7b38479f32d0a46e,2026-10-02T17:53:03.340409+00:00
607231,193.04,https://www.mlb.com/player/607231,462706b61bbf6dbe74d1b94593bf57a5200d69d87fcb162fb56668e107e869d0,2026-10-02T17:53:03.455140+00:00
607259,185.42000000000002,https://www.mlb.com/player/607259,5f651b41f4871063a3f68b914e313a6be85413dee16974a891d45c512ff1add9,2026-10-02T17:53:03.200378+00:00
607391,193.04,https://www.mlb.com/player/607391,9c281e1b71f2c52a98bb01e932da758cbaf79159d65a22422152943470d0ceab,2026-10-02T17:53:04.726522+00:00
607481,190.5,https://www.mlb.com/player/607481,09a32fbded769f4858971e5496615a540f01b043514d2b52381294d7b913fcc5,2026-10-02T17:53:05.203389+00:00
607536,193.04,https://www.mlb.com/player/607536,1de97eac619ac57f48d9f53fd204584698245fc31fb62208d81b1523ca3ae98c,2026-10-02T17:53:05.414676+00:00
607560,190.5,https://www.mlb.com/player/607560,09344f743b7398a7aca2d5b55fc4d525e08d4f87273b02315bec10e5ff9b26f8,2026-10-02T17:53:06.353974+00:00
607625,193.04,https://www.mlb.com/player/607625,ca5b17a79da48a23302293e82efeea0cfc729cd8026aecf2ac9ed3ea18f51584,2026-10-02T17:53:07.234893+00:00
607644,193.04,https://www.mlb.com/player/607644,5cb2d31eeb461f201c1f5f9e1812147d3adb6a8639892d4fc5d55010035b8451,2026-10-02T17:53:07.034577+00:00
608032,198.12,https://www.mlb.com/player/608032,d4e3b3cf497b768035ebb1a1922a0bfad50953fe6c3991fc495c0f949021c11c,2026-10-02T17:53:08.109505+00:00
608328,193.04,https://www.mlb.com/player/608328,88dc60da88754907dd041d80def70a176ae2e99ea56d25668107efd04a628334,2026-10-02T17:53:08.464261+00:00
608331,193.04,https://www.mlb.com/player/608331,ddb476e8804f21219b47f7c533e3c6a00e049d54e0bf58703d6d8701ce1b7241,2026-10-02T17:53:07.871104+00:00
608334,182.88,https://www.mlb.com/player/608334,50e774738010d7d5e07979bec3fc4025a8e99765f7e5b78e25fe0a713b9f912b,2026-10-02T17:53:09.505417+00:00
608335,190.5,https://www.mlb.com/player/608335,39beb3d40dd57609cdb65bc412c77bae7b8771e9803178ce6b2280e2e2f839d0,2026-10-02T17:53:09.580929+00:00
608337,198.12,https://www.mlb.com/player/608337,7d4c0c7de948eeb40e632fa97e5543b3e79814f43b6283d1cf13ac0713ea6b7d,2026-10-02T17:53:10.104946+00:00
608344,193.04,https://www.mlb.com/player/608344,8a7dfc06fe725ee5565d925b6797711d39434ed52a75447a5ac7767d7192e8fb,2026-10-02T17:53:11.165783+00:00
608371,187.96,https://www.mlb.com/player/608371,9b13957547554d7ede14df618ef8a0459cfaad2ec716d4bb23e3bb1af126faaa,2026-10-02T17:53:11.153347+00:00
608379,198.12,https://www.mlb.com/player/608379,f7026d200526e13417f3c55ab6ec1ce91dced06849ca146c1edf0bf60f12cde6,2026-10-02T17:53:11.700826+00:00
608566,185.42000000000002,https://www.mlb.com/player/608566,718eacb1c5194b4da3705a6436ad3036c888f06ab188c6cad3d9725ad1aead7b,2026-10-02T17:53:12.923691+00:00
608648,190.5,https://www.mlb.com/player/608648,17a114c468550cb30e59657811888cc1d6d2f3bb2b902b37620e733190753eb3,2026-10-02T17:53:12.679651+00:00
608665,187.96,https://www.mlb.com/player/608665,d9d608347134b8bcfdf1ae9a200ed0da4aff010bb1bdc81b392de25834eb08e5,2026-10-02T17:53:13.522656+00:00
608716,193.04,https://www.mlb.com/player/608716,c1b5954b12298db74387a2648c136de771d548d159dc650c3abcf0db81e8c36a,2026-10-02T17:53:14.178305+00:00
608717,187.96,https://www.mlb.com/player/608717,f81b26eceba51a286bafb54ae19148b8e99b61b4fa50bb02aa5877c9017896ec,2026-10-02T17:53:14.713390+00:00
608718,193.04,https://www.mlb.com/player/608718,697697d5712280f97918ea148ee9ca174a1ded50dbea98793a09cfe7d7144f93,2026-10-02T17:53:14.722499+00:00
608723,187.96,https://www.mlb.com/player/608723,ff6d9d12935842fa4481ab5533fefcdeeb4d263b778a1f93beddb885a687bd01,2026-10-02T17:53:15.418514+00:00
612434,200.66,https://www.mlb.com/player/612434,e8ba925e597641ea3d5c1e8762df5f10e79563967cfd4dd2d4f415bcc0c25285,2026-10-02T17:53:16.344913+00:00
614179,185.42000000000002,https://www.mlb.com/player/614179,53f23b842741b505d26b976f446eb0bab37e6588f12d8883adccae26235c4a43,2026-10-02T17:53:16.216023+00:00
615698,190.5,https://www.mlb.com/player/615698,a43abf37a76cb290084398de5d0c9d21fd2405849cabf8050cbd871017a99be8,2026-10-02T17:53:17.170402+00:00
621016,190.5,https://www.mlb.com/player/621016,b9bc5bbc1bfa83f54b55b36706fc34700010706fd2061f48547a7e6a93b3cc6f,2026-10-02T17:53:18.230854+00:00
621052,193.04,https://www.mlb.com/player/621052,1e4a2cda3121a20bec5c09830259e5c655bcee94deebb0244790751c9f1d4ceb,2026-10-02T17:53:17.838397+00:00
621076,190.5,https://www.mlb.com/player/621076,aaafd3435c9a398eaebb17f3bd0380fb31dd102214a413ab82667d2359c2e500,2026-10-02T17:53:18.772290+00:00
621107,198.12,https://www.mlb.com/player/621107,e788f88a7294a6177eb9b0a857e9aa51f14fdc6273f1add2370837e0e0a24032,2026-10-02T17:53:19.382839+00:00
621111,187.96,https://www.mlb.com/player/621111,09ec2757607edd3b4a521395b53855965301f4a22da76be32f24ac71636678f7,2026-10-02T17:53:19.512701+00:00
621112,185.42000000000002,https://www.mlb.com/player/621112,c75ac075219c1bd921b8af029ca58902d1d49399a1d74062c6fc0bbc4d668110,2026-10-02T17:53:19.414857+00:00
621121,185.42000000000002,https://www.mlb.com/player/621121,6e624a6c8e384d95be773a7c5cf96d24fdb4f5ecd7564b1e274e9e330a162b47,2026-10-02T17:53:21.083945+00:00
621219,193.04,https://www.mlb.com/player/621219,647dedaf04c41fa71914cf3aca5a4f6632148a82fc703e1a6f627a2f93d1f06a,2026-10-02T17:53:25.527654+00:00
621237,187.96,https://www.mlb.com/player/621237,c4cad9b8fcd3171c9b1d5ce501394c557fd9b5c82fe5d83fbebcfe1b908cf333,2026-10-02T17:53:20.838547+00:00
621242,190.5,https://www.mlb.com/player/621242,7a15bace5ac341dd397c8b5b7b396cce8f078056575807176f60afc9733431d0,2026-10-02T17:53:21.618007+00:00
621244,182.88,https://www.mlb.com/player/621244,004ef40d73fa0d8fcbdc5213208c8f190b6a2f6fd33c55fe9f9c60ed5f902c19,2026-10-02T17:53:22.874211+00:00
621249,187.96,https://www.mlb.com/player/621249,45af85bce930aaa0aa69dfc12dc3571ccbb7920a00779f20529131f0843daec9,2026-10-02T17:53:23.175011+00:00
621295,187.96,https://www.mlb.com/player/621295,eaa9e3ec31536bd9122ceddaf667e8c05ec71e49cc48c124dcc5ed4b36dd79e8,2026-10-02T17:53:24.539207+00:00
621345,182.88,https://www.mlb.com/player/621345,013c434fba653d4c00ea789357711e2c98352128f14f3c645d89ed304a56ecfb,2026-10-02T17:53:23.946186+00:00
621368,198.12,https://www.mlb.com/player/621368,fa750f2c7f1a19aada6d5c13b02592d79d816299169d8ccbea3620bc18d425f7,2026-10-02T17:53:25.335925+00:00
621381,187.96,https://www.mlb.com/player/621381,686366efa23ff12f918c888c7ffe0dfc68131b6ba22dd84814bb3838a40ca913,2026-10-02T17:53:25.323152+00:00
621383,185.42000000000002,https://www.mlb.com/player/621383,809b1c49c2d4e2b8e5af8c9a36fcf6494653293b253f2131ee4b0ae2e3be8ed2,2026-10-02T17:53:26.931424+00:00
621389,185.42000000000002,https://www.mlb.com/player/621389,055c7db98acd0a1c0404c323660c8e682d49a0acd65c3e04cd92cdfb0c91a194,2026-10-02T17:53:26.984158+00:00
622065,190.5,https://www.mlb.com/player/622065,1b88640ced1c50f336142f7447f36217eca4a989d4c4064ec35d73b8cbc507eb,2026-10-02T17:53:27.217889+00:00
622072,193.04,https://www.mlb.com/player/622072,a457df8a23383439d571590c4a1c5801abf4546f0e333731cc8bb2a6ba321dae,2026-10-02T17:53:28.584451+00:00
622098,187.96,https://www.mlb.com/player/622098,12a5da3db757dce9d31f7801ab3724c215126b243fa326dc1a1073529d3a5686,2026-10-02T17:53:28.559796+00:00
622250,190.5,https://www.mlb.com/player/622250,9aedadf05cffd59aa4f39088b807f50f633207f4853e84a04930516b93c85b3d,2026-10-02T17:53:28.818903+00:00
622251,190.5,https://www.mlb.com/player/622251,36c309247b7fcb5bdea977656edb5b603a8d608e034994c71e43e65f8e847378,2026-10-02T17:53:30.633177+00:00
622253,187.96,https://www.mlb.com/player/622253,134e14f68e9aa07d1f85df9bc6b20872c80a13e445f93efb6985acdcaa43f7b3,2026-10-02T17:53:30.180203+00:00
622491,187.96,https://www.mlb.com/player/622491,8e9927e8051135689c09d10728142dd5599c6d147208c609182f83081315f6f8,2026-10-02T17:53:30.663400+00:00
622503,185.42000000000002,https://www.mlb.com/player/622503,f7c84b65eb7eeaf9372b76ed1bc7c107f2c8905ea3438cae1c17d8f711e60efe,2026-10-02T17:53:31.604212+00:00
622554,185.42000000000002,https://www.mlb.com/player/622554,d50aed53af634188f49f9ba570983344eb46b9319e1c4f0935dc90c905d4ebec,2026-10-02T17:53:31.933564+00:00
622608,185.42000000000002,https://www.mlb.com/player/622608,097d9e8cf121ed72ad9e9e9ac6e97c2c625a39c059ba858d959dad1940e35eb4,2026-10-02T17:53:31.463988+00:00
622663,187.96,https://www.mlb.com/player/622663,5adf38cfa4dcb81c06d97cb727743b1e0ce52fa510cd529905f516f7ec5ccd10,2026-10-02T17:53:33.217151+00:00
622694,185.42000000000002,https://www.mlb.com/player/622694,1676fd3a2d311ad1eb2fe91649f8734567be1abdf6ee7528479e738dc2f7d5ee,2026-10-02T17:53:33.272114+00:00
622772,193.04,https://www.mlb.com/player/622772,02cd9a9aba5b0396ffed09de3967d9d3b331083976da17e99a157f117b7f3813,2026-10-02T17:53:33.382849+00:00
623149,190.5,https://www.mlb.com/player/623149,00020df5975f91b2c277ccae53357850e6f84ea8a7b1fa60f65ada95e40a59ba,2026-10-02T17:53:34.756347+00:00
623167,190.5,https://www.mlb.com/player/623167,6bc25147a140e958cc198cbdc701ab92092c1a4709f960bf3516eee6d10d7e9c,2026-10-02T17:53:34.686006+00:00
623211,190.5,https://www.mlb.com/player/623211,44a1022038d552c074bf4f1fb9dff649dc141cae08d26a7d8340cc72cda81b17,2026-10-02T17:53:34.171633+00:00
623352,190.5,https://www.mlb.com/player/623352,336cc2b95a36abd2263cd0050744aa6c9d2fd338cf26474942db8690d3487f42,2026-10-02T17:53:34.794167+00:00
623437,193.04,https://www.mlb.com/player/623437,61533d1e52f75d9083850955df5916d0b00888aa6531ca055d1749263e4a6672,2026-10-02T17:53:36.304188+00:00
623470,187.96,https://www.mlb.com/player/623470,e6e43eb564ea8df3349476f9d255732ddab8d60b527db483c335f5549b285069,2026-10-02T17:53:36.285605+00:00
623474,190.5,https://www.mlb.com/player/623474,c6e1c521be6dc0f2bc14fefef075c5e81bea7a4acea96e1e4318a628d1d886c0,2026-10-02T17:53:36.634606+00:00
624133,185.42000000000002,https://www.mlb.com/player/624133,a083b416ffc464e3c8be8b31ccbd4afeaeb11e16030bef1b314972b407d2a851,2026-10-02T17:53:38.425788+00:00
624418,193.04,https://www.mlb.com/player/624418,9277470848cd5e22cc5745097beb7fca31a8f79a54a26990c77735baa3cd0d2c,2026-10-02T17:53:37.626975+00:00
624522,185.42000000000002,https://www.mlb.com/player/624522,98e4c14850833dbf9418cc5e860b72186070cb48d59237153854d9922f1daf0a,2026-10-02T17:53:38.247813+00:00
625643,185.42000000000002,https://www.mlb.com/player/625643,30087a969e5164f0f6b13129603f3ce8876b924a30027945e1de324a16eef55f,2026-10-02T17:53:39.613242+00:00
628317,185.42000000000002,https://www.mlb.com/player/628317,b31f92bf9ec33186d2551e1797a8bac522867c23019705787c55225a45a73378,2026-10-02T17:53:39.674490+00:00
628452,187.96,https://www.mlb.com/player/628452,17a236065acc7c16428bc173b3a107ae2afb22366ff805c110d3e3a47f1eedc5,2026-10-02T17:53:40.206518+00:00
628711,182.88,https://www.mlb.com/player/628711,e2b14e7b500593e925c7d6237e8346d6dccc9752b77d02e1528b702eed4670fb,2026-10-02T17:53:41.551342+00:00
630023,187.96,https://www.mlb.com/player/630023,1d49dce3f0882c03d1014abbb78a7c9076f91af92c02cc759c9a87ddefb1b150,2026-10-02T17:53:41.530362+00:00
640444,185.42000000000002,https://www.mlb.com/player/640444,4938a599d0e93dee7cc32576d0bf6d980399b030babcf33c76f6147ed9c67e2c,2026-10-02T17:53:41.737804+00:00
640448,187.96,https://www.mlb.com/player/640448,2d0d872515211d61b0e37f88d2222ee698f66d3b16ae82828691956a57869f0c,2026-10-02T17:53:43.190877+00:00
640455,195.58,https://www.mlb.com/player/640455,d51eb17f36e8e9241fb5315094f9c32a9aea261ca8539c8e2300aa776b176798,2026-10-02T17:53:42.397389+00:00
640462,200.66,https://www.mlb.com/player/640462,4951b7406feacb7ea226b244da3ee18bc83710fa668d692c96de479605fe575d,2026-10-02T17:53:43.610376+00:00
640470,185.42000000000002,https://www.mlb.com/player/640470,f9b58e4031dabeea2488eaf67071a68d18c951cad264e7b2e6be55f480961a11,2026-10-02T17:53:44.015880+00:00
641154,193.04,https://www.mlb.com/player/641154,03b9cefaa5e11fccf2c3e011892e44018d15227d67202f46b86509116b739951,2026-10-02T17:53:45.049495+00:00
641302,185.42000000000002,https://www.mlb.com/player/641302,ec1e9f7c8858fd9b09ed1d7148c0cfb2889624ce7b5615cba77e966b3dfef7e8,2026-10-02T17:53:45.369105+00:00
641329,198.12,https://www.mlb.com/player/641329,49da485cc9d102157f8000c0bbc88686f3eae2087bda2337708562a2890fc837,2026-10-02T17:53:45.861198+00:00
641360,193.04,https://www.mlb.com/player/641360,b4a7904d94cc8ca02674f1da322a02193de33b62d044820a9b1023c7e1149986,2026-10-02T17:53:46.269308+00:00
641394,185.42000000000002,https://www.mlb.com/player/641394,71de6b1667302d3ae3700756671c1d4d0577b8585109428964b63ac45de5465a,2026-10-02T17:53:46.861750+00:00
641482,177.8,https://www.mlb.com/player/641482,0bd16c486948c53ab466dd3bc4d4d0698e472c9c50fb24fc8cea8dfe06c15a3c,2026-10-02T17:53:47.740098+00:00
641540,193.04,https://www.mlb.com/player/641540,6cd8c26450bb31ef027935da6ef20fe605793e4f0e9ba2d6731ee9ae9b1674a0,2026-10-02T17:53:48.078328+00:00
641582,182.88,https://www.mlb.com/player/641582,0eb616f2aecca7b024addbc0039278be47693ebf22d38e3953713a7b6ac8ee71,2026-10-02T17:53:48.445103+00:00
641585,182.88,https://www.mlb.com/player/641585,738cb7416311ec93456ed48aedc9b8cbf590d99aeca5b89812607ec74ae0a768,2026-10-02T17:53:50.190185+00:00
641656,185.42000000000002,https://www.mlb.com/player/641656,7373ee5cdfefcc296c556ecbe9f0b586528f603b1b6b2a01e6ce2e4f5dab4c2a,2026-10-02T17:53:49.372520+00:00
641712,195.58,https://www.mlb.com/player/641712,c33d0b37a90da794adc253a79f10bbc722aff91b36e92585ac9b1251fdb934de,2026-10-02T17:53:49.915585+00:00
641729,190.5,https://www.mlb.com/player/641729,8a8a4b0178e891a2020d095c6f144849dbfa0014ed98393e0aaf3489a00893f3,2026-10-02T17:53:51.112723+00:00
641745,195.58,https://www.mlb.com/player/641745,7f5a4277cf7c1b4b2955276f1000a55138aa02396f2edf7d552ba248e9d96bd8,2026-10-02T17:53:51.647290+00:00
641755,193.04,https://www.mlb.com/player/641755,1623be26e1886eb4915231429f1a3ce003ac3a569727c00026e1362072089d11,2026-10-02T17:53:51.957024+00:00
641771,190.5,https://www.mlb.com/player/641771,fe2fb065c64cdc4ed1501946c5c0db1eccf75768ebbc64647fc571b617fdb879,2026-10-02T17:53:52.575128+00:00
641778,190.5,https://www.mlb.com/player/641778,a5e60c359484bf253769b236b698f1775e8ca3909fda4741dc446996ad692ebf,2026-10-02T17:53:52.433675+00:00
641793,193.04,https://www.mlb.com/player/641793,343e4ca9d997859a3f0e0b23a9eee7e7be56345e1dec68ecfad6da37fbc87747,2026-10-02T17:53:53.390991+00:00
641816,190.5,https://www.mlb.com/player/641816,dd8206e548ec95c97c7a9d0913043519b0a5f5d5056c403a74d34ca3e330430b,2026-10-02T17:53:53.057361+00:00
641927,205.74,https://www.mlb.com/player/641927,afd5db36543c56b0b8aba777237a7f395da8e7d9229882e45dc695d3922ca576,2026-10-02T17:53:53.988842+00:00
641941,187.96,https://www.mlb.com/player/641941,a2c949b891751dc8fe3a87f6c377afb71459e02d49812e71822146998d7d2ed0,2026-10-02T17:53:54.969462+00:00
642092,185.42000000000002,https://www.mlb.com/player/642092,c343002331b66563d1f2a0efb88831106ec383ce52f1fe8b787dfddf96b0d89c,2026-10-02T17:53:54.874314+00:00
642121,182.88,https://www.mlb.com/player/642121,470fc31f8558de35076467383df69ebb7ba354c905d0fa6dfa30321781373685,2026-10-02T17:53:54.607289+00:00
642152,195.58,https://www.mlb.com/player/642152,a55f48ab67352854830b9548c578895eae138baeffef9f27d2fea9fbf31b6a14,2026-10-02T17:53:55.991437+00:00
642203,182.88,https://www.mlb.com/player/642203,f5326234c5d56bd423cf825b98706010ffe50ac6cb2aafeaaf51197eaf8081a6,2026-10-02T17:53:56.260919+00:00
642207,187.96,https://www.mlb.com/player/642207,0d4368631c39e26ed1c6ff6ab76737a33eb9d5fbd920f47ba3457a07990e427f,2026-10-02T17:53:56.407961+00:00
642232,195.58,https://www.mlb.com/player/642232,7ec608393d67056a98d44abee180f0bb33f919362d615537fd473f0a5296183f,2026-10-02T17:53:57.468337+00:00
642233,182.88,https://www.mlb.com/player/642233,1d536e71dbd567fea6dc5bae7c9ab75aefae9a07251e34db5696f3c049a5d53e,2026-10-02T17:53:57.783606+00:00
642397,185.42000000000002,https://www.mlb.com/player/642397,883e8042152287118215b59745598b084870c04cc747f0496bb946ba3cac19ea,2026-10-02T17:53:58.360202+00:00
642528,180.34,https://www.mlb.com/player/642528,3a7e9f6085b074e06b6a01861a1d4fd8ecdfc1c5ecde5e54710737eafa0b0240,2026-10-02T17:53:59.072775+00:00
642545,185.42000000000002,https://www.mlb.com/player/642545,4a3a561527e51f549c342267706807833557f0cf271d530fd0bb42b095516aaf,2026-10-02T17:53:59.833123+00:00
642547,182.88,https://www.mlb.com/player/642547,9ec808812e8a5f552bcb591a68666d1da97fe698c6e710d2d7f7b90f5c633eee,2026-10-02T17:54:00.213678+00:00
642585,203.2,https://www.mlb.com/player/642585,d2b9324a68447037d725cf007b6197e65838f9ea166e96091e90c9c12684bd0a,2026-10-02T17:54:00.976023+00:00
642701,187.96,https://www.mlb.com/player/642701,7b3ffb21d7e1760086b6188405d17715da7b9107a23f80636946bb3f9ee2965c,2026-10-02T17:54:01.802601+00:00
642758,200.66,https://www.mlb.com/player/642758,4796ea11f56c1e4dc026b0879a63c0d4a1a85a4f79c40a9c8b9ceaecbec2089d,2026-10-02T17:54:01.941077+00:00
643230,182.88,https://www.mlb.com/player/643230,7d1b0abc422a57e0e86ad153e41a3ca009700a35ae51d32ce5af5d6c8f043cd8,2026-10-02T17:54:02.636821+00:00
643256,190.5,https://www.mlb.com/player/643256,4fdb5788f57fef8e8b73fb8c7f8c560cea24a1ce69f33d5d00d42d14a2035705,2026-10-02T17:54:03.228952+00:00
643290,187.96,https://www.mlb.com/player/643290,54e1a63bc8a3a7d366ed8c9171c5bd394b453a2fdb71be1e927a4797256b6066,2026-10-02T17:54:03.643002+00:00
643327,190.5,https://www.mlb.com/player/643327,6755ca6fa526a350a065735de4a477240f71d7fdecc2db6c7909f4291ca5e1a7,2026-10-02T17:54:04.184209+00:00
643338,190.5,https://www.mlb.com/player/643338,b3ccce4da16e20131d4d9fbcc788f958b0e50c7c34dcbb49196a863a27f9418c,2026-10-02T17:54:04.973888+00:00
643377,187.96,https://www.mlb.com/player/643377,efdb8b2d8618dca7a559368d34c9ebb28551fa423aeaa9d91f448f4d73d487df,2026-10-02T17:54:04.908793+00:00
643410,182.88,https://www.mlb.com/player/643410,6f8f063f8e8702554b99c48b719429ab2f7887aad6501fcc6daad4b84e460e73,2026-10-02T17:54:06.040651+00:00
643511,190.5,https://www.mlb.com/player/643511,8570e9b43a6218af42e0f5484c95d6f71289e891d43a95b6aef9fb9f8dfe417c,2026-10-02T17:54:06.396244+00:00
645261,195.58,https://www.mlb.com/player/645261,3b4fd6a916c939a9a9256a669ed2a94f44fa265d96ef59eee7c95eb89879a085,2026-10-02T17:54:05.710318+00:00
647336,195.58,https://www.mlb.com/player/647336,0aabfe9c3c4a73c3995ed61b0fe84c0b750abe50a8661f03be273e5bc4925cd3,2026-10-02T17:54:07.475947+00:00
650496,198.12,https://www.mlb.com/player/650496,dd2ebc4e20dc4a9b146e96b52094a8a6d01ce8ff08951d13c8b324c5ff69e879,2026-10-02T17:54:07.480256+00:00
650556,185.42000000000002,https://www.mlb.com/player/650556,f576ed7c0613cd7d7ef784fce4ae0d00894713ac5dcdf34c01d174b39847f740,2026-10-02T17:54:07.812994+00:00
650633,190.5,https://www.mlb.com/player/650633,480dbee58abe725782707f8a14756b6dc10f2a66e66074114c17ed587759a9fb,2026-10-02T17:54:09.175594+00:00
650644,185.42000000000002,https://www.mlb.com/player/650644,0d58aab32e18b95d476d84f67b58e52ab38561c69adb465689f7f0eb62308492,2026-10-02T17:54:08.104243+00:00
650893,187.96,https://www.mlb.com/player/650893,e26ddaa918320871043a2f58d99ea165fc7e187b1219e4e3521c38f5b6aeb6fd,2026-10-02T17:54:09.433807+00:00
650911,198.12,https://www.mlb.com/player/650911,dcc80aec54d614307e4a87d87cce6dfbcd45682a36a3a4595891d04a2258201b,2026-10-02T17:54:09.890251+00:00
656061,187.96,https://www.mlb.com/player/656061,9296c36230ef9786207219df0fec56807408570ba90fd03889d3f46231cf683c,2026-10-02T17:54:11.232548+00:00
656222,180.34,https://www.mlb.com/player/656222,35b302ed40d1e8b394ec8457356e36c8a186a13ee62580d978c3c5a70a885bb9,2026-10-02T17:54:10.908162+00:00
656232,187.96,https://www.mlb.com/player/656232,38d73f35bfb1d8abf7a2a2a4397a37294aa630ceaa81f7867760bf0dad75b5f7,2026-10-02T17:54:11.968242+00:00
656234,190.5,https://www.mlb.com/player/656234,1d23df501c9e553dfb4c2354bcb923f71c51f9a12287f68d0e886ffa50b28b01,2026-10-02T17:54:13.069335+00:00
656271,193.04,https://www.mlb.com/player/656271,595e6348da00eac2e29275cdb9818ac72928a33d6eb2c94cca68557d99ee100b,2026-10-02T17:54:12.772366+00:00
656288,187.96,https://www.mlb.com/player/656288,c994f55c55cc2527a4016e21ed425c79e82420fcafa0af552ce60e56c52bef7a,2026-10-02T17:54:13.269275+00:00
656302,187.96,https://www.mlb.com/player/656302,983b647c40020b70347397ee338503886f4bdd163d5f28709bc5af5dd72f89fa,2026-10-02T17:54:13.396466+00:00
656354,193.04,https://www.mlb.com/player/656354,db7b338ff6c766452529971fcd0e9b3b1393d5d9f92b23047e9090ccd8f8478a,2026-10-02T17:54:14.817225+00:00
656412,198.12,https://www.mlb.com/player/656412,f288d221d9a5531068dd538e3d44702da1a4d7d6fceaf30627f229c2c8bbfe01,2026-10-02T17:54:14.694581+00:00
656427,193.04,https://www.mlb.com/player/656427,e96b471de2570b19aaad449aeeb56a7b4d77ac1942812569b6787f0cb13f2c9b,2026-10-02T17:54:15.200864+00:00
656464,193.04,https://www.mlb.com/player/656464,99a2994b4eedc9453b420d640f05d95a42a2126451608e8d0c08ae780a9b90f4,2026-10-02T17:54:16.408312+00:00
656529,203.2,https://www.mlb.com/player/656529,a6118ed6b4e39c6be62fe08403706eeef28039790224ebb36d7f57d369afaa85,2026-10-02T17:54:17.135512+00:00
656546,195.58,https://www.mlb.com/player/656546,48018c0518941a95746acc59b893bd8121d6ce307fea05eddcaec98462d7c30d,2026-10-02T17:54:17.345175+00:00
656550,182.88,https://www.mlb.com/player/656550,6653b75535b0527ee38b11dd8312c142b4c9931e08a1a9a12ec33c8218ee4ae2,2026-10-02T17:54:17.035218+00:00
656557,195.58,https://www.mlb.com/player/656557,0517f46f0a65760dffabb9824195d7c7f7b11571a54cb5ea4a8c72a6d1fde1b4,2026-10-02T17:54:19.100610+00:00
656578,190.5,https://www.mlb.com/player/656578,09a71bdeddf533f55d867b5072c73d9855c6058444d6b6612c9e597d2d4f339d,2026-10-02T17:54:18.633968+00:00
656605,190.5,https://www.mlb.com/player/656605,e417f72d3d494f4c05b11a70225f832dd1075f56ad45518176a07ce2e80e3821,2026-10-02T17:54:19.048154+00:00
656629,190.5,https://www.mlb.com/player/656629,2d440f0145d30d7b7527bbf5f8c459c23a3281fa99e5d7f431bec233ddc4fc2b,2026-10-02T17:54:19.969894+00:00
656638,190.5,https://www.mlb.com/player/656638,49b8c907ad6c8c23be7e784a40cb27404317296673e8113e0218b7d23b4a0d89,2026-10-02T17:54:20.996352+00:00
656657,182.88,https://www.mlb.com/player/656657,a656ea71beb33c5b23f969103535204dd585b919505bd8e848e35d91f4e62f15,2026-10-02T17:54:20.614661+00:00
656731,200.66,https://www.mlb.com/player/656731,f22e857b223c1e842d9ea2ad546837f711ba40e15f71a00ca20960aeeaff28ae,2026-10-02T17:54:21.712515+00:00
656756,198.12,https://www.mlb.com/player/656756,13c8ee02ad1ddc1755488cf31c940a871aa5f349cb02d741e3b6951a9c3a376a,2026-10-02T17:54:22.459630+00:00
656793,185.42000000000002,https://www.mlb.com/player/656793,0c235b1f3adfe0273d98b953b19435212177618ce6a86d07c6cd7e898b1414cb,2026-10-02T17:54:22.302206+00:00
656849,198.12,https://www.mlb.com/player/656849,d6dd62b0c2ab26ebd78a736816ca2cd85e289cef6fc597ef2034ad7a26f2e11c,2026-10-02T17:54:22.486364+00:00
656876,185.42000000000002,https://www.mlb.com/player/656876,f8edcf97aa39f78758192bac4d5403a6154e4a07f2711204dfef4c36387e083a,2026-10-02T17:54:23.071776+00:00
656945,182.88,https://www.mlb.com/player/656945,7153ed25115a211f5d38f929819a5b73540ead628eb6b24649494221ba11e1ab,2026-10-02T17:54:23.946526+00:00
656954,177.8,https://www.mlb.com/player/656954,85e6ef5a79af45852a722300e0b7d3fe556d800716ee05ae5ce7fba6a2b74b3f,2026-10-02T17:54:24.260382+00:00
656970,190.5,https://www.mlb.com/player/656970,474e2621ec95f35563d0fe2a8658f590693f710275954f342539622616f23790,2026-10-02T17:54:24.593131+00:00
657006,187.96,https://www.mlb.com/player/657006,3e5e118e4fcbfde86a53d28366d9e3b5e69b12ca0f7104fbfd2a1c5ca0466f7d,2026-10-02T17:54:25.217284+00:00
657024,190.5,https://www.mlb.com/player/657024,3788bbae32492360ddfa4830971a4e9dbbbd2722a4a243fd236679daf8a9d4ca,2026-10-02T17:54:25.905581+00:00
657044,195.58,https://www.mlb.com/player/657044,35452add24ed231b158dd39f59bd03654804c023a47b012d839320688133bb66,2026-10-02T17:54:25.371910+00:00
657053,190.5,https://www.mlb.com/player/657053,d920a7dc1d388f5dca62981ce5be97916884fcc04eb3a3a95fed791f603d7a5a,2026-10-02T17:54:26.920266+00:00
657093,187.96,https://www.mlb.com/player/657093,adb9c3f7ff6346c851e8705a98c853f081cd314161cc5f39e71c48223b703680,2026-10-02T17:54:26.829909+00:00
657140,193.04,https://www.mlb.com/player/657140,ef32bc7ac9ee57772077ee2031315e9af91e90c50c0d321eb4206cb4788ca9e1,2026-10-02T17:54:27.496243+00:00
657240,193.04,https://www.mlb.com/player/657240,aeba9979c91ad008159e490eab4a4a7284c9713bca992401100ce597681f104c,2026-10-02T17:54:28.958186+00:00
657248,190.5,https://www.mlb.com/player/657248,d52071f487c4b3b623d619572fd278f35cf46105b7cca92befbef933ad4f5cac,2026-10-02T17:54:28.904079+00:00
657277,187.96,https://www.mlb.com/player/657277,ddea7024766cf44a9f9b6d82777f6dc1128ccf03f8843bd8874d4b8c546e5b57,2026-10-02T17:54:28.868717+00:00
657376,185.42000000000002,https://www.mlb.com/player/657376,f953b5ea2d674b69806648b6c4d2c1e942650474534257e8513e041820b3c28e,2026-10-02T17:54:30.470931+00:00
657508,193.04,https://www.mlb.com/player/657508,4c8665fdbdac3b7d1f055bff5c1b67dfe9b2f6ac5d7afef1161f80b526e2b249,2026-10-02T17:54:30.305413+00:00
657571,190.5,https://www.mlb.com/player/657571,3b1ae4a7caf498f5725090060836481a897bcaa556149e216ba147650bda31a1,2026-10-02T17:54:30.659273+00:00
657612,193.04,https://www.mlb.com/player/657612,c1183193568558af92850eb2eb92cfc384616815387f6205d21390570cefba2a,2026-10-02T17:54:32.103169+00:00
657649,195.58,https://www.mlb.com/player/657649,e3e54b52d5ca653219ae08ad7a9826b8b5b675624871844e7bab28abb1409ccf,2026-10-02T17:54:32.006627+00:00
657746,187.96,https://www.mlb.com/player/657746,8109d45f00797bec8ffe17e55168f8df99e2b34e77aa3311a3911fb30a5a3dd5,2026-10-02T17:54:32.530560+00:00
657756,187.96,https://www.mlb.com/player/657756,6f2a0808e24e05d2083fa713c4f847d1f821f4c208f30d540968a728dcb9f5ac,2026-10-02T17:54:33.557259+00:00
658648,180.34,https://www.mlb.com/player/658648,fe33285537ef1e74123a8a1fa8b22cf85f2a66555781006df6d040b3809737e3,2026-10-02T17:54:33.773091+00:00
659275,190.5,https://www.mlb.com/player/659275,607f3274c3a06b77efd6b614a1a68ccf8060d2cd3b19213b26c6316c1ff84ef1,2026-10-02T17:54:34.584766+00:00
660261,198.12,https://www.mlb.com/player/660261,5227a0acf5b337bfab3c72d9606f78594197cbe2e7b29ed6329614ccb4ba038f,2026-10-02T17:54:34.855823+00:00
660271,193.04,https://www.mlb.com/player/660271,ffe4ab3d955931c11dc7360c7f452699fe399d6685e425e89d2baa58d9f4ed51,2026-10-02T17:54:34.400250+00:00
660623,187.96,https://www.mlb.com/player/660623,c6132ca4681de34b2a8e0bf536551f7ef6d50205656faaecbab28381763be0b5,2026-10-02T17:54:35.933762+00:00
660761,177.8,https://www.mlb.com/player/660761,ca787e0865c08124b1fd88f07e2200cc87dad5b466becb26eee1597e2271b1b8,2026-10-02T17:54:35.868412+00:00
660853,190.5,https://www.mlb.com/player/660853,d28c6aaa761852e0965df93431ab260855fa13a96f031b1f570595ad441dc040,2026-10-02T17:54:36.703928+00:00
661269,185.42000000000002,https://www.mlb.com/player/661269,7e69aa1dc625d2b90a61481313e168ffd490ba072c7d55d8453ebd38adb56d8f,2026-10-02T17:54:37.274153+00:00
661309,187.96,https://www.mlb.com/player/661309,b338bae1eee9e7ba5129bb767d117240e15658268b21a28ef3a7d064d34956cb,2026-10-02T17:54:37.255736+00:00
661395,195.58,https://www.mlb.com/player/661395,c336273b75ccfc354522ec4cca0aa6d732ef5b68d14039a9b3041a1c65714563,2026-10-02T17:54:37.489839+00:00
661403,187.96,https://www.mlb.com/player/661403,647a9211dfbcbec45afd4623611af5dd0d0b6ee7813d29b2fb27a55a93c98db6,2026-10-02T17:54:38.703329+00:00
661563,190.5,https://www.mlb.com/player/661563,1461bd0b5809af588611ee11b1a3fb282339c5c46ab4378703ac732e60057a40,2026-10-02T17:54:39.026369+00:00
662253,187.96,https://www.mlb.com/player/662253,bfc9bb52a18933e96e0320920ec56c9302c72798beec2346218ae361f011f9d8,2026-10-02T17:54:39.278546+00:00
663362,187.96,https://www.mlb.com/player/663362,f690890a399cb0363215e7918a4d382bb9ac69763e2bcadb9550935aff113e42,2026-10-02T17:54:40.625744+00:00
663372,193.04,https://www.mlb.com/player/663372,bc245b0b20d04bf68450a1d56d9dd730d28aa4950141b9f7e89ed1ba3db0b01e,2026-10-02T17:54:40.423357+00:00
663423,182.88,https://www.mlb.com/player/663423,dd38a1ba2b261c033da759bd13ce2a4cb318fb1b8f082bfed091b7f895abecbe,2026-10-02T17:54:41.137408+00:00
663436,187.96,https://www.mlb.com/player/663436,b3e564ab4bef2e73e256523c663cdfa57958f601ddd316536dac3fc31b7b5a23,2026-10-02T17:54:41.833826+00:00
663455,190.5,https://www.mlb.com/player/663455,baaacbc9994fae168182e1dbbbf40d629afd3cb723812dd3e01829fc52cd3e6a,2026-10-02T17:54:42.238608+00:00
663460,190.5,https://www.mlb.com/player/663460,638c6a7cdfba81fde41d0f4bac8ff45f933ed7dec49bdf8b72edb9af04efda3b,2026-10-02T17:54:41.949141+00:00
663465,185.42000000000002,https://www.mlb.com/player/663465,8abce81d5187bc2d884e47b8cde44c4070ad8260aa799e641dc375a4928c854e,2026-10-02T17:54:43.518512+00:00
663474,195.58,https://www.mlb.com/player/663474,8fcb61bd94dc50ab6851a2855b89edb8899fff0a8f3729b105788c9e09fb3b51,2026-10-02T17:54:43.085821+00:00
663485,190.5,https://www.mlb.com/player/663485,6711e4271314ca136e445fce3215809800f4670dc572c2a4c952e22d91e29309,2026-10-02T17:54:44.220240+00:00
663546,210.82,https://www.mlb.com/player/663546,f8705c8cbc7a2738d5c2dd47454c4b365a3e18bb2ffe57348c038e0e75e95984,2026-10-02T17:54:44.484142+00:00
663554,190.5,https://www.mlb.com/player/663554,e3c68568a8a37b9854ab5647d5985d56c27cc6cf1e2de7abc31839e2b844d14d,2026-10-02T17:54:44.826658+00:00
663556,190.5,https://www.mlb.com/player/663556,3d3e7d72421dc40a3c2db14a020dd4871e0d263aa1f9b47cca7dd092bd17d66b,2026-10-02T17:54:45.531043+00:00
663559,193.04,https://www.mlb.com/player/663559,610128803e70aa0b727af08edff0118026d079be631a5eacf9af071c0f13ed31,2026-10-02T17:54:46.343893+00:00
663567,187.96,https://www.mlb.com/player/663567,e62fb77f081caf4bdc40100d53e6030d2f18c910368120199d2112a30258eb65,2026-10-02T17:54:46.716006+00:00
663623,198.12,https://www.mlb.com/player/663623,5ddd102483054cfb31aa2b03eba1868d00054b50a7d0febd2b6b20a2f66fda4e,2026-10-02T17:54:47.296493+00:00
663687,190.5,https://www.mlb.com/player/663687,237a6575d0b2ca4ed8bd2ad566906c872bf47458874f52333f095f28b24cab9a,2026-10-02T17:54:47.979158+00:00
663738,198.12,https://www.mlb.com/player/663738,83f5ac28ec2cd36e54ae36a1c68995cc0238dccf625f7651fd27dbd6fd2548f0,2026-10-02T17:54:48.458811+00:00
663765,193.04,https://www.mlb.com/player/663765,7d25f042df28e51a135bc83730a5d73a11abbcef9502ff46df556af320e19a00,2026-10-02T17:54:48.933429+00:00
663773,198.12,https://www.mlb.com/player/663773,d34754bd651a3a93f69279c6b3af612cddac590db95d4e64a5d93328f02ccf9e,2026-10-02T17:54:49.464325+00:00
663776,190.5,https://www.mlb.com/player/663776,c8eb9b45957754b06d88402c3b76c112e1249e4dd462af6b1d7c92a8942119c7,2026-10-02T17:54:49.873388+00:00
663855,187.96,https://www.mlb.com/player/663855,71b73671ae559cf18b650ae3d0b0d969767baefbdf54660775c653eb4ee0957b,2026-10-02T17:54:49.722198+00:00
663878,198.12,https://www.mlb.com/player/663878,11e105a8849d153cd47c0b72c53ab605a8ad67c81e429280fe78cf7734e6ad69,2026-10-02T17:54:51.151117+00:00
663903,195.58,https://www.mlb.com/player/663903,01ab8393018553fddf3b6a3cce3c4075151b079c6bd843208e47beeb018fe590,2026-10-02T17:54:51.329823+00:00
663941,193.04,https://www.mlb.com/player/663941,2bbff270a768fcc3c53bd5f0ec515334c8c9fed5a54ff1620a0bd80cd0644001,2026-10-02T17:54:51.697473+00:00
663947,187.96,https://www.mlb.com/player/663947,ce4891bcdd7bab220580f4239554c6880e9a8c740923984d5947ab86822d6fa1,2026-10-02T17:54:53.327228+00:00
663978,195.58,https://www.mlb.com/player/663978,48188b8765bde18949d7db1204f5aeeb65e995447f6f788c0065125e042117ba,2026-10-02T17:54:52.986199+00:00
663986,195.58,https://www.mlb.com/player/663986,a2d6c1b3efe656c55e59dbb9a54b218cd8145736cff5c8796061a6173c530157,2026-10-02T17:54:53.261386+00:00
664045,187.96,https://www.mlb.com/player/664045,f1b44ae25e17c064146a72e8f2ea49741bc5c734c913d636c0e2104ecb5f9934,2026-10-02T17:54:54.329713+00:00
664062,190.5,https://www.mlb.com/player/664062,70bcc0a6d687c4666a3a73be68ae3e1fe6af15849671fe477dc2b718ec8c1e1c,2026-10-02T17:54:54.774461+00:00
664076,185.42000000000002,https://www.mlb.com/player/664076,0069d653752f6fd7be466320f966e82dd53ef737d32f81fa4a18bb1d1817e35c,2026-10-02T17:54:54.828273+00:00
664129,195.58,https://www.mlb.com/player/664129,9bca7eb6c5eb49b64c47d7823a8fb2f198e28df6c3256d284cccf2f07a20955c,2026-10-02T17:54:55.806318+00:00
664139,190.5,https://www.mlb.com/player/664139,c9e0a4a52196e2fe83c78f20622957425d374ea8b3abef1d95cd22da93d17015,2026-10-02T17:54:56.332542+00:00
664141,193.04,https://www.mlb.com/player/664141,66dec62b4bda93e494809a90af6398408ac32f767ccfe686b2eb7cd394a4349f,2026-10-02T17:54:56.417219+00:00
664199,190.5,https://www.mlb.com/player/664199,09a6da73c569be2f63ac9f85ebcd66f699fcb0007bf388611b7ce250e158d808,2026-10-02T17:54:57.359999+00:00
664208,187.96,https://www.mlb.com/player/664208,f45c3eb6fe7e0b13e3b502e328f513ae0c804a7b663682ac0d5cf98caf6ca245,2026-10-02T17:54:58.236483+00:00
664285,180.34,https://www.mlb.com/player/664285,cdb7184387547666db168084d177823f9c9cafdcdbc09252d4b002e2f0ff2a75,2026-10-02T17:54:57.891751+00:00
664299,185.42000000000002,https://www.mlb.com/player/664299,2b5f519045cbd1e8d8ceecc47d214e2ed4f4778c849cee32125c86cdd2dc76c3,2026-10-02T17:54:59.052106+00:00
664350,182.88,https://www.mlb.com/player/664350,fdf1e4a7da3206f33ad4b95e5b6e2f5494764482ad76fc710ec779f94644ca71,2026-10-02T17:54:59.276346+00:00
664353,182.88,https://www.mlb.com/player/664353,8916da09ddc642b4f303cb10c756abc23579c615f9c69940e6ec0b79923410de,2026-10-02T17:54:59.051307+00:00
664747,187.96,https://www.mlb.com/player/664747,8c8e830dcc183cc748c423d0ed8963cb2b0a4a09c246eba2643b0866912408a5,2026-10-02T17:55:00.631520+00:00
664875,190.5,https://www.mlb.com/player/664875,10f12d782f23832970b8d4123cc833d806051251a713099154283a40992fc4cc,2026-10-02T17:55:00.835744+00:00
665152,187.96,https://www.mlb.com/player/665152,161b870615d52693c2873c8807e184b39ef8e356cb1c94ab6cfa3c84e1a0f124,2026-10-02T17:55:00.772289+00:00
665622,185.42000000000002,https://www.mlb.com/player/665622,d6a3bdd51e139ae25a9ef242a38dc49a4f5e71924fadee7a096c7fef2a780267,2026-10-02T17:55:01.527872+00:00
665665,185.42000000000002,https://www.mlb.com/player/665665,e57ab75e1a3f4596e0ca37c0c36cc6ddfe72b2e6f460fab231d2fa0f25c6cd19,2026-10-02T17:55:02.443754+00:00
665795,195.58,https://www.mlb.com/player/665795,83e2d5ef43683ce315faf92f234a4c65fd38552bf4eb37475579ae60d31aab0a,2026-10-02T17:55:02.883410+00:00
665871,185.42000000000002,https://www.mlb.com/player/665871,caa146caff3c3c02cde3b158fdec07b1c5ddc6666a948ebb16770c9f659ad2ce,2026-10-02T17:55:03.225094+00:00
666120,190.5,https://www.mlb.com/player/666120,9d26d26037a11dbce4cab63575c2483420770636e3590ba18a1928f530486f1c,2026-10-02T17:55:03.219788+00:00
666129,187.96,https://www.mlb.com/player/666129,6707fb631fed6654d8ee3edcb5e2d090e627e641ec957a6172da1d72f65596d8,2026-10-02T17:55:04.525232+00:00
666142,193.04,https://www.mlb.com/player/666142,9342aaae17fbbd752b68c78ac2bf9b2e87a76362dd0f36b758ba12be1a581a19,2026-10-02T17:55:05.003616+00:00
666157,198.12,https://www.mlb.com/player/666157,7122e3574d4a6164a91492bb73ee867431256bf5f53ecf1d61b647b2d98b49e1,2026-10-02T17:55:05.101696+00:00
666159,198.12,https://www.mlb.com/player/666159,16dcf3d8dae77a1d790f715477cd8e7ee3a8238d9269e14bd4ee3420a2832ae9,2026-10-02T17:55:05.952797+00:00
666200,182.88,https://www.mlb.com/player/666200,5d50a0f3e81fd3abe453dfdd413a00ac74eefd72040e33eba5bb3b1ddaeca6b2,2026-10-02T17:55:05.806960+00:00
666201,198.12,https://www.mlb.com/player/666201,e43f12decffd6113b16e518ea4544669056c9814004435be08099c51e0444091,2026-10-02T17:55:06.605183+00:00
666205,200.66,https://www.mlb.com/player/666205,c60eeb7de69bb55acd87254c9e861566bf870e71803023513c862f9bbe6ff3eb,2026-10-02T17:55:07.178940+00:00
666214,195.58,https://www.mlb.com/player/666214,41750b32181a3cf0295f4da1d6d64703eb4054b52151e4060473364e43f419e8,2026-10-02T17:55:07.800289+00:00
666374,185.42000000000002,https://www.mlb.com/player/666374,7320eacaf6ddb1e5e7f483c84605b078e951aa3a7646d46ef5110f155b6610a9,2026-10-02T17:55:08.393249+00:00
666619,190.5,https://www.mlb.com/player/666619,856c3d5bc8ba9731a8c839bc13d985cecf214c958ec8c34b2c9da4513a4a7b68,2026-10-02T17:55:09.595710+00:00
666745,187.96,https://www.mlb.com/player/666745,5e42e85a6cb68e99bb42713579f69bc8d0a9393c4da5302b542ac401de8aa453,2026-10-02T17:55:09.406405+00:00
666808,187.96,https://www.mlb.com/player/666808,0c6b9bb3ea2140dde2f236c6c3daee1bdff4c9b72cd7c10f25576feff7c98219,2026-10-02T17:55:10.171000+00:00
666974,193.04,https://www.mlb.com/player/666974,3f7dcab9a55b4aaca8ea86982a7790d76567198a2a142cf8b79eaac0a488c666,2026-10-02T17:55:11.633368+00:00
667755,190.5,https://www.mlb.com/player/667755,452bfbfa6277cca62addcd43e7e946888956a36c24e5785576da33a0219cf8f7,2026-10-02T17:55:11.245781+00:00
668674,187.96,https://www.mlb.com/player/668674,13c9ceab2276967b7c957d90254f04d02b482355d36a54878a240182be7aa26d,2026-10-02T17:55:12.534436+00:00
668676,190.5,https://www.mlb.com/player/668676,74c6a6a05f87c45a33547feb223a4a787e4eece629d97aea9965a655cac75f1f,2026-10-02T17:55:12.845425+00:00
668678,187.96,https://www.mlb.com/player/668678,a6c2a1452320f445a22855de1766d6bb15f4a32104a74e2d71d3f6b3780f2096,2026-10-02T17:55:12.411648+00:00
668868,187.96,https://www.mlb.com/player/668868,fd341f138a9e66962cf20215ab4d0822958d3863e2ca02999e918fbb62bc3741,2026-10-02T17:55:14.485623+00:00
668881,195.58,https://www.mlb.com/player/668881,3727c3b50c6449328eb87be6b874a5c1df4fe77f167a7206cb2ee96998d7fbda,2026-10-02T17:55:13.158839+00:00
668909,198.12,https://www.mlb.com/player/668909,4db4037d65bae269d38463e10246b557a82b92b201bfb1bfb8715c94ad7b5e17,2026-10-02T17:55:13.723155+00:00
668933,187.96,https://www.mlb.com/player/668933,da83e83dde9cbec0be100d2e869b263772d1a6cb5207196079157a71da040d84,2026-10-02T17:55:13.960702+00:00
668964,185.42000000000002,https://www.mlb.com/player/668964,68ece018f2a3bbfe1bf99780fca07574e8af3baf5ecedece56592e8f3f0f93a6,2026-10-02T17:55:15.575207+00:00
669022,187.96,https://www.mlb.com/player/669022,ec9b55277bbab607187c2624b71b61fd40f6377f1f60669010d090821e9cb040,2026-10-02T17:55:15.581921+00:00
669060,187.96,https://www.mlb.com/player/669060,45ad35de0f92b59c46db33de1d16057fc215457d55d69cb6ff1dd69a47296222,2026-10-02T17:55:15.968462+00:00
669062,195.58,https://www.mlb.com/player/669062,3f42b2c2f5371dda189feda5c06897ed6a77e8102272facfb47c946ec51173b8,2026-10-02T17:55:17.080309+00:00
669093,185.42000000000002,https://www.mlb.com/player/669093,ca8bc5fab7eff5b842cb50814e37b12e73929e24a90ddedc75d0fbeae6d2b7ac,2026-10-02T17:55:16.866741+00:00
669145,190.5,https://www.mlb.com/player/669145,5185a43e1200d7f79831a613502a20a61228d43d51679d730277bf044a1a4798,2026-10-02T17:55:16.762771+00:00
669160,198.12,https://www.mlb.com/player/669160,93326e39ef1db9d9a9745bb99360bcc837e1a968419d7571babe7796682fc93f,2026-10-02T17:55:18.296896+00:00
669169,190.5,https://www.mlb.com/player/669169,3f9cfdcc4bdc606dba73808824ceaf782a278d300309335003dc7ea44221f357,2026-10-02T17:55:18.551896+00:00
669194,190.5,https://www.mlb.com/player/669194,edd4495c055dec9c2fd6ccd49e3f6f5f151cc9058f3ec08d88816faafef6c64d,2026-10-02T17:55:18.690665+00:00
669203,190.5,https://www.mlb.com/player/669203,2fbd37dd96bd0afb90fab61741728a45310fe59d09d15761b7e2bf645d7804c2,2026-10-02T17:55:20.295437+00:00
669211,182.88,https://www.mlb.com/player/669211,a75abeba5e809754c2e9ccbb1340ee7823e247a5d7237c5cb4d02f2632f0fbf9,2026-10-02T17:55:20.643353+00:00
669212,177.8,https://www.mlb.com/player/669212,c4e36711b3caacdc3720b6e7db83a7eafba1b0edcada86627a4b826b82afeb4b,2026-10-02T17:55:20.042387+00:00
669302,198.12,https://www.mlb.com/player/669302,504188b7b1946b56d966809c89501738b9245a58268fd676e8a965b8866ffdea,2026-10-02T17:55:22.269339+00:00
669330,203.2,https://www.mlb.com/player/669330,ac0604668fdc63cadb98c2909877524d3f13b8de9b45994f3a92bfdc454d283c,2026-10-02T17:55:20.920102+00:00
669358,190.5,https://www.mlb.com/player/669358,e92c24f80e0ca2df94745a41c07ce07622f09528dc671ee0cf9353182f5f0d03,2026-10-02T17:55:22.235131+00:00
669373,190.5,https://www.mlb.com/player/669373,a99c19dff3aedb56bcfc4bb373e58ad515e5cd956831218f38c13295f4f03f02,2026-10-02T17:55:21.545264+00:00
669395,195.58,https://www.mlb.com/player/669395,f7612ac7e683557bb5d5664c63a0aa679598944929465dd24e3bf924ba6b19a5,2026-10-02T17:55:22.989974+00:00
669432,195.58,https://www.mlb.com/player/669432,496c3004a99c1f9b68c2d106e34e6cc4bfeb7ea7987136982395e19d3a433526,2026-10-02T17:55:24.217554+00:00
669456,190.5,https://www.mlb.com/player/669456,6953846c0a9fe4636e85b435f2fc746528e0d77e5f9e2f6448ff7a64fd686c98,2026-10-02T17:55:23.813817+00:00
669461,193.04,https://www.mlb.com/player/669461,3590d97dee6fd6700ad05a4aa76057d4bc05db01d2c7bf8944d8e7488502367d,2026-10-02T17:55:24.581358+00:00
669467,182.88,https://www.mlb.com/player/669467,27d9bee0b95ebf3122b51349137c52c70c84a96dcc83c4e89f45da8703226bba,2026-10-02T17:55:25.450168+00:00
669711,187.96,https://www.mlb.com/player/669711,b86ed5ad926d1ee49084cad097f8e654b66d6313d90396e770d9ff46cf256fc3,2026-10-02T17:55:26.011689+00:00
669713,190.5,https://www.mlb.com/player/669713,cbff92b9c7cec3381b0785271b3bbc13e9a490d4f5edd70efcdecec38d342516,2026-10-02T17:55:26.178692+00:00
669854,190.5,https://www.mlb.com/player/669854,1a7437177b0a1bff257f95b22c2003fbf010dcb1f1ddf61898da0934f2ae0c9b,2026-10-02T17:55:26.944434+00:00
669920,187.96,https://www.mlb.com/player/669920,6b79aa462c8f6263f73f4990036288169a5a0a2d70ea05f4a0baa54182fd9a41,2026-10-02T17:55:27.333236+00:00
669923,193.04,https://www.mlb.com/player/669923,53276cfb7f6126caa354ae9c64067562ef3a5220e0544b5c3afc071b769133d4,2026-10-02T17:55:28.241802+00:00
669947,193.04,https://www.mlb.com/player/669947,3b290bd105f6257b847c770906cfeae92a794aaa85ddf926c2cf452f1c6cae6d,2026-10-02T17:55:28.544841+00:00
669952,190.5,https://www.mlb.com/player/669952,1c829b9754fc5da83156869111dbb91bb6c57c51d1310fda8386df02a24906f9,2026-10-02T17:55:28.755088+00:00
670102,195.58,https://www.mlb.com/player/670102,5f8ba2a9e45125be34d97e99e5768afea8bb6ca31ba924bc1437b299f6b11a6f,2026-10-02T17:55:29.732944+00:00
670124,193.04,https://www.mlb.com/player/670124,de33fea955ae694175658d57fed46fb801f1e44044acef19ad259de8b42bfbcb,2026-10-02T17:55:29.963713+00:00
670167,187.96,https://www.mlb.com/player/670167,6897ba9c075019625d3079c2798e3903034160e300266544eff47fa007be1625,2026-10-02T17:55:29.388389+00:00
670174,193.04,https://www.mlb.com/player/670174,85cc7eedceeb2d6f1f2baa0b08e6224c9ebd5ff4d7b3a759ec91e875ffdaceca,2026-10-02T17:55:30.741337+00:00
670280,185.42000000000002,https://www.mlb.com/player/670280,3668b1d6da164821cc1dc8c11f4790965ce40f5648bd2b45e73e420c12e65724,2026-10-02T17:55:30.365010+00:00
670912,198.12,https://www.mlb.com/player/670912,c5e6a65a7efd89879a7373ac48bbca7c521d765786702da90e49e2dbddb1b0b1,2026-10-02T17:55:31.578864+00:00
670950,187.96,https://www.mlb.com/player/670950,298b6765db78bb2b87a068618abfb0508b86f0b44f32c096549b83ab8dcabdd1,2026-10-02T17:55:31.645999+00:00
670970,180.34,https://www.mlb.com/player/670970,baef1466081b1f6c4824286a5d2d79234645a3e3609aef0a6f2ac168b60386a2,2026-10-02T17:55:32.576194+00:00
671096,182.88,https://www.mlb.com/player/671096,45c7ec1455c2eef1362cc8c5a1f069e4653c2f9912f214b5ac442d9786cb2f11,2026-10-02T17:55:32.375984+00:00
671106,182.88,https://www.mlb.com/player/671106,0c059fd3c28bd7099451029ed603401c9d87e026ab6d5e0bcabecc065837a4f2,2026-10-02T17:55:33.150199+00:00
671345,193.04,https://www.mlb.com/player/671345,9062a38e65122a3c063da530ea645bbace2eb03f9603d20e7e72c94c1c8ed19e,2026-10-02T17:55:33.168413+00:00
671737,187.96,https://www.mlb.com/player/671737,ef8444a07d427c42299fac028abf6c05d9bf3e6224b5bf380f1f629cfc83ed9d,2026-10-02T17:55:34.183397+00:00
671922,195.58,https://www.mlb.com/player/671922,a3a2fdbe5e72ce10679ee3525cd5da506e048f9931267637668cb2b2a341530c,2026-10-02T17:55:34.581137+00:00
672282,187.96,https://www.mlb.com/player/672282,563886456ce6c73badca4a24e632c65b7dae1ad67752bda308708f7d94ad2d26,2026-10-02T17:55:35.123025+00:00
672456,185.42000000000002,https://www.mlb.com/player/672456,f96709d06ba23d8a8f6b51d393d46d8e526be2ee6a6c6936175afd95ee2b2a47,2026-10-02T17:55:35.615287+00:00
672578,193.04,https://www.mlb.com/player/672578,607c3b1acd653ed8ce901b366b06aa367d223a0844203ae470e7d1a62a7ccf0e,2026-10-02T17:55:36.244987+00:00
672710,185.42000000000002,https://www.mlb.com/player/672710,98949782d847d5309acade0a00d5fb25ae71d2f7d9760f4b6378535c784090ef,2026-10-02T17:55:36.691953+00:00
672715,185.42000000000002,https://www.mlb.com/player/672715,d61b32c4427ef8e757720af9775856bcbb7d7b1262f04632618fbad5d5192e25,2026-10-02T17:55:37.055508+00:00
672851,187.96,https://www.mlb.com/player/672851,9c15bbe4c071d977809a84262d327519398e21844519624a2a2c668ab4a3f43b,2026-10-02T17:55:37.680504+00:00
673513,172.72,https://www.mlb.com/player/673513,4bff8652a6b19fb6813e4a0b48be1654005aaa7c491776d7302140592d3767e7,2026-10-02T17:55:37.313676+00:00
673540,185.42000000000002,https://www.mlb.com/player/673540,680b6e8753ed3ce62899e14d46e441a87b0d2b8582f26ac87063ff25009c9847,2026-10-02T17:55:38.526598+00:00
674003,193.04,https://www.mlb.com/player/674003,27decceddb90726388bae5c029b95943882b0fb375ad223d45d314c8dd7edeee,2026-10-02T17:55:38.750811+00:00
674072,190.5,https://www.mlb.com/player/674072,3f6ecc52a9b18feac516a87aae3c3fdcbafbe27c5254376243562c4d8ca77464,2026-10-02T17:55:40.153480+00:00
674370,190.5,https://www.mlb.com/player/674370,11b019a4f8db1deace149d7900a4810517b1f72384328e4355970db52fd4cd2a,2026-10-02T17:55:39.983611+00:00
675540,182.88,https://www.mlb.com/player/675540,cc3853e4efcd8784e0cd2f2d8063d3bb2b437cac082d92e3a1671d6f17738d6a,2026-10-02T17:55:39.582087+00:00
675627,190.5,https://www.mlb.com/player/675627,ab1eb2533286fc5d25a41e12f730c92bfaf6232975253c750fc7b21cd3027df6,2026-10-02T17:55:40.984520+00:00
675911,182.88,https://www.mlb.com/player/675911,034105f34f9bd13bdae32124487c5c909fd106eb35c34931c69c77b77729bcb3,2026-10-02T17:55:41.391316+00:00
675916,190.5,https://www.mlb.com/player/675916,c9cd00a3c81dfacb1d4da0ab42b61e986022ca2a81073d5d05998fa916726986,2026-10-02T17:55:40.985766+00:00
676051,195.58,https://www.mlb.com/player/676051,c188a9c919286e2f0ae7e78f04a00ab44baf68665aa2eca193666609ec1d8df3,2026-10-02T17:55:43.110161+00:00
676106,193.04,https://www.mlb.com/player/676106,bdc9e04f2a7d50fdc34a44c61bbe4dcb9b81ede9f629cf9c5e98319ab57cf192,2026-10-02T17:55:42.500977+00:00
676130,182.88,https://www.mlb.com/player/676130,9a45a618341ab4f6e0c0cf617bf547be6f95b4907e337519b8ccda2356eaac8f,2026-10-02T17:55:43.417864+00:00
676254,187.96,https://www.mlb.com/player/676254,5e5a6be6c99dbfcf39114e356cd0d3f240ac39fd1d57abaa5042b370e8065611,2026-10-02T17:55:44.124775+00:00
676272,195.58,https://www.mlb.com/player/676272,62cda397acbf24a8115a5a0aada52901adefd2044cce733d8cfac826c8d93f94,2026-10-02T17:55:44.575960+00:00
676440,187.96,https://www.mlb.com/player/676440,743d16d6b9119f2ddeac86f23f744529304c5b325179df40590d63a8cf4432ea,2026-10-02T17:55:44.638566+00:00
676477,195.58,https://www.mlb.com/player/676477,ad32c20a8c73db341f2b43e948dc5588670b3b8ecf58ddae15cf00767b4a0c67,2026-10-02T17:55:45.683883+00:00
676534,185.42000000000002,https://www.mlb.com/player/676534,6d2bc649929202b99cf216899b4214ce052a3d16986556f9116ce2710a1552dc,2026-10-02T17:55:46.213275+00:00
676596,187.96,https://www.mlb.com/player/676596,7a314622790515b6be5f88205b742edcbf5c237da66672fcecb23d90189f8557,2026-10-02T17:55:45.847611+00:00
676606,195.58,https://www.mlb.com/player/676606,c06207949686b619be84dc94ef2e249917e1815b0968574b0b6c6902b469d344,2026-10-02T17:55:47.533842+00:00
676664,180.34,https://www.mlb.com/player/676664,c33078f5c534499f9bb1be4723a7fbbb6a7777fa7a8af0bc6810d114b8e77c33,2026-10-02T17:55:47.452616+00:00
676684,182.88,https://www.mlb.com/player/676684,269c38375ea1af426f31ab311d220eb33284cf10665138abe1a28d10f151c20c,2026-10-02T17:55:48.073995+00:00
676710,185.42000000000002,https://www.mlb.com/player/676710,874be5ee3204616b89852ebaa9194bc73f96f5a1ef977a212746e2fea5e72113,2026-10-02T17:55:48.941763+00:00
676840,185.42000000000002,https://www.mlb.com/player/676840,0d6061ed47b1480ecd98848618a9b9ec104961f37dd214ab183d2fa91f84ca1a,2026-10-02T17:55:49.180503+00:00
676879,182.88,https://www.mlb.com/player/676879,11ad0dd269be27fafb29afa35c6ea882f09b994e6344a29f98b0bcc91e396188,2026-10-02T17:55:49.332906+00:00
676979,198.12,https://www.mlb.com/player/676979,f42ad3b6e15855d0a45e0b59afe3a1b6b52909da1fa026a91c175031c00e6f26,2026-10-02T17:55:49.773104+00:00
677651,185.42000000000002,https://www.mlb.com/player/677651,8eba100853558d573f4d4d40f99842f56e94fbafbe656255990d239495df857c,2026-10-02T17:55:50.808860+00:00
677944,193.04,https://www.mlb.com/player/677944,aef72d8747340cbcfef5043fb9746ad8d7cbb9ac68a73cc6198c5f9cc2f84987,2026-10-02T17:55:50.894640+00:00
677960,185.42000000000002,https://www.mlb.com/player/677960,434f17a27ceef5cdf9ca20073d388429925104b05d54ad3b71ab93c78064cc4e,2026-10-02T17:55:51.221436+00:00
677976,185.42000000000002,https://www.mlb.com/player/677976,67b767d3a979a0f7f06ab3ce72625269f42516d0d4d9b5884a1775f211454e90,2026-10-02T17:55:52.518427+00:00
678368,177.8,https://www.mlb.com/player/678368,e01b5ee73aa76bca080a860c02307aa45c4a18092fd4c93ed58d97a615ea23d3,2026-10-02T17:55:52.268762+00:00
678394,185.42000000000002,https://www.mlb.com/player/678394,74071101e173d2c6dba0326df0dd65622af15fa00dcdf7e15706ee7bdb5dcf5d,2026-10-02T17:55:52.904589+00:00
679525,187.96,https://www.mlb.com/player/679525,14a0997f22444597225a2215d2b495b92ad290f1906e9b5c881f48e107dbd822,2026-10-02T17:55:53.842540+00:00
679885,190.5,https://www.mlb.com/player/679885,8673df42a3d55eaf535de8d020dc685bea4621aba78b16c2613adf1a62cbfaa8,2026-10-02T17:55:54.160771+00:00
680570,195.58,https://www.mlb.com/player/680570,091ac11269034e677812306d6b84e560a3f57848a645b6e9292ef10ca597d46e,2026-10-02T17:55:54.618029+00:00
680573,190.5,https://www.mlb.com/player/680573,f488c5fbb7ce81350c934a48145c2e34856d1771ec8f47655dc2d4919f392e24,2026-10-02T17:55:55.687474+00:00
680686,185.42000000000002,https://www.mlb.com/player/680686,90da80b9e57e9aaa27dfd5220df52382fb235ffcac5467234dbfd7018bf956df,2026-10-02T17:55:55.642207+00:00
680694,190.5,https://www.mlb.com/player/680694,0a037cf3fa3eeb05ff03ac4ec4ac56429c791576f6277aceec7efc3286a8304a,2026-10-02T17:55:56.132593+00:00
680704,180.34,https://www.mlb.com/player/680704,08959e54dc18d2e1089ccc54f18c393b32f14ca821d56be24193aac9b1e2f00d,2026-10-02T17:55:57.221945+00:00
680730,193.04,https://www.mlb.com/player/680730,56306253f46c66a6c5b833eaae42b4e5df85dd246505c90f6afc61cd9102c732,2026-10-02T17:55:57.265061+00:00
680739,195.58,https://www.mlb.com/player/680739,a27b7f5c5bb33137850308bf466a62c20970ef0b818f3a3b0908bae39040d6be,2026-10-02T17:55:57.691042+00:00
680767,182.88,https://www.mlb.com/player/680767,9c151a080d0f695e4af3fa8efe132a9584f87d44c816e977619a14c913e1579f,2026-10-02T17:55:58.732759+00:00
680885,185.42000000000002,https://www.mlb.com/player/680885,c8d83c4561bb4113bc3da33d0c5294f65d19ccbf6c7a206d14715a408976b863,2026-10-02T17:55:57.886831+00:00
681190,182.88,https://www.mlb.com/player/681190,bd64af4bc2919b667f1d4507bb7ab512a0c6231b7c154eb7b6ee85dd0b9726d9,2026-10-02T17:55:59.012380+00:00
681293,187.96,https://www.mlb.com/player/681293,86f4d1982956bfb464e872fd8fca157d928e6e49fabb99763ede3cc1f8b02661,2026-10-02T17:55:59.376614+00:00
681676,182.88,https://www.mlb.com/player/681676,5def2fe0df4149faa6261eaa8fd96a03f0112623c8c197a961f3943cdf26b6d3,2026-10-02T17:56:00.198926+00:00
681857,185.42000000000002,https://www.mlb.com/player/681857,2fffc395334b7df587f388e31db24bc90b555d41b5fe4570fa80b7a4738375dd,2026-10-02T17:56:01.314520+00:00
681867,198.12,https://www.mlb.com/player/681867,82ac0971d5fbcb753a47f128a309eebac7bd9f3b4e70bd5a42092bb96aa6acd6,2026-10-02T17:56:00.216303+00:00
681911,185.42000000000002,https://www.mlb.com/player/681911,72bb8e6ae057c3a7f6e27b3f9c0e8d7ff251eb5b76a4bee7d36df83e62907689,2026-10-02T17:56:01.623598+00:00
682051,182.88,https://www.mlb.com/player/682051,09e1d36ac29fa001e63175a085a36665f1f6e5ee53b990935c312269879e3f25,2026-10-02T17:56:01.828429+00:00
682120,198.12,https://www.mlb.com/player/682120,5e721a49cb5d79a9944571c15605ee471707aafba201ab7a95fed0cba8388b6f,2026-10-02T17:56:02.848366+00:00
682171,187.96,https://www.mlb.com/player/682171,8ccf33c6208f5cf07355e09c31cdc4336ecefd3ac770a22fc730648eb35e1005,2026-10-02T17:56:03.100469+00:00
682227,198.12,https://www.mlb.com/player/682227,ada82b90fbb0929fe441476ebfb5d34e9da5d1bbcb2de47e90d73cc5a3f16a2b,2026-10-02T17:56:03.609169+00:00
682243,187.96,https://www.mlb.com/player/682243,df777b89f457425444e0643e5df9a3c8ae235356d21a3e92e7c9f9fedd9580cd,2026-10-02T17:56:04.735615+00:00
682610,187.96,https://www.mlb.com/player/682610,7d8d6a1f83fc887dffab15be79e433380a0e01d8128d724df371cdc347ce1c09,2026-10-02T17:56:05.034481+00:00
682847,187.96,https://www.mlb.com/player/682847,51cd5328caf31397670fe89e5b1da3a037f9ee510ed287d27b2b1f67e5fae73f,2026-10-02T17:56:05.284237+00:00
683003,182.88,https://www.mlb.com/player/683003,6c9464cbac29d338731072c82c461130bc5295fc98984ea596cf9ee8212e198c,2026-10-02T17:56:06.326410+00:00
683155,187.96,https://www.mlb.com/player/683155,03cd0c8465b958d240bc7e404f626a7c253654880a6a75e6bbbf6d086502e0b8,2026-10-02T17:56:06.940941+00:00
683232,190.5,https://www.mlb.com/player/683232,c44c38be20ecc079fddac69dbbcb370413a1829e3808ebd3902bf29e4e997aba,2026-10-02T17:56:07.252234+00:00
683627,185.42000000000002,https://www.mlb.com/player/683627,4799a982e33b3aa28f774a2d4cd417cd36650e2ca08f906620671329f196a688,2026-10-02T17:56:07.110959+00:00
683769,198.12,https://www.mlb.com/player/683769,11352a503e51af9f678592bcd58ab2afd87c47f7b06a9e2c70c7558276587612,2026-10-02T17:56:08.538822+00:00
684007,177.8,https://www.mlb.com/player/684007,bacd315575b311350cc6342ef407b12a41b8ea3a85b13d9a9a3e74782cb634d9,2026-10-02T17:56:08.590753+00:00
684320,182.88,https://www.mlb.com/player/684320,c6ab1312758e7eab3f4ba2ab3fd86d47dfb2637f1cae7d811b659fde7d8dc3dd,2026-10-02T17:56:08.764335+00:00
686218,195.58,https://www.mlb.com/player/686218,3e464c0395f7eb7f3adadb33e5f7c7aa77e1ce0f33ee51e168642836d1856775,2026-10-02T17:56:10.041242+00:00
686539,193.04,https://www.mlb.com/player/686539,6a7a60afcd1a95a7425d6c307843b42462a2666338f46a316110e925e385f0fe,2026-10-02T17:56:10.429602+00:00
686563,198.12,https://www.mlb.com/player/686563,474290e273677cb5cd9d9c8ebd61e719a62a1413b6d91dbd7e81635788928fd4,2026-10-02T17:56:10.218314+00:00
686610,193.04,https://www.mlb.com/player/686610,83ad4fb8668e30c0e1241e8dbe32509dff0ef0e24bf418cf89a7ce17e72066fd,2026-10-02T17:56:12.015362+00:00
686613,187.96,https://www.mlb.com/player/686613,3ab855141bbf07797bb0bcba3b837dea7bb50bf79a8e4b13cc3d50c0298c0cc2,2026-10-02T17:56:11.030645+00:00
686730,190.5,https://www.mlb.com/player/686730,0b24838f47c0cf3dd43e1d76857b7e489f359f900f42f79fa7aeff3917f1d1f1,2026-10-02T17:56:12.057109+00:00
686752,190.5,https://www.mlb.com/player/686752,ed77039845e02d3e68251645d16719fb1c8271685dfaa7555937b042e101a558,2026-10-02T17:56:12.499144+00:00
686826,187.96,https://www.mlb.com/player/686826,877a546286dcbcf9dfadbf0af82fca2d5d16d3f5b152f76266121af0ce3fd788,2026-10-02T17:56:13.421942+00:00
686973,185.42000000000002,https://www.mlb.com/player/686973,16bcbecfa42217a833f06a2a084d908ff149f4d75ac31c3a0bc6b7fcfbf82769,2026-10-02T17:56:13.714265+00:00
687330,187.96,https://www.mlb.com/player/687330,cd00da148123ebca730e32206129f8ab3bd64c100944fb75ab2095bffd727adf,2026-10-02T17:56:13.938408+00:00
687765,185.42000000000002,https://www.mlb.com/player/687765,e5c9e882ed152a9015e3cb1327c46f4e17a8dea5cffc855de08b8e640f25c711,2026-10-02T17:56:14.885288+00:00
687792,187.96,https://www.mlb.com/player/687792,ca11f3206650d8825d2965bfcadb32c1176377e6b6b77d590306c2452053728e,2026-10-02T17:56:15.503000+00:00
689017,187.96,https://www.mlb.com/player/689017,454d862ca462460eb0673055f58611be937b9bbdfe1f43c8551aaf3e3a55ef16,2026-10-02T17:56:15.257353+00:00
689147,187.96,https://www.mlb.com/player/689147,9d6a8c6cf599f74b0a39dc26ea8cd2e7b7c935f98d99f93991a4a351a27d0308,2026-10-02T17:56:16.217642+00:00
689225,190.5,https://www.mlb.com/player/689225,41afb8257caf82749c4c8e72182f3b4e22ea175b67d32b8dcaa3f2b02a268b51,2026-10-02T17:56:16.746996+00:00
690986,187.96,https://www.mlb.com/player/690986,0ec89d6855fcca3a004ca46bacafee582c6501bba557cf3335e154354239f330,2026-10-02T17:56:16.127186+00:00
691587,203.2,https://www.mlb.com/player/691587,070454165b1c0f325f65da674dbb2defa819498ed151834a8bae86b7929fc648,2026-10-02T17:56:17.674608+00:00
693433,187.96,https://www.mlb.com/player/693433,b871c46b628e279a5c2e0fb4bc98d8cdf7f4c57ffa310633ef2f58e4509b3944,2026-10-02T17:56:16.963005+00:00
693821,187.96,https://www.mlb.com/player/693821,15435d8d7a7d303b659e08723b4b6a60888ef08a1dc19a6dcebd9699be5f18bc,2026-10-02T17:56:18.612138+00:00
694297,193.04,https://www.mlb.com/player/694297,cec8f4c4f4af7b423c9cfc2163bef8313376ca8c3d5d71610e0cc300adf43a0d,2026-10-02T17:56:18.657224+00:00
694363,190.5,https://www.mlb.com/player/694363,d8e197b763a1abe4c83d94b2cd5f677dddd32675a1e3cb066ef59dfb3ac34737,2026-10-02T17:56:19.044867+00:00
694813,185.42000000000002,https://www.mlb.com/player/694813,22527348864177223b9aacd16b836daa3c8e560d52d8e726167f8c0a2f3689ba,2026-10-02T17:56:20.514141+00:00
694973,198.12,https://www.mlb.com/player/694973,dc9f4c7507de1a428df8953b66afeaceb485573089b60ee4f7f093e19b0dab93,2026-10-02T17:56:20.727575+00:00
695243,195.58,https://www.mlb.com/player/695243,eb446c45d8f8c07aabc0235d19c0394261de7b425b195aa2c1c9679ec8f535e0,2026-10-02T17:56:19.825087+00:00
700249,190.5,https://www.mlb.com/player/700249,da493c2448ddaec2e7bf0ca5227b40ebfb4f70652ad9fa87ec275d7f1f320ee3,2026-10-02T17:56:21.410139+00:00
701581,198.12,https://www.mlb.com/player/701581,a75a5d38d0951c32210992ed830120a9c41969616a8375a0033375c5acb32184,2026-10-02T17:56:22.198274+00:00
806185,195.58,https://www.mlb.com/player/806185,d7b89a151bded2991385ba54d1dce8f7292dcaf7b46d7d1baf52d8b316ae20d0,2026-10-02T17:56:22.160708+00:00
808967,177.8,https://www.mlb.com/player/808967,01055fc6c06f0a81accede873c130ac96b1fe46c58ae81102867548c9d527715,2026-10-02T17:56:22.039779+00:00
