batter_id,batter_name,sbj_za72,sbj_za73,delta,rank_za72,rank_za73,percentile_za72,percentile_za73
79109,오지환,5.2093,4.9655,-0.2437,1.0000,1.0000,99.6914,99.6914
52712,터크먼,5.0681,4.9197,-0.1484,2.0000,2.0000,99.0741,99.0741
62558,김준태,4.9940,4.8425,-0.1515,3.0000,3.0000,98.4568,98.4568
78224,김재환,4.8672,4.6772,-0.1900,4.0000,4.0000,97.8395,97.8395
79215,박건우,4.8574,4.5162,-0.3412,5.0000,5.0000,97.2222,97.2222
75566,이원석,4.6550,4.3821,-0.2729,6.0000,6.0000,96.6049,96.6049
63700,장운호,4.4083,4.1750,-0.2333,8.0000,7.0000,95.3704,95.9877
52112,루이즈,4.4970,3.9064,-0.5906,7.0000,8.0000,95.9877,95.3704
64560,이창진,3.8719,3.8969,0.0251,11.0000,9.0000,93.5185,94.7531
62931,노진혁,3.8740,3.7315,-0.1424,10.0000,10.0000,94.1358,94.1358
75334,오재일,3.9366,3.7220,-0.2146,9.0000,11.0000,94.7531,93.5185
50150,손호영,3.7101,3.4742,-0.2360,12.0000,12.0000,92.9012,92.9012
64657,박준태,3.6258,3.2807,-0.3451,14.0000,13.0000,91.6667,92.2840
66108,홍창기,3.6402,3.2664,-0.3738,13.0000,14.0000,92.2840,91.6667
63704,노수광,3.4571,3.1238,-0.3333,15.0000,15.0000,91.0494,91.0494
79365,박동원,3.1686,2.9952,-0.1734,16.0000,16.0000,90.4321,90.4321
64468,박계범,3.0983,2.9521,-0.1462,19.0000,17.0000,88.5802,89.8148
75847,최정,3.1640,2.9511,-0.2129,17.0000,18.0000,89.8148,89.1975
76232,양의지,3.0593,2.9278,-0.1315,20.0000,19.0000,87.9630,88.5802
52125,가르시아,2.7262,2.8606,0.1345,26.0000,20.0000,84.2593,87.9630
73113,박경수,3.1315,2.8208,-0.3107,18.0000,21.0000,89.1975,87.3457
62947,나성범,3.0109,2.8071,-0.2038,23.0000,22.0000,86.1111,86.7284
69102,문보경,3.0397,2.7923,-0.2473,22.0000,23.0000,86.7284,86.1111
65132,김재성,2.6753,2.6952,0.0199,28.0000,24.0000,83.0247,85.4938
74206,김재호,2.7201,2.6566,-0.0635,27.0000,25.0000,83.6420,84.8765
52526,피터스,3.0505,2.6528,-0.3977,21.0000,26.0000,87.3457,84.2593
78548,장성우,2.8828,2.5389,-0.3439,24.0000,27.0000,85.4938,83.6420
76290,김현수,2.7529,2.5260,-0.2269,25.0000,28.0000,84.8765,83.0247
52547,렉스,2.3319,2.4134,0.0814,34.0000,29.0000,79.3210,82.4074
65357,송성문,2.4468,2.2605,-0.1863,31.0000,30.0000,81.1728,81.7901
69737,노시환,2.5018,2.2457,-0.2560,30.0000,31.0000,81.7901,81.1728
62244,박세혁,2.5425,2.2279,-0.3146,29.0000,32.0000,82.4074,80.5556
52366,푸이그,2.4462,2.1810,-0.2652,32.0000,33.0000,80.5556,79.9383
76802,김성현,2.3129,2.1488,-0.1641,35.0000,34.0000,78.7037,79.3210
69209,페르난데스,2.3616,2.1112,-0.2505,33.0000,35.0000,79.9383,78.7037
61197,최영진,2.1638,2.0026,-0.1612,36.0000,36.0000,78.0864,78.0864
68119,문성주,2.1044,1.9653,-0.1391,37.0000,37.0000,77.4691,77.4691
65269,김민혁,1.8625,1.9255,0.0631,41.0000,38.0000,75.0000,76.8519
50820,전의산,1.8622,1.9079,0.0457,42.0000,39.0000,74.3827,76.2346
64166,배정대,1.9986,1.8043,-0.1943,39.0000,40.0000,76.2346,75.6173
66209,조수행,2.0798,1.7694,-0.3104,38.0000,41.0000,76.8519,75.0000
62864,김민식,1.9186,1.7021,-0.2165,40.0000,42.0000,75.6173,74.3827
77243,허도환,1.5995,1.6073,0.0079,51.0000,43.0000,68.8272,73.7654
62234,류지혁,1.8538,1.5699,-0.2839,43.0000,44.0000,73.7654,73.1481
75125,박병호,1.7606,1.5476,-0.2130,45.0000,45.0000,72.5309,72.5309
64022,안중열,1.4931,1.4727,-0.0204,55.0000,46.0000,66.3580,71.9136
76812,이재원,1.7274,1.4682,-0.2591,46.0000,47.0000,71.9136,71.2963
65462,김기환,1.8310,1.4642,-0.3668,44.0000,48.0000,73.1481,70.6790
64504,오윤석,1.6229,1.4596,-0.1633,50.0000,49.0000,69.4444,70.0617
51817,추신수,1.6424,1.3010,-0.3414,49.0000,50.0000,70.0617,69.4444
66965,도태훈,1.5023,1.2865,-0.2157,54.0000,51.0000,66.9753,68.8272
78513,전준우,1.4835,1.2751,-0.2084,56.0000,52.0000,65.7407,68.2099
65586,전병우,1.7134,1.2721,-0.4413,47.0000,53.0000,71.2963,67.5926
52904,마티니,1.5141,1.2317,-0.2825,53.0000,54.0000,67.5926,66.9753
52009,알포드,1.1220,1.1589,0.0369,62.0000,55.0000,62.0370,66.3580
78168,서건창,1.6619,1.1386,-0.5233,48.0000,56.0000,70.6790,65.7407
63123,강승호,1.3361,1.1053,-0.2308,57.0000,57.0000,65.1235,65.1235
51907,김주원,1.0892,1.0616,-0.0275,63.0000,58.0000,61.4198,64.5062
78603,김선빈,1.3145,1.0604,-0.2541,58.0000,59.0000,64.5062,63.8889
51344,김휘집,1.2258,1.0097,-0.2160,60.0000,60.0000,63.2716,63.2716
60558,오태곤,1.2675,0.9926,-0.2749,59.0000,61.0000,63.8889,62.6543
76313,황재균,1.2195,0.9664,-0.2531,61.0000,62.0000,62.6543,62.0370
66707,박상언,1.0346,0.9268,-0.1077,66.0000,63.0000,59.5679,61.4198
67610,김석환,1.5865,0.9115,-0.6750,52.0000,64.0000,68.2099,60.8025
66715,김인환,1.0339,0.8673,-0.1666,67.0000,65.0000,58.9506,60.1852
74163,이용규,1.0501,0.8203,-0.2298,65.0000,66.0000,60.1852,59.5679
66706,장진혁,0.7779,0.8044,0.0265,70.0000,67.0000,57.0988,58.9506
64004,김민혁,0.8619,0.6377,-0.2242,68.0000,68.0000,58.3333,58.3333
69453,이학주,1.0635,0.6225,-0.4410,64.0000,69.0000,60.8025,57.7160
72443,최형우,0.8454,0.5413,-0.3041,69.0000,70.0000,57.7160,57.0988
65653,김호령,0.5864,0.5067,-0.0797,73.0000,71.0000,55.2469,56.4815
63722,한승택,0.5854,0.4545,-0.1309,74.0000,72.0000,54.6296,55.8642
50709,박정현,0.6311,0.4478,-0.1833,72.0000,73.0000,55.8642,55.2469
63257,김인태,0.7241,0.4184,-0.3056,71.0000,74.0000,56.4815,54.6296
62802,박승욱,0.3075,0.2632,-0.0442,77.0000,75.0000,52.7778,54.0123
71837,김강민,0.3740,0.1591,-0.2148,75.0000,76.0000,54.0123,53.3951
62404,구자욱,0.2652,0.1368,-0.1284,79.0000,77.0000,51.5432,52.7778
64984,김태진,0.2750,-0.0055,-0.2804,78.0000,78.0000,52.1605,52.1605
67304,김혜성,0.1836,-0.1181,-0.3018,81.0000,79.0000,50.3086,51.5432
63260,이우성,0.3162,-0.1218,-0.4380,76.0000,80.0000,53.3951,50.9259
66704,김태연,0.0055,-0.1630,-0.1686,86.0000,81.0000,47.2222,50.3086
68504,이호연,-0.1373,-0.1674,-0.0301,92.0000,82.0000,43.5185,49.6914
74540,강민호,-0.0153,-0.2138,-0.1985,87.0000,83.0000,46.6049,49.0741
79231,정수빈,0.0488,-0.2176,-0.2664,83.0000,84.0000,49.0741,48.4568
65610,황대인,-0.0698,-0.2269,-0.1571,88.0000,85.0000,45.9877,47.8395
69517,고승민,0.0112,-0.2307,-0.2419,84.0000,86.0000,48.4568,47.2222
62700,하주석,0.0099,-0.2311,-0.2410,85.0000,87.0000,47.8395,46.6049
51302,이주형,0.2009,-0.2342,-0.4352,80.0000,88.0000,50.9259,45.9877
52605,김도영,-0.1079,-0.3895,-0.2816,91.0000,89.0000,44.1358,45.3704
64868,조용호,-0.1884,-0.3938,-0.2054,93.0000,90.0000,42.9012,44.7531
62332,김재현,-0.1035,-0.4158,-0.3123,90.0000,91.0000,44.7531,44.1358
64266,이성곤,0.1280,-0.4599,-0.5878,82.0000,92.0000,49.6914,43.5185
64646,박찬호,-0.2826,-0.4915,-0.2089,97.0000,93.0000,40.4321,42.9012
62556,신본기,-0.2003,-0.5094,-0.3090,94.0000,94.0000,42.2840,42.2840
63202,장승현,-0.5575,-0.5757,-0.0181,103.0000,95.0000,36.7284,41.6667
64014,김병희,-0.0945,-0.5788,-0.4844,89.0000,96.0000,45.3704,41.0494
68743,정은원,-0.3335,-0.5810,-0.2475,98.0000,97.0000,39.8148,40.4321
69238,김대한,-0.4557,-0.6252,-0.1695,101.0000,98.0000,37.9630,39.8148
52630,소크라테스,-0.3927,-0.7036,-0.3109,99.0000,99.0000,39.1975,39.1975
52348,박찬혁,-0.2380,-0.7387,-0.5007,95.0000,100.0000,41.6667,38.5802
62907,박민우,-0.5572,-0.7479,-0.1908,102.0000,101.0000,37.3457,37.9630
50202,안권수,-0.4192,-0.7789,-0.3596,100.0000,102.0000,38.5802,37.3457
65703,이도윤,-0.9140,-0.8510,0.0629,106.0000,103.0000,34.8765,36.7284
67005,홍현빈,-0.2457,-0.8880,-0.6422,96.0000,104.0000,41.0494,36.1111
68904,오영수,-0.7208,-1.0468,-0.3260,104.0000,105.0000,36.1111,35.4938
67893,박성한,-0.9830,-1.1456,-0.1626,107.0000,106.0000,34.2593,34.8765
60523,정훈,-1.0896,-1.2106,-0.1210,110.0000,107.0000,32.4074,34.2593
77532,손아섭,-1.0337,-1.2459,-0.2122,108.0000,108.0000,33.6420,33.6420
66928,박준영,-0.8659,-1.2525,-0.3867,105.0000,109.0000,35.4938,33.0247
64340,임지열,-1.1960,-1.2539,-0.0579,114.0000,110.0000,29.9383,32.4074
68525,한동희,-1.1612,-1.2746,-0.1133,113.0000,111.0000,30.5556,31.7901
63963,권희동,-1.2680,-1.3144,-0.0464,115.0000,112.0000,29.3210,31.1728
67341,이정후,-1.0912,-1.3160,-0.2248,111.0000,113.0000,31.7901,30.5556
62895,한유섬,-1.0807,-1.3267,-0.2460,109.0000,114.0000,33.0247,29.9383
65898,김웅빈,-1.3192,-1.4137,-0.0945,117.0000,115.0000,28.0864,29.3210
52806,라가레스,-1.4447,-1.4167,0.0279,120.0000,116.0000,26.2346,28.7037
50293,양찬열,-1.7169,-1.4696,0.2473,127.0000,117.0000,21.9136,28.0864
61353,고종욱,-1.4598,-1.4799,-0.0201,121.0000,118.0000,25.6173,27.4691
51203,안재석,-1.1128,-1.4920,-0.3793,112.0000,119.0000,31.1728,26.8519
50854,최지훈,-1.3785,-1.5816,-0.2031,119.0000,120.0000,26.8519,26.2346
76267,최주환,-1.3108,-1.6258,-0.3150,116.0000,121.0000,28.7037,25.6173
68106,이재원,-1.5381,-1.6780,-0.1399,123.0000,122.0000,24.3827,25.0000
50500,황성빈,-1.5157,-1.7285,-0.2128,122.0000,123.0000,25.0000,24.3827
66657,이진영,-1.5674,-1.7376,-0.1702,124.0000,124.0000,23.7654,23.7654
69995,서호철,-1.3635,-1.7776,-0.4141,118.0000,125.0000,27.4691,23.1481
64717,지시완,-1.8078,-2.0908,-0.2830,129.0000,126.0000,20.6790,22.5309
64944,박대온,-1.8847,-2.1451,-0.2604,130.0000,127.0000,20.0617,21.9136
77564,김민성,-1.7425,-2.1927,-0.4501,128.0000,128.0000,21.2963,21.2963
69306,김주형,-1.6270,-2.2093,-0.5823,125.0000,129.0000,23.1481,20.6790
71564,이대호,-2.1357,-2.2916,-0.1558,131.0000,130.0000,19.4444,20.0617
52025,라모스,-1.6652,-2.3097,-0.6445,126.0000,131.0000,22.5309,19.4444
61102,유강남,-2.2668,-2.4550,-0.1882,132.0000,132.0000,18.8272,18.8272
68346,김수환,-2.3675,-2.5449,-0.1775,133.0000,133.0000,18.2099,18.2099
51463,피렐라,-2.4501,-2.5701,-0.1200,134.0000,134.0000,17.5926,17.5926
79402,김상수,-2.5226,-2.7210,-0.1984,135.0000,135.0000,16.9753,16.9753
64006,심우준,-2.8363,-3.0286,-0.1923,137.0000,136.0000,15.7407,16.3580
62925,강진성,-2.7672,-3.1330,-0.3658,136.0000,137.0000,16.3580,15.7407
78288,최재훈,-3.1244,-3.3166,-0.1922,139.0000,138.0000,14.5062,15.1235
61404,김헌곤,-3.0053,-3.3336,-0.3283,138.0000,139.0000,15.1235,14.5062
63920,김준완,-3.3238,-3.3781,-0.0543,140.0000,140.0000,13.8889,13.8889
51417,김현준,-3.4664,-3.5779,-0.1115,141.0000,141.0000,13.2716,13.2716
68518,정보근,-3.5606,-3.7332,-0.1726,143.0000,142.0000,12.0370,12.6543
78756,오선진,-3.5006,-3.7338,-0.2332,142.0000,143.0000,12.6543,12.0370
64610,강한울,-3.6910,-3.9471,-0.2561,144.0000,144.0000,11.4198,11.4198
67504,김정율,-3.7002,-4.1036,-0.4034,145.0000,145.0000,10.8025,10.8025
64153,양석환,-4.2956,-4.2522,0.0433,148.0000,146.0000,8.9506,10.1852
76849,이명기,-4.1886,-4.3555,-0.1669,146.0000,147.0000,10.1852,9.5679
79608,안치홍,-4.2678,-4.4494,-0.1816,147.0000,148.0000,9.5679,8.9506
69416,이해승,-4.5463,-4.5625,-0.0162,149.0000,149.0000,8.3333,8.3333
68050,강백호,-4.9471,-4.9060,0.0411,151.0000,150.0000,7.0988,7.7160
79240,허경민,-4.7907,-5.0299,-0.2392,150.0000,151.0000,7.7160,7.0988
52769,권광민,-5.2323,-5.0732,0.1591,155.0000,152.0000,4.6296,6.4815
79192,채은성,-4.9730,-5.1199,-0.1468,152.0000,153.0000,6.4815,5.8642
69813,하재훈,-5.3141,-5.3703,-0.0562,156.0000,154.0000,4.0123,5.2469
79456,이지영,-5.1152,-5.4014,-0.2862,154.0000,155.0000,5.2469,4.6296
78122,김태군,-5.0871,-5.4215,-0.3344,153.0000,156.0000,5.8642,4.0123
62415,박해민,-5.4053,-5.6612,-0.2559,158.0000,157.0000,2.7778,3.3951
66838,김동엽,-5.3221,-5.7637,-0.4416,157.0000,158.0000,3.3951,2.7778
50458,김지찬,-5.5465,-5.8677,-0.3212,159.0000,159.0000,2.1605,2.1605
52516,조세진,-5.6601,-6.2521,-0.5920,160.0000,160.0000,1.5432,1.5432
52827,크론,-6.1704,-6.6032,-0.4329,161.0000,161.0000,0.9259,0.9259
52415,이재현,-6.5223,-6.8689,-0.3466,162.0000,162.0000,0.3086,0.3086
