batter_id,batter_name,sbj_base,sbj_c1,delta,rank_base,rank_c1
79109,오지환,5.2093,5.2708,0.0615,1.0000,2.0000
52712,터크먼,5.0681,5.1097,0.0416,2.0000,4.0000
62558,김준태,4.9940,5.2343,0.2403,3.0000,3.0000
78224,김재환,4.8672,5.2785,0.4113,4.0000,1.0000
79215,박건우,4.8574,4.7648,-0.0926,5.0000,5.0000
75566,이원석,4.6550,4.7522,0.0972,6.0000,6.0000
52112,루이즈,4.4970,4.3987,-0.0983,7.0000,8.0000
63700,장운호,4.4083,4.6017,0.1934,8.0000,7.0000
75334,오재일,3.9366,3.9802,0.0437,9.0000,10.0000
62931,노진혁,3.8740,3.9403,0.0663,10.0000,12.0000
64560,이창진,3.8719,4.1919,0.3200,11.0000,9.0000
50150,손호영,3.7101,3.7059,-0.0043,12.0000,15.0000
66108,홍창기,3.6402,3.9037,0.2636,13.0000,13.0000
64657,박준태,3.6258,3.8890,0.2632,14.0000,14.0000
63704,노수광,3.4571,3.9573,0.5002,15.0000,11.0000
79365,박동원,3.1686,3.3850,0.2164,16.0000,18.0000
75847,최정,3.1640,3.1785,0.0144,17.0000,21.0000
73113,박경수,3.1315,3.5885,0.4571,18.0000,16.0000
64468,박계범,3.0983,3.4474,0.3492,19.0000,17.0000
76232,양의지,3.0593,3.2340,0.1747,20.0000,19.0000
52526,피터스,3.0505,3.0094,-0.0411,21.0000,23.0000
69102,문보경,3.0397,2.9380,-0.1016,22.0000,25.0000
62947,나성범,3.0109,3.2157,0.2048,23.0000,20.0000
78548,장성우,2.8828,2.9412,0.0583,24.0000,24.0000
76290,김현수,2.7529,2.5226,-0.2303,25.0000,31.0000
52125,가르시아,2.7262,3.0310,0.3048,26.0000,22.0000
74206,김재호,2.7201,2.8717,0.1517,27.0000,26.0000
65132,김재성,2.6753,2.5822,-0.0931,28.0000,29.0000
62244,박세혁,2.5425,2.7429,0.2004,29.0000,28.0000
69737,노시환,2.5018,2.8329,0.3311,30.0000,27.0000
65357,송성문,2.4468,2.1428,-0.3040,31.0000,39.0000
52366,푸이그,2.4462,2.5420,0.0957,32.0000,30.0000
69209,페르난데스,2.3616,1.9479,-0.4138,33.0000,44.0000
52547,렉스,2.3319,2.4277,0.0958,34.0000,34.0000
76802,김성현,2.3129,2.5039,0.1911,35.0000,32.0000
61197,최영진,2.1638,2.1742,0.0104,36.0000,37.0000
68119,문성주,2.1044,1.6499,-0.4545,37.0000,50.0000
66209,조수행,2.0798,2.0839,0.0041,38.0000,41.0000
64166,배정대,1.9986,2.2033,0.2047,39.0000,35.0000
62864,김민식,1.9186,2.1838,0.2652,40.0000,36.0000
65269,김민혁,1.8625,2.1412,0.2787,41.0000,40.0000
50820,전의산,1.8622,2.4859,0.6237,42.0000,33.0000
62234,류지혁,1.8538,2.0735,0.2198,43.0000,42.0000
65462,김기환,1.8310,1.9278,0.0968,44.0000,47.0000
75125,박병호,1.7606,1.4438,-0.3168,45.0000,55.0000
76812,이재원,1.7274,1.9715,0.2441,46.0000,43.0000
65586,전병우,1.7134,1.7004,-0.0130,47.0000,49.0000
78168,서건창,1.6619,1.4561,-0.2058,48.0000,54.0000
51817,추신수,1.6424,1.8923,0.2499,49.0000,48.0000
64504,오윤석,1.6229,1.4766,-0.1464,50.0000,53.0000
77243,허도환,1.5995,1.9449,0.3455,51.0000,45.0000
67610,김석환,1.5865,1.9356,0.3491,52.0000,46.0000
52904,마티니,1.5141,1.2648,-0.2493,53.0000,63.0000
66965,도태훈,1.5023,1.2837,-0.2186,54.0000,60.0000
64022,안중열,1.4931,2.1512,0.6581,55.0000,38.0000
78513,전준우,1.4835,1.3659,-0.1176,56.0000,58.0000
63123,강승호,1.3361,1.5621,0.2260,57.0000,51.0000
78603,김선빈,1.3145,1.0524,-0.2621,58.0000,67.0000
60558,오태곤,1.2675,1.3906,0.1231,59.0000,57.0000
51344,김휘집,1.2258,1.4919,0.2661,60.0000,52.0000
76313,황재균,1.2195,1.3530,0.1336,61.0000,59.0000
52009,알포드,1.1220,1.4106,0.2886,62.0000,56.0000
51907,김주원,1.0892,1.2808,0.1917,63.0000,61.0000
69453,이학주,1.0635,1.1444,0.0809,64.0000,65.0000
74163,이용규,1.0501,1.1643,0.1142,65.0000,64.0000
66707,박상언,1.0346,1.1238,0.0892,66.0000,66.0000
66715,김인환,1.0339,1.2776,0.2437,67.0000,62.0000
64004,김민혁,0.8619,0.8365,-0.0254,68.0000,69.0000
72443,최형우,0.8454,0.6734,-0.1720,69.0000,72.0000
66706,장진혁,0.7779,0.4702,-0.3077,70.0000,78.0000
63257,김인태,0.7241,1.0102,0.2861,71.0000,68.0000
50709,박정현,0.6311,0.6494,0.0183,72.0000,73.0000
65653,김호령,0.5864,0.7288,0.1424,73.0000,71.0000
63722,한승택,0.5854,0.4893,-0.0961,74.0000,77.0000
71837,김강민,0.3740,-0.0619,-0.4359,75.0000,89.0000
63260,이우성,0.3162,0.6262,0.3100,76.0000,75.0000
62802,박승욱,0.3075,0.6314,0.3240,77.0000,74.0000
64984,김태진,0.2750,0.2730,-0.0020,78.0000,82.0000
62404,구자욱,0.2652,0.2842,0.0190,79.0000,81.0000
51302,이주형,0.2009,0.5346,0.3337,80.0000,76.0000
67304,김혜성,0.1836,-0.1405,-0.3241,81.0000,93.0000
64266,이성곤,0.1280,0.3382,0.2103,82.0000,79.0000
79231,정수빈,0.0488,-0.5312,-0.5800,83.0000,100.0000
69517,고승민,0.0112,-0.0678,-0.0790,84.0000,90.0000
62700,하주석,0.0099,-0.1404,-0.1503,85.0000,92.0000
66704,김태연,0.0055,0.0905,0.0849,86.0000,84.0000
74540,강민호,-0.0153,0.1806,0.1959,87.0000,83.0000
65610,황대인,-0.0698,-0.2825,-0.2127,88.0000,97.0000
64014,김병희,-0.0944,0.3002,0.3946,89.0000,80.0000
62332,김재현,-0.1035,-0.0220,0.0816,90.0000,87.0000
52605,김도영,-0.1079,0.0282,0.1362,91.0000,85.0000
68504,이호연,-0.1373,-0.2438,-0.1065,92.0000,96.0000
64868,조용호,-0.1884,-0.0326,0.1558,93.0000,88.0000
62556,신본기,-0.2003,-0.2138,-0.0135,94.0000,95.0000
52348,박찬혁,-0.2380,0.7383,0.9763,95.0000,70.0000
67005,홍현빈,-0.2457,-0.1044,0.1413,96.0000,91.0000
64646,박찬호,-0.2826,-0.4748,-0.1922,97.0000,99.0000
68743,정은원,-0.3335,-0.3706,-0.0371,98.0000,98.0000
52630,소크라테스,-0.3927,-0.9569,-0.5641,99.0000,110.0000
50202,안권수,-0.4192,-0.5779,-0.1586,100.0000,103.0000
69238,김대한,-0.4557,-0.2126,0.2431,101.0000,94.0000
62907,박민우,-0.5572,-0.8427,-0.2856,102.0000,106.0000
63202,장승현,-0.5575,-0.0108,0.5467,103.0000,86.0000
68904,오영수,-0.7208,-0.5524,0.1684,104.0000,102.0000
66928,박준영,-0.8659,-0.8555,0.0104,105.0000,107.0000
65703,이도윤,-0.9140,-1.1878,-0.2738,106.0000,112.0000
67893,박성한,-0.9830,-0.9016,0.0814,107.0000,109.0000
77532,손아섭,-1.0337,-1.6061,-0.5724,108.0000,123.0000
62895,한유섬,-1.0807,-0.8276,0.2531,109.0000,104.0000
60523,정훈,-1.0896,-1.3436,-0.2540,110.0000,114.0000
67341,이정후,-1.0912,-1.4963,-0.4051,111.0000,118.0000
51203,안재석,-1.1128,-0.8314,0.2814,112.0000,105.0000
68525,한동희,-1.1612,-1.3453,-0.1840,113.0000,115.0000
64340,임지열,-1.1960,-0.5509,0.6451,114.0000,101.0000
63963,권희동,-1.2680,-1.2034,0.0646,115.0000,113.0000
76267,최주환,-1.3108,-1.5055,-0.1947,116.0000,119.0000
65898,김웅빈,-1.3192,-0.8798,0.4394,117.0000,108.0000
69995,서호철,-1.3635,-1.6618,-0.2983,118.0000,124.0000
50854,최지훈,-1.3785,-1.6030,-0.2245,119.0000,122.0000
52806,라가레스,-1.4447,-1.4705,-0.0258,120.0000,116.0000
61353,고종욱,-1.4598,-1.5328,-0.0731,121.0000,120.0000
50500,황성빈,-1.5157,-1.7727,-0.2571,122.0000,128.0000
68106,이재원,-1.5381,-1.5350,0.0031,123.0000,121.0000
66657,이진영,-1.5674,-1.4831,0.0843,124.0000,117.0000
69306,김주형,-1.6270,-1.1003,0.5267,125.0000,111.0000
52025,라모스,-1.6652,-1.7713,-0.1061,126.0000,127.0000
50293,양찬열,-1.7169,-1.7216,-0.0047,127.0000,126.0000
77564,김민성,-1.7425,-1.9372,-0.1946,128.0000,130.0000
64717,지시완,-1.8078,-1.6960,0.1118,129.0000,125.0000
64944,박대온,-1.8847,-1.8530,0.0317,130.0000,129.0000
71564,이대호,-2.1357,-2.3770,-0.2412,131.0000,135.0000
61102,유강남,-2.2668,-2.1917,0.0751,132.0000,131.0000
68346,김수환,-2.3675,-2.3105,0.0569,133.0000,133.0000
51463,피렐라,-2.4501,-2.2921,0.1580,134.0000,132.0000
79402,김상수,-2.5226,-2.3764,0.1463,135.0000,134.0000
62925,강진성,-2.7672,-2.9062,-0.1390,136.0000,137.0000
64006,심우준,-2.8363,-3.0392,-0.2029,137.0000,138.0000
61404,김헌곤,-3.0053,-3.5829,-0.5777,138.0000,142.0000
78288,최재훈,-3.1244,-3.4550,-0.3306,139.0000,140.0000
63920,김준완,-3.3238,-2.9000,0.4239,140.0000,136.0000
51417,김현준,-3.4664,-3.4692,-0.0028,141.0000,141.0000
78756,오선진,-3.5006,-3.6793,-0.1788,142.0000,144.0000
68518,정보근,-3.5606,-3.3313,0.2292,143.0000,139.0000
64610,강한울,-3.6910,-3.6640,0.0270,144.0000,143.0000
67504,김정율,-3.7002,-3.8794,-0.1792,145.0000,145.0000
76849,이명기,-4.1886,-4.6132,-0.4246,146.0000,148.0000
79608,안치홍,-4.2678,-4.8737,-0.6059,147.0000,150.0000
64153,양석환,-4.2956,-4.5981,-0.3025,148.0000,147.0000
69416,이해승,-4.5463,-4.5669,-0.0205,149.0000,146.0000
79240,허경민,-4.7907,-5.1733,-0.3827,150.0000,152.0000
68050,강백호,-4.9471,-4.8241,0.1230,151.0000,149.0000
79192,채은성,-4.9730,-5.9552,-0.9821,152.0000,159.0000
78122,김태군,-5.0871,-5.5944,-0.5073,153.0000,154.0000
79456,이지영,-5.1152,-5.7007,-0.5854,154.0000,155.0000
52769,권광민,-5.2323,-5.0055,0.2268,155.0000,151.0000
69813,하재훈,-5.3141,-5.4289,-0.1148,156.0000,153.0000
66838,김동엽,-5.3221,-5.9286,-0.6065,157.0000,158.0000
62415,박해민,-5.4053,-6.0510,-0.6457,158.0000,160.0000
50458,김지찬,-5.5465,-5.8171,-0.2706,159.0000,157.0000
52516,조세진,-5.6601,-5.8160,-0.1559,160.0000,156.0000
52827,크론,-6.1704,-6.0775,0.0928,161.0000,161.0000
52415,이재현,-6.5223,-6.9830,-0.4607,162.0000,162.0000
