batter_id,batter_name,dv_per_100,jdv_per_100,expected_per_100,dv_plus,jdv_plus,rank_dv_plus,rank_jdv_plus
75566,이원석,8.7813,1.5617,7.2196,142.1761,135.9421,1.0000,2.0000
64560,이창진,8.7445,1.9203,6.8243,141.5869,143.4384,2.0000,1.0000
63963,권희동,7.9856,1.0105,6.9752,129.4240,124.4160,3.0000,7.0000
78168,서건창,7.9712,1.0785,6.8927,129.1930,125.8389,4.0000,5.0000
79109,오지환,7.8677,0.9789,6.8888,127.5346,123.7561,5.0000,8.0000
78288,최재훈,7.7444,0.9472,6.7972,125.5581,123.0942,6.0000,9.0000
66108,홍창기,7.6988,1.2121,6.4867,124.8268,128.6326,7.0000,4.0000
62234,류지혁,7.5647,0.6340,6.9308,122.6785,116.5444,8.0000,19.0000
75125,박병호,7.5087,0.9122,6.5965,121.7811,122.3617,9.0000,11.0000
51817,추신수,7.4954,0.2152,7.2802,121.5675,107.7885,10.0000,51.0000
54295,제러드,7.4668,0.5686,6.8982,121.1086,115.1770,11.0000,20.0000
62947,나성범,7.4579,0.3865,7.0714,120.9666,111.3703,12.0000,37.0000
67644,이정훈,7.3459,1.0552,6.2908,119.1718,125.3513,13.0000,6.0000
52605,김도영,7.3444,0.7255,6.6188,119.1465,118.4593,14.0000,17.0000
62556,신본기,7.3410,0.0848,7.2563,119.0934,105.0621,15.0000,59.0000
76802,김성현,7.3363,1.3107,6.0256,119.0167,130.6930,16.0000,3.0000
79365,박동원,7.2736,0.8456,6.4280,118.0122,120.9685,17.0000,13.0000
75847,최정,7.2388,0.6936,6.5452,117.4547,117.7917,18.0000,18.0000
78224,김재환,7.2359,0.5176,6.7183,117.4078,114.1106,19.0000,24.0000
51907,김주원,7.1590,0.3761,6.7828,116.1751,111.1540,20.0000,40.0000
61102,유강남,7.1450,0.4817,6.6633,115.9517,113.3605,21.0000,28.0000
66209,조수행,7.1270,0.5069,6.6202,115.6635,113.8872,22.0000,25.0000
62884,최항,7.1220,0.8675,6.2545,115.5823,121.4273,23.0000,12.0000
78548,장성우,7.1155,0.8014,6.3141,115.4784,120.0455,24.0000,15.0000
51551,나승엽,7.1103,0.4164,6.6939,115.3953,111.9962,25.0000,33.0000
72443,최형우,7.0798,0.4792,6.6006,114.9064,113.3088,26.0000,29.0000
66715,김인환,7.0239,0.4171,6.6068,114.0110,112.0112,27.0000,32.0000
63260,이우성,6.9900,0.5215,6.4685,113.4672,114.1933,28.0000,23.0000
76290,김현수,6.9811,0.8327,6.1485,113.3246,120.6985,29.0000,14.0000
62415,박해민,6.9769,-0.3791,7.3560,113.2579,95.3642,30.0000,98.0000
69100,구본혁,6.9465,-0.0296,6.9761,112.7708,102.6715,31.0000,68.0000
79402,김상수,6.9433,0.3242,6.6191,112.7187,110.0670,32.0000,45.0000
65207,신민재,6.9320,-0.1008,7.0329,112.5382,101.1815,33.0000,75.0000
54730,페라자,6.8972,0.4739,6.4233,111.9795,113.1978,34.0000,30.0000
52591,윤동희,6.8865,0.4024,6.4841,111.8085,111.7037,35.0000,35.0000
62802,박승욱,6.8604,0.3361,6.5243,111.3904,110.3162,36.0000,43.0000
53764,문현빈,6.8281,-0.0802,6.9083,110.8725,101.6130,37.0000,73.0000
69102,문보경,6.8251,0.2670,6.5581,110.8236,108.8713,38.0000,48.0000
62934,김성욱,6.8193,-0.0684,6.8877,110.7321,101.8595,39.0000,72.0000
67893,박성한,6.8141,-0.0844,6.8985,110.6488,101.5251,40.0000,74.0000
74206,김재호,6.7822,0.9303,5.8519,110.1374,122.7402,41.0000,10.0000
54944,데이비슨,6.7566,-0.0384,6.7950,109.7265,102.4862,42.0000,70.0000
64504,오윤석,6.7341,0.4025,6.3316,109.3659,111.7043,43.0000,34.0000
68700,이원석,6.7170,0.2735,6.4435,109.0919,109.0086,44.0000,47.0000
60523,정훈,6.7123,0.0978,6.6145,109.0168,105.3351,45.0000,58.0000
68743,정은원,6.7019,0.1854,6.5165,108.8495,107.1652,46.0000,54.0000
64007,문상철,6.6608,0.0312,6.6296,108.1907,103.9418,47.0000,62.0000
66965,도태훈,6.6507,0.2546,6.3961,108.0288,108.6119,48.0000,49.0000
68119,문성주,6.6499,0.3205,6.3294,108.0173,109.9915,49.0000,46.0000
52415,이재현,6.6123,0.1531,6.4592,107.4139,106.4899,50.0000,55.0000
51344,김휘집,6.6083,0.1915,6.4168,107.3500,107.2938,51.0000,53.0000
77564,김민성,6.5859,-0.4909,7.0768,106.9909,93.0250,52.0000,108.0000
62864,김민식,6.5683,0.3961,6.1722,106.7089,111.5707,53.0000,36.0000
64004,김민혁,6.5634,-0.2186,6.7820,106.6303,98.7199,54.0000,85.0000
51359,장재영,6.5247,-0.2146,6.7393,106.0099,98.8031,55.0000,84.0000
54344,고영우,6.5143,-0.1237,6.6380,105.8426,100.7030,56.0000,78.0000
74540,강민호,6.4925,-0.0030,6.4955,105.4932,103.2261,57.0000,65.0000
79231,정수빈,6.4789,0.2140,6.2648,105.2753,107.7646,58.0000,52.0000
78135,이형종,6.4458,0.3774,6.0684,104.7452,111.1797,59.0000,39.0000
69238,김대한,6.4417,0.7921,5.6496,104.6796,119.8502,60.0000,16.0000
64166,배정대,6.4198,0.3360,6.0838,104.3288,110.3150,61.0000,44.0000
50996,박시원,6.3945,-0.4024,6.7968,103.9226,94.8767,62.0000,101.0000
77243,허도환,6.3940,-0.5167,6.9107,103.9156,92.4860,63.0000,111.0000
62907,박민우,6.3761,0.4306,5.9455,103.6282,112.2918,64.0000,31.0000
66704,김태연,6.3697,0.3561,6.0135,103.5254,110.7355,65.0000,41.0000
79192,채은성,6.3623,-0.0131,6.3754,103.4068,103.0155,66.0000,67.0000
64646,박찬호,6.3354,0.0483,6.2871,102.9758,104.2987,67.0000,60.0000
69992,최정원,6.3173,-0.9412,7.2585,102.6855,83.6103,68.0000,134.0000
78513,전준우,6.2894,0.0129,6.2765,102.2391,103.5600,69.0000,64.0000
76232,양의지,6.2860,0.3816,5.9045,102.1850,111.2678,70.0000,38.0000
74163,이용규,6.2641,0.3501,5.9140,101.8334,110.6088,71.0000,42.0000
50167,이주형,6.2581,0.1490,6.1090,101.7365,106.4056,72.0000,56.0000
68463,윤정빈,6.2544,-0.3058,6.5602,101.6785,96.8958,73.0000,94.0000
53827,에레디아,6.2435,-0.0124,6.2559,101.5035,103.0310,74.0000,66.0000
75334,오재일,6.2411,0.5369,5.7042,101.4655,114.5160,75.0000,22.0000
50854,최지훈,6.2008,-0.1345,6.3354,100.8195,100.4771,76.0000,79.0000
50458,김지찬,6.1984,-0.2107,6.4091,100.7803,98.8849,77.0000,83.0000
66112,김기연,6.1794,-0.2348,6.4141,100.4758,98.3812,78.0000,88.0000
52025,라모스,6.1342,-0.3531,6.4873,99.7507,95.9061,79.0000,95.0000
79215,박건우,6.1128,0.1429,5.9699,99.4082,106.2765,80.0000,57.0000
68912,김형준,6.1091,-0.4849,6.5940,99.3489,93.1513,81.0000,106.0000
51528,손성빈,6.1037,-0.2414,6.3451,99.2627,98.2424,82.0000,89.0000
65586,전병우,6.0978,-0.1099,6.2077,99.1680,100.9920,83.0000,76.0000
62895,한유섬,6.0945,-0.2246,6.3191,99.1155,98.5933,84.0000,87.0000
69428,이병헌,6.0927,0.0312,6.0615,99.0865,103.9411,85.0000,63.0000
64868,조용호,6.0463,-0.0328,6.0791,98.3420,102.6035,86.0000,69.0000
54307,원성준,6.0288,-0.4400,6.4687,98.0620,94.0909,87.0000,103.0000
65357,송성문,5.9877,0.4988,5.4889,97.4029,113.7178,88.0000,26.0000
78603,김선빈,5.9600,-0.3698,6.3298,96.9596,95.5578,89.0000,97.0000
69453,이학주,5.9543,-0.8812,6.8355,96.8690,84.8657,90.0000,129.0000
62931,노진혁,5.9424,-0.3045,6.2469,96.6779,96.9229,91.0000,93.0000
66928,박준영,5.9333,-0.5724,6.5057,96.5313,91.3220,92.0000,114.0000
64006,심우준,5.9288,-0.3819,6.3107,96.4591,95.3039,93.0000,99.0000
53327,도슨,5.9219,0.5612,5.3607,96.3497,115.0240,94.0000,21.0000
77532,손아섭,5.9069,-0.5413,6.4482,96.1083,91.9717,95.0000,112.0000
60558,오태곤,5.8871,-0.2952,6.1823,95.7906,97.1173,96.0000,91.0000
67207,이유찬,5.8666,-0.4718,6.3384,95.4619,93.4242,97.0000,105.0000
66606,최원준,5.8429,-0.3610,6.2039,95.0833,95.7422,98.0000,96.0000
50500,황성빈,5.8330,-1.0458,6.8788,94.9239,81.4230,99.0000,138.0000
76267,최주환,5.8261,-0.8132,6.6393,94.8140,86.2874,100.0000,125.0000
54795,황영묵,5.8069,-0.4851,6.2920,94.5052,93.1463,101.0000,107.0000
69737,노시환,5.7939,-0.2242,6.0181,94.2981,98.6017,102.0000,86.0000
65703,이도윤,5.7894,-0.8321,6.6215,94.2247,85.8912,103.0000,127.0000
71837,김강민,5.7763,-0.4434,6.2197,94.0157,94.0197,104.0000,104.0000
67025,로하스,5.7736,-0.1884,5.9620,93.9722,99.3508,105.0000,81.0000
62404,구자욱,5.7302,0.0469,5.6832,93.2764,104.2711,106.0000,61.0000
54400,디아즈,5.7247,-0.4002,6.1249,93.1879,94.9212,107.0000,100.0000
76313,황재균,5.6741,-0.6289,6.3029,92.3768,90.1407,108.0000,115.0000
54424,맥키넌,5.6319,0.4866,5.1452,91.7005,113.4635,109.0000,27.0000
54805,박지환,5.6311,-0.3029,5.9339,91.6879,96.9571,110.0000,92.0000
66657,이진영,5.6270,0.2307,5.3963,91.6229,108.1133,111.0000,50.0000
63123,강승호,5.6072,-0.6836,6.2908,91.3046,88.9964,112.0000,117.0000
54812,정준재,5.5967,-0.2021,5.7987,91.1364,99.0648,113.0000,82.0000
52305,박수종,5.5924,-0.8713,6.4636,91.0675,85.0731,114.0000,128.0000
68205,전민재,5.5743,-0.7029,6.2772,90.7780,88.5926,115.0000,119.0000
69727,변우혁,5.5597,-0.1212,5.6809,90.5438,100.7554,116.0000,77.0000
53144,김범석,5.5509,-0.8985,6.4494,90.4034,84.5042,117.0000,130.0000
67304,김혜성,5.5158,-0.1567,5.6725,89.8402,100.0125,118.0000,80.0000
64153,양석환,5.4745,-0.7723,6.2469,89.1788,87.1414,119.0000,122.0000
62244,박세혁,5.4401,-0.4219,5.8620,88.6278,94.4684,120.0000,102.0000
53123,오스틴,5.4359,-0.7861,6.2220,88.5595,86.8538,121.0000,124.0000
66409,이성규,5.4088,-1.1678,6.5766,88.1251,78.8724,122.0000,141.0000
62700,하주석,5.4070,-0.9403,6.3473,88.0970,83.6304,123.0000,133.0000
69995,서호철,5.3851,-1.0157,6.4009,87.7465,82.0525,124.0000,136.0000
66706,장진혁,5.3510,-0.0475,5.3985,87.1998,102.2968,125.0000,71.0000
51868,고명준,5.3267,-0.6954,6.0221,86.8093,88.7494,126.0000,118.0000
53312,김건희,5.3120,-1.4890,6.8010,86.5736,72.1565,127.0000,149.0000
65653,김호령,5.2982,-1.5085,6.8067,86.3523,71.7495,128.0000,151.0000
79240,허경민,5.2877,-0.4996,5.7872,86.1841,92.8441,129.0000,109.0000
79608,안치홍,5.2697,-0.2607,5.5305,85.8970,97.8385,130.0000,90.0000
54529,레이예스,5.2687,-0.7533,6.0220,85.8799,87.5385,131.0000,121.0000
67905,천재환,5.2392,-1.2473,6.4865,85.4077,77.2116,132.0000,143.0000
50707,최인호,5.2348,-0.8260,6.0608,85.3367,86.0200,133.0000,126.0000
68646,한준수,5.2131,-0.4999,5.7130,84.9892,92.8371,134.0000,110.0000
52430,김영웅,5.0776,-1.0398,6.1173,82.8170,81.5504,135.0000,137.0000
51417,김현준,5.0679,-1.5398,6.6077,82.6623,71.0959,136.0000,152.0000
52630,소크라테스,5.0359,-0.6535,5.6894,82.1490,89.6263,137.0000,116.0000
69517,고승민,5.0210,-0.9206,5.9416,81.9105,84.0420,138.0000,131.0000
68050,강백호,4.9993,-0.9398,5.9391,81.5621,83.6398,139.0000,132.0000
50054,천성호,4.9350,-0.5614,5.4964,80.5322,91.5528,140.0000,113.0000
61404,김헌곤,4.9320,-1.2861,6.2182,80.4844,76.3991,141.0000,144.0000
68305,변상권,4.8648,-0.7812,5.6460,79.4074,86.9560,142.0000,123.0000
50600,홍종표,4.8146,-1.2034,6.0180,78.6023,78.1287,143.0000,142.0000
64346,임병욱,4.7514,-1.0109,5.7623,77.5903,82.1545,144.0000,135.0000
76812,이재원,4.7438,-0.7078,5.4515,77.4670,88.4919,145.0000,120.0000
62332,김재현,4.5670,-1.4961,6.0631,74.6339,72.0085,146.0000,150.0000
78122,김태군,4.5024,-1.1091,5.6115,73.5991,80.1013,147.0000,139.0000
66406,안주형,4.4582,-1.1665,5.6247,72.8904,78.9008,148.0000,140.0000
79456,이지영,4.4252,-1.3249,5.7502,72.3623,75.5879,149.0000,145.0000
69813,하재훈,4.3998,-1.3842,5.7841,71.9552,74.3481,150.0000,146.0000
64984,김태진,4.3046,-1.8975,6.2021,70.4291,63.6173,151.0000,155.0000
50150,손호영,4.2585,-1.4603,5.7189,69.6904,72.7572,152.0000,148.0000
68518,정보근,3.9135,-1.4303,5.3438,64.1611,73.3857,153.0000,147.0000
54305,이재상,3.8577,-1.5794,5.4371,63.2662,70.2665,154.0000,153.0000
53400,김재상,3.7833,-1.6755,5.4588,62.0739,68.2573,155.0000,154.0000
