batter_id,n,sa,two_strike_share,A,A_pct,A_nc,A_nc_pct,B,B_pct,B_nc,B_nc_pct,batter_name,team
75847,2331,2.3498,0.2904,115.4652,97.6510,117.2171,99.6644,116.7362,98.9933,117.7582,99.6644,최정,—
63704,1748,-4.2954,0.2740,115.5101,98.3221,116.8580,98.9933,111.1756,96.9799,112.3131,98.3221,노수광,—
79705,423,-1.9442,0.2979,114.0031,96.9799,113.7036,98.3221,110.8709,96.3087,110.2060,96.3087,김회성,HAN
69569,995,-0.4725,0.3055,117.9879,99.6644,113.5954,97.6510,115.5609,98.3221,111.0619,97.6510,윌슨,LOT
78168,1700,-5.7132,0.2465,113.7351,96.3087,113.4985,96.9799,108.4944,90.9396,108.0221,91.6107,서건창,KIW
74206,1770,-2.7156,0.2983,116.1403,98.9933,113.1674,96.3087,112.0878,97.6510,109.7716,94.2953,김재호,DOO
69652,1570,-0.6141,0.2815,110.0302,90.9396,112.7322,95.6376,108.7725,92.2819,110.9687,96.9799,터커,KIA
75334,1940,4.7413,0.2732,113.0516,94.2953,112.3844,94.9664,117.2391,99.6644,115.2959,98.9933,오재일,DOO
67872,2466,-2.0528,0.3114,109.2828,89.5973,112.2967,94.2953,106.5425,87.5839,110.0041,95.6376,로맥,—
79109,2155,-1.9408,0.3109,112.4005,93.6242,111.5835,93.6242,110.0208,93.6242,109.8166,94.9664,오지환,LG
62907,1874,-4.9866,0.2727,113.1562,94.9664,111.2128,92.9530,109.1784,92.9530,107.5725,90.2685,박민우,NC
79215,2013,-1.0339,0.2648,110.5139,91.6107,110.8358,92.2819,108.7187,91.6107,108.5096,92.9530,박건우,DOO
62558,409,-6.0836,0.3056,112.1340,92.2819,110.6527,91.6107,107.6560,89.5973,106.7596,88.2550,김준태,LOT
69530,717,-1.8773,0.2803,113.6329,95.6376,110.3863,90.9396,110.4069,94.9664,107.2187,88.9262,아수아헤,LOT
78629,615,0.5607,0.2992,112.2030,92.9530,110.1375,90.2685,110.7436,95.6376,109.0518,93.6242,나지완,KIA
75566,1722,-2.4195,0.2729,108.6110,88.9262,109.6004,89.5973,106.3262,86.9128,106.6836,87.5839,이원석,SAM
63963,1710,-5.3630,0.3018,107.9356,86.2416,109.4362,88.9262,103.0169,72.8188,105.0867,83.5570,권희동,NC
76509,429,2.5709,0.3520,102.7210,66.7785,108.7049,88.2550,101.9893,66.1074,106.3838,86.9128,김문호,LOT
74339,2218,-4.3677,0.2619,109.8551,90.2685,108.2954,87.5839,105.0635,81.5436,103.7390,74.8322,유한준,KT
75125,2123,-2.8920,0.2619,108.1568,87.5839,108.0201,86.9128,104.2683,77.5168,103.7685,76.1745,박병호,KIW
71752,1813,-3.9326,0.2890,108.2053,88.2550,107.2212,86.2416,105.1001,82.8859,104.3113,81.5436,김태균,HAN
78224,1991,4.3046,0.2431,106.6759,84.8993,106.7012,85.5705,110.2226,94.2953,108.2330,92.2819,김재환,DOO
73113,1916,-2.2354,0.2834,103.3490,70.8054,106.5366,84.8993,101.1183,59.3960,104.2132,80.2013,박경수,KT
64717,390,-2.4427,0.2462,101.8132,59.3960,106.4228,84.2282,101.2145,60.0671,104.6806,82.8859,지시완,HAN
62244,1867,2.4643,0.3010,105.8030,80.2013,106.1484,83.5570,107.0034,88.2550,107.5344,89.5973,박세혁,DOO
76290,2138,1.0613,0.2451,107.0227,85.5705,105.7691,82.8859,107.3576,88.9262,105.2220,85.5705,김현수,LG
74729,466,-0.5714,0.3219,106.5912,84.2282,105.7475,82.2148,105.1368,84.2282,104.2116,79.5302,최진행,HAN
76267,1308,-0.3860,0.2645,98.9944,44.6309,105.6104,81.5436,98.7741,44.6309,104.2171,80.8725,최주환,DOO
62884,540,2.5509,0.2741,103.2456,70.1342,105.5224,80.8725,103.8928,76.8456,105.1952,84.8993,최항,—
74540,1467,0.5935,0.2815,105.6439,79.5302,105.5161,80.2013,105.6391,84.8993,105.4339,86.2416,강민호,SAM
71432,303,-2.0798,0.2739,103.5402,71.4765,105.3659,79.5302,102.1980,68.1208,103.3436,74.1611,박한이,SAM
64868,868,-2.6701,0.3145,102.8009,68.1208,105.3572,78.8591,101.2710,62.0805,104.0819,78.1879,조용호,KT
78288,1646,-7.4714,0.2971,106.5458,83.5570,105.0742,78.1879,100.6912,56.0403,100.4168,54.0268,최재훈,HAN
69442,418,-2.2007,0.3325,106.0947,82.2148,105.0427,77.5168,104.6355,79.5302,103.8379,76.8456,김도환,SAM
79231,1991,-3.9730,0.2657,107.9917,86.9128,104.8151,76.8456,103.7356,76.1745,101.3827,63.4228,정수빈,DOO
62415,2240,-3.3890,0.3232,104.7028,78.1879,104.6620,76.1745,102.0209,66.7785,103.1123,71.4765,박해민,SAM
62356,872,0.0729,0.3073,101.9391,60.0671,104.5655,75.5034,101.6887,65.4362,104.1256,78.8591,김규민,KIW
66706,1157,-0.8859,0.2766,106.3271,82.8859,104.4251,74.8322,105.0834,82.2148,103.2817,72.8188,장진혁,HAN
73136,1667,5.2751,0.2993,101.9602,60.7383,104.3484,74.1611,106.0943,86.2416,107.6430,90.9396,이성열,HAN
68345,2227,1.8034,0.2685,106.0799,81.5436,104.2579,73.4899,108.3026,90.2685,105.1951,84.2282,샌즈,KIW
74465,1803,-4.0976,0.3039,105.1969,78.8591,104.0613,72.8188,100.8863,58.0537,100.8028,57.3826,박석민,NC
62556,1473,1.1963,0.3062,102.6732,66.1074,103.5193,72.1477,102.7165,70.8054,103.7421,75.5034,신본기,LOT
78513,2100,-0.5943,0.2429,104.5214,77.5168,103.5062,71.4765,103.7352,75.5034,102.1342,68.1208,전준우,LOT
78361,413,-3.0811,0.2930,104.4807,76.8456,103.3585,70.8054,102.0601,67.4497,101.2778,62.0805,전민수,LG
76313,1901,-2.3196,0.2604,103.1466,69.4631,103.2980,70.1342,100.8249,57.3826,100.7473,56.7114,황재균,KT
72443,2237,-3.5439,0.2713,105.9024,80.8725,103.1878,69.4631,101.6361,64.7651,99.0769,43.9597,최형우,KIA
61197,968,0.7144,0.2603,99.0164,45.3020,103.1417,68.7919,99.3646,47.9866,102.6311,69.4631,최영진,SAM
76849,2009,-3.8486,0.2867,100.8921,53.3557,103.0370,68.1208,98.3525,42.6174,101.0222,58.7248,이명기,KIA · NC
64504,826,-4.2577,0.3196,104.0420,75.5034,103.0095,67.4497,101.2626,61.4094,101.5572,65.4362,오윤석,LOT
76232,1716,0.8983,0.2529,103.9101,73.4899,102.7613,66.7785,104.3180,78.1879,102.2932,68.7919,양의지,NC
78603,1632,-6.3825,0.2494,100.1459,51.3423,102.7391,66.1074,95.4910,27.8523,98.1681,40.6040,김선빈,KIA
67450,2201,-5.2175,0.2781,103.0121,68.7919,102.7189,65.4362,98.3646,43.2886,97.9905,39.2617,러프,SAM
61186,2226,-4.4916,0.2727,103.5984,72.1477,102.4594,64.7651,99.2713,46.6443,98.1447,39.9329,이천웅,LG
79402,2043,-6.9538,0.2658,101.6293,58.0537,102.0935,64.0940,94.9956,23.1544,96.1860,31.8792,김상수,SAM
73209,919,4.2882,0.3330,99.3189,47.9866,102.0463,63.4228,100.8220,56.7114,103.3323,73.4899,나주환,—
68912,396,-5.4026,0.3157,99.9526,49.3289,101.9336,62.7517,99.3567,47.3154,101.1080,59.3960,김형준,NC
68743,2296,-8.4902,0.2822,102.7711,67.4497,101.6912,62.0805,95.8946,30.5369,95.7597,27.8523,정은원,HAN
63260,623,0.0194,0.2873,100.5900,52.0134,101.6281,61.4094,100.4562,55.3691,101.2140,60.7383,이우성,NC · KIA
78756,1596,-3.6663,0.2882,99.1513,45.9732,101.5902,60.7383,97.0106,37.9195,99.8587,50.0000,오선진,HAN
64006,1635,-2.0818,0.3015,97.6567,37.9195,101.5561,60.0671,96.8276,36.5772,100.9191,58.0537,심우준,KT
78548,1647,-4.8486,0.3024,98.9824,43.9597,101.5263,59.3960,95.6930,29.1946,98.7873,43.2886,장성우,KT
62934,1254,-3.0581,0.3142,102.2326,62.0805,101.5178,58.7248,100.1458,54.0268,100.5486,55.3691,김성욱,NC
79150,1550,-5.4583,0.2729,101.6581,58.7248,101.4839,58.0537,98.1956,41.9463,98.6395,41.2752,정주현,LG
62931,1478,3.4137,0.3045,102.5031,65.4362,101.3801,57.3826,104.6916,80.2013,103.8849,77.5168,노진혁,NC
66615,647,0.7142,0.3277,95.3733,29.1946,101.3212,56.7114,96.1827,31.8792,101.7237,66.1074,류승현,KIA
60558,1428,1.3632,0.2983,102.0559,61.4094,101.3069,56.0403,102.6965,70.1342,102.0572,67.4497,오태곤,KT
61208,394,4.4510,0.3223,103.9738,74.8322,101.1465,55.3691,105.1208,83.5570,102.7317,70.1342,정진호,DOO
62908,406,2.3172,0.2266,100.9616,56.0403,101.1093,54.6980,101.5472,63.4228,101.3751,62.7517,황윤호,KIA
77463,635,10.0404,0.3055,100.7681,52.6846,101.0004,54.0268,104.4215,78.8591,104.3219,82.2148,채태인,LOT
62797,468,-2.1897,0.3141,99.9825,50.0000,100.8593,53.3557,99.5096,49.3289,100.5418,54.6980,양성우,HAN
62802,868,2.5603,0.2892,98.7187,41.9463,100.7613,52.6846,99.7149,52.0134,101.4869,64.0940,박승욱,KT
64166,311,-3.9803,0.3151,97.3363,35.9060,100.7065,52.0134,96.6871,35.9060,99.9709,51.3423,배정대,KT
62265,733,-1.1092,0.2783,104.2739,76.1745,100.6579,51.3423,102.8604,71.4765,100.1478,52.6846,유민상,KIA
65357,1132,-1.6889,0.2827,103.8352,72.8188,100.4784,50.6711,102.4582,68.7919,99.4975,47.3154,송성문,KIW
75808,986,-1.0076,0.2566,102.3823,64.0940,100.3387,50.0000,101.3877,62.7517,99.4491,46.6443,정근우,HAN
76249,1394,4.3076,0.2704,102.4553,64.7651,100.3106,49.3289,106.0363,85.5705,103.2723,72.1477,민병헌,LOT
62895,2001,-3.5668,0.2954,100.9191,54.0268,100.2769,48.6577,97.2404,38.5906,96.8407,33.8926,한유섬,—
76802,1631,-0.0344,0.2367,101.4185,57.3826,99.9618,47.9866,101.2287,60.7383,99.6379,47.9866,김성현,—
62353,337,-2.4043,0.3323,96.8157,34.5638,99.8155,47.3154,96.4972,34.5638,99.2726,45.3020,박정음,KIW
75151,1513,3.3043,0.2683,98.7755,43.2886,99.6849,46.6443,101.0596,58.7248,101.1201,60.0671,정의윤,—
60523,910,-5.3385,0.2956,99.8190,48.6577,99.6477,45.9732,96.3469,33.8926,97.3731,36.5772,정훈,LOT
62404,1822,3.4682,0.2772,100.9275,54.6980,99.3876,45.3020,103.6826,74.8322,101.4870,64.7651,구자욱,SAM
62925,333,1.7524,0.3003,97.5189,37.2483,99.3098,44.6309,98.3790,43.9597,99.7776,48.6577,강진성,NC
69405,638,2.0748,0.3260,102.3639,62.7517,99.2571,43.9597,103.2286,73.4899,100.5991,56.0403,윌리엄슨,SAM
67341,2233,-5.5412,0.2378,102.3703,63.4228,98.8731,43.2886,97.5644,39.2617,94.2731,19.7987,이정후,KIW
64560,1819,-3.8213,0.2903,103.9282,74.1611,98.8438,42.6174,99.6160,50.6711,95.7046,27.1812,이창진,KIA
77248,777,0.9773,0.3024,101.0996,56.7114,98.8127,41.9463,101.5666,64.0940,100.3964,53.3557,오재원,DOO
79465,319,-6.2638,0.2947,98.0513,39.2617,98.5789,41.2752,96.2332,32.5503,97.4727,37.9195,배영섭,—
64468,794,-7.3485,0.3123,97.8491,38.5906,98.3128,40.6040,93.6027,17.7852,95.6875,25.8389,박계범,SAM
79240,1830,1.1512,0.2399,96.5225,31.8792,98.2385,39.9329,97.6839,39.9329,98.6465,41.9463,허경민,DOO
66917,479,6.4452,0.2714,98.0525,39.9329,98.1623,39.2617,100.0406,53.3557,100.0874,52.0134,김찬형,NC
69453,1534,2.7720,0.2790,100.9471,55.3691,98.0241,38.5906,102.5236,69.4631,99.8229,49.3289,이학주,SAM
62947,419,8.6131,0.3126,98.5187,41.2752,97.3703,37.9195,103.6696,74.1611,102.0021,66.7785,나성범,NC
78217,772,-4.4020,0.2966,97.4859,36.5772,97.2731,37.2483,94.8213,21.8121,95.8747,29.1946,김용의,LG
79365,1271,5.7466,0.2722,98.7619,42.6174,97.2405,36.5772,105.0020,80.8725,103.0834,70.8054,박동원,KIW
64004,1840,-1.0060,0.2614,93.7288,23.8255,96.8489,35.9060,93.4839,15.7718,96.5913,33.2215,김민혁,KT
72133,775,4.2821,0.2813,96.6522,33.2215,96.7970,35.2349,99.5912,50.0000,99.9608,50.6711,박용택,LG
78813,1340,5.9715,0.2724,93.9208,25.8389,96.7385,34.5638,99.6935,51.3423,101.2515,61.4094,모창민,NC
64646,2056,3.3804,0.3137,93.7631,25.1678,96.6856,33.8926,95.5512,28.5235,98.7676,42.6174,박찬호,KIA
71564,1870,4.2216,0.2513,96.5384,32.5503,96.6583,33.2215,100.2540,54.6980,99.1084,44.6309,이대호,LOT
64300,2238,-1.3384,0.2516,99.2177,46.6443,96.6056,32.5503,97.9133,41.2752,94.8992,22.4832,김하성,KIW
78135,1664,2.0876,0.2722,96.9320,35.2349,96.2386,31.8792,99.0900,45.3020,97.4375,37.2483,이형종,LG
69901,797,0.1701,0.2535,99.2784,47.3154,96.2362,31.2081,99.4381,48.6577,96.3576,32.5503,스몰린스키,NC
61700,481,-9.1065,0.2827,94.9701,28.5235,96.1098,30.5369,91.8239,11.7450,93.8441,19.1275,강경학,HAN
73306,638,-1.2788,0.2806,100.1454,50.6711,95.6743,29.8658,99.1549,45.9732,96.0652,31.2081,지석훈,NC
69209,2210,5.2452,0.2312,96.3795,30.5369,95.1588,29.1946,102.9126,72.1477,99.4037,45.9732,페르난데스,DOO
63722,1192,-2.0453,0.3221,93.7603,24.4966,95.0003,28.5235,93.1167,14.4295,95.4704,25.1678,한승택,KIA
74215,629,0.9923,0.2321,93.6630,23.1544,94.4923,27.8523,95.0643,23.8255,95.1369,23.8255,윤석민,KT
69737,720,-1.2120,0.3222,94.9448,27.8523,94.4773,27.1812,95.1142,24.4966,95.6922,26.5101,노시환,HAN
64906,377,0.7409,0.2918,88.7008,12.4161,94.0432,26.5101,91.0049,8.3893,96.0114,29.8658,강민국,KT
62864,505,-4.7043,0.2950,96.4767,31.2081,93.8097,25.8389,93.8607,18.4564,93.3532,17.1141,김민식,KIA
77532,2107,-2.0316,0.2919,98.0637,40.6040,93.7817,25.1678,96.2519,33.2215,93.1234,15.1007,손아섭,LOT
62025,1027,4.5685,0.2902,95.9877,29.8658,93.6577,24.4966,99.8819,52.6846,97.6111,38.5906,이원재,NC
64984,1383,3.2971,0.2798,93.5538,21.8121,93.6031,23.8255,95.8356,29.8658,96.0601,30.5369,김태진,NC
64022,516,-5.9381,0.2907,92.3250,17.7852,93.4053,23.1544,91.6320,10.4027,93.5498,18.4564,안중열,LOT
69150,781,5.2207,0.2868,89.8324,13.7584,93.3859,22.4832,93.8998,19.1275,96.8855,34.5638,조셉,LG
66864,395,6.1747,0.2886,93.1016,19.1275,93.2642,21.8121,96.9869,37.2483,97.3054,35.9060,안상현,—
79334,1576,-1.5638,0.3090,96.6618,33.8926,93.2286,21.1409,95.3044,25.8389,93.3509,16.4430,장영석,KIW
62234,1097,2.0769,0.2589,93.2042,20.4698,93.0874,20.4698,95.3252,26.5101,94.8560,21.1409,류지혁,DOO
68525,767,-5.2952,0.3129,93.2497,21.1409,92.9382,19.7987,91.2728,9.0604,92.1988,9.7315,한동희,LOT
71837,1808,1.5346,0.3020,93.5588,22.4832,92.7208,19.1275,95.1499,25.1678,94.7475,20.4698,김강민,—
61566,581,-1.6850,0.2685,93.1535,19.7987,92.1799,18.4564,93.5411,16.4430,93.4746,17.7852,허일,LOT
66606,964,2.0718,0.3164,92.1797,17.1141,92.1379,17.7852,94.0709,19.7987,94.8702,21.8121,최원준,KIA
70410,1218,7.3670,0.2553,91.5730,15.7718,92.1123,17.1141,97.7458,40.6040,97.2538,35.2349,김주찬,KIA
61404,1778,-4.2027,0.2722,88.9743,13.0872,92.0269,16.4430,87.0392,3.6913,90.4315,3.6913,김헌곤,SAM
68050,1925,0.8179,0.2732,94.1509,26.5101,91.5585,15.7718,95.4104,27.1812,92.1104,9.0604,강백호,KT
60566,776,6.4631,0.2513,92.4626,18.4564,91.5255,15.1007,95.9958,31.2081,94.9561,23.1544,이상호,NC
79608,1451,1.3968,0.2405,94.8107,27.1812,90.9956,14.4295,96.6520,35.2349,92.3505,11.0738,안치홍,KIA
65207,401,-4.2795,0.3317,91.5735,16.4430,90.8984,13.7584,91.5559,9.7315,92.8243,13.0872,신민재,LG
76812,1787,5.9697,0.2882,87.5979,9.7315,90.7398,13.0872,93.0464,13.7584,95.8609,28.5235,이재원,—
69100,332,-0.4792,0.2470,88.1456,10.4027,90.6688,12.4161,90.3275,7.0470,93.0022,13.7584,구본혁,LG
68730,1713,4.5841,0.2458,90.7905,15.1007,89.1583,11.7450,94.9879,22.4832,92.3611,11.7450,호잉,HAN
61102,1744,1.5927,0.2798,86.0043,8.3893,88.8571,11.0738,88.2069,5.0336,91.0369,5.0336,유강남,LG
77243,341,4.9921,0.3255,88.1711,11.0738,88.7950,10.4027,91.8079,11.0738,93.0507,14.4295,허도환,—
67539,804,-0.1051,0.3744,81.7176,3.0201,88.4340,9.7315,83.9856,0.3356,91.2039,6.3758,나균안,LOT
67304,1311,2.2114,0.2822,90.4206,14.4295,88.1045,9.0604,92.9806,13.0872,91.0469,5.7047,김혜성,KIW
73213,539,4.9606,0.3154,86.5728,9.0604,87.6770,8.3893,90.8077,7.7181,92.5171,12.4161,손시헌,NC
65515,1113,3.1098,0.3037,85.8602,7.7181,87.5082,7.7181,88.8234,6.3758,91.2573,7.0470,강로한,LOT
77564,1479,-3.0289,0.2853,85.7058,7.0470,86.9490,7.0470,84.5090,1.0067,86.9031,0.3356,김민성,LG
64346,1536,2.4015,0.3060,85.0212,5.7047,86.5988,6.3758,87.8192,4.3624,90.1227,3.0201,임병욱,KIW
79192,1806,5.9584,0.2741,88.5467,11.7450,86.2473,5.7047,94.5177,21.1409,92.0466,8.3893,채은성,LG
61353,1842,8.2360,0.2883,85.5077,6.3758,86.0747,5.0336,91.8759,12.4161,92.2468,10.4027,고종욱,—
61554,442,6.8810,0.3258,82.4590,4.3624,83.9139,4.3624,88.5787,5.7047,90.6583,4.3624,김민하,HAN
79456,1129,3.6745,0.2622,82.8330,5.0336,83.4281,3.6913,86.7171,3.0201,87.8825,1.6779,이지영,KIW
76753,1482,14.8193,0.2949,81.1030,2.3490,81.2738,3.0201,93.4833,15.1007,93.2712,15.7718,송광민,HAN
66838,644,13.3575,0.2702,81.9484,3.6913,80.9626,2.3490,94.1153,20.4698,91.8674,7.7181,김동엽,SAM
69950,849,11.3781,0.2909,77.1539,1.0067,80.8217,1.6779,93.5573,17.1141,95.4350,24.4966,베탄코트,NC
67025,2180,6.0905,0.2991,78.4826,1.6779,79.4698,1.0067,86.6059,2.3490,87.4708,1.0067,로하스,KT
69165,740,10.3379,0.3054,73.7799,0.3356,77.5635,0.3356,84.9500,1.6779,88.4404,2.3490,페게로,LG
