batter_id,batter_name,team,pitches,sa,za,apr,apr_r,rank_apr,rank_apr_r
69569,윌슨,LOT,995,-0.4725,3.0590,117.9682,118.2757,1,1
74206,김재호,DOO,1770,-2.7156,2.5807,116.1353,116.5495,2,2
63704,노수광,—,1748,-4.2954,1.5683,115.5283,116.0858,3,3
75847,최정,—,2331,2.3498,4.9189,115.4379,115.3455,4,4
79705,김회성,HAN,423,-1.9442,5.0914,114.0640,114.2800,5,5
78168,서건창,KIW,1700,-5.7132,0.6417,113.7395,114.2572,6,6
69530,아수아헤,LOT,717,-1.8773,2.5039,113.6014,114.0005,7,7
62907,박민우,NC,1874,-4.9866,2.1347,113.1773,113.6919,8,8
75334,오재일,DOO,1940,4.7413,6.1752,113.0700,112.4927,9,9
79109,오지환,LG,2155,-1.9408,2.7600,112.3656,112.3664,10,10
78629,나지완,KIA,615,0.5607,4.8895,112.2056,112.2498,11,11
62558,김준태,LOT,409,-6.0836,1.4495,112.1967,112.1137,12,12
69652,터커,KIA,1570,-0.6141,2.8059,110.0078,110.4729,14,13
74339,유한준,KT,2218,-4.3677,0.3887,109.8495,110.4583,15,14
79215,박건우,DOO,2013,-1.0339,1.6884,110.4674,110.4052,13,15
75566,이원석,SAM,1722,-2.4195,1.5254,108.6460,108.9067,17,16
67872,로맥,—,2466,-2.0528,1.4234,109.2760,108.8678,16,17
79231,정수빈,DOO,1991,-3.9730,-0.0268,107.9926,108.7144,20,18
75125,박병호,KIW,2123,-2.8920,2.1769,108.1760,108.5254,18,19
71752,김태균,HAN,1813,-3.9326,0.3594,108.1667,108.3080,19,20
76290,김현수,LG,2138,1.0613,3.3303,107.0379,108.1025,22,21
63963,권희동,NC,1710,-5.3630,0.2350,107.9271,107.9768,21,22
78288,최재훈,HAN,1646,-7.4714,-0.3448,106.5331,107.1491,25,23
74729,최진행,HAN,466,-0.5714,4.1984,106.5436,106.9516,24,24
66706,장진혁,HAN,1157,-0.8859,3.8936,106.2835,106.5798,26,25
69442,김도환,SAM,418,-2.2007,2.9708,106.1695,106.5599,27,26
78224,김재환,DOO,1991,4.3046,6.0870,106.6967,106.4601,23,27
72443,최형우,KIA,2237,-3.5439,0.5561,105.8950,106.4507,29,28
62244,박세혁,DOO,1867,2.4643,2.2569,105.8068,105.7126,30,29
74465,박석민,NC,1803,-4.0976,-0.5312,105.1676,105.4961,32,30
68345,샌즈,KIW,2227,1.8034,2.4930,106.0524,105.3992,28,31
74540,강민호,SAM,1467,0.5935,1.0715,105.6246,105.3038,31,32
78513,전준우,LOT,2100,-0.5943,1.8743,104.5400,104.7777,34,33
78361,전민수,LG,413,-3.0811,1.1425,104.4840,104.6172,35,34
62415,박해민,SAM,2240,-3.3890,-1.6035,104.6908,104.4563,33,35
62265,유민상,KIA,733,-1.1092,0.7042,104.3067,104.4502,36,36
76232,양의지,NC,1716,0.8983,3.1523,103.9120,104.2020,40,37
61208,정진호,DOO,394,4.4510,2.4780,104.0068,103.9971,37,38
64504,오윤석,LOT,826,-4.2577,-0.2329,103.9627,103.9349,38,39
64560,이창진,KIA,1819,-3.8213,1.5836,103.9605,103.8690,39,40
62884,최항,—,540,2.5509,3.9448,103.3158,103.7551,44,41
71432,박한이,SAM,303,-2.0798,-1.0044,103.5584,103.6953,43,42
65357,송성문,KIW,1132,-1.6889,-1.9267,103.8384,103.6873,41,43
73113,박경수,KT,1916,-2.2354,1.4194,103.2965,103.5620,45,44
61186,이천웅,LG,2226,-4.4916,-0.6005,103.5700,103.3247,42,45
67450,러프,SAM,2201,-5.2175,-0.8237,103.0211,103.2928,47,46
76313,황재균,KT,1901,-2.3196,-0.6749,103.1418,103.2736,46,47
68743,정은원,HAN,2296,-8.4902,-1.9551,102.7974,103.1926,49,48
64868,조용호,KT,868,-2.6701,1.6074,102.8204,102.9353,48,49
62934,김성욱,NC,1254,-3.0581,2.8820,102.3079,102.8923,57,50
62931,노진혁,NC,1478,3.4137,3.0125,102.5197,102.6188,52,51
76509,김문호,LOT,429,2.5709,1.4120,102.7250,102.6017,50,52
67341,이정후,KIW,2233,-5.5412,-2.5239,102.3996,102.5414,54,53
79402,김상수,SAM,2043,-6.9538,-3.1636,101.6516,102.5309,62,54
75808,정근우,HAN,986,-1.0076,0.6834,102.3811,102.4727,56,55
62556,신본기,LOT,1473,1.1963,-0.2941,102.6363,102.2826,51,56
69405,윌리엄슨,SAM,638,2.0748,1.3399,102.3900,102.1411,55,57
76249,민병헌,LOT,1394,4.3076,3.3633,102.4390,102.1346,53,58
79150,정주현,LG,1550,-5.4583,-0.6415,101.6345,102.0868,63,59
64717,지시완,HAN,390,-2.4427,-1.3305,101.7765,101.9170,61,60
73136,이성열,HAN,1667,5.2751,3.4187,101.9336,101.8328,59,61
60558,오태곤,KT,1428,1.3632,1.5025,102.0680,101.7697,58,62
76802,김성현,—,1631,-0.0344,0.4608,101.4104,101.5451,64,63
77248,오재원,DOO,777,0.9773,3.1635,101.0740,101.5270,65,64
62908,황윤호,KIA,406,2.3172,3.2444,101.0192,101.2966,66,65
62895,한유섬,—,2001,-3.5668,-1.0166,100.9333,101.0169,69,66
76849,이명기,KIA · NC,2009,-3.8486,-3.4103,100.9150,101.0059,70,67
62356,김규민,KIW,872,0.0729,1.5127,101.9014,100.9668,60,68
78603,김선빈,KIA,1632,-6.3825,-1.4898,100.1371,100.7055,73,69
63260,이우성,NC · KIA,623,0.0194,0.1647,100.6092,100.5837,72,70
73306,지석훈,NC,638,-1.2788,0.4635,100.1226,100.5743,74,71
62404,구자욱,SAM,1822,3.4682,-0.5510,100.9638,100.5742,67,72
69453,이학주,SAM,1534,2.7720,-1.4282,100.9434,100.3508,68,73
60523,정훈,LOT,910,-5.3385,-1.9228,99.8094,100.1044,77,74
68912,김형준,NC,396,-5.4026,1.9880,99.9292,100.0804,76,75
62797,양성우,HAN,468,-2.1897,-0.4399,99.9690,100.0564,75,76
77463,채태인,LOT,635,10.0404,1.0725,100.7684,100.0196,71,77
76267,최주환,DOO,1308,-0.3860,-2.7437,98.9637,99.5458,84,78
78756,오선진,HAN,1596,-3.6663,-2.9684,99.1733,99.3437,81,79
78548,장성우,KT,1647,-4.8486,-0.8919,98.9893,99.3367,83,80
69901,스몰린스키,NC,797,0.1701,-1.5604,99.3203,99.2020,79,81
62947,나성범,NC,419,8.6131,3.9550,98.5388,99.1153,88,82
79465,배영섭,—,319,-6.2638,0.9250,98.1192,98.9871,89,83
64300,김하성,KIW,2238,-1.3384,1.2111,99.2161,98.8930,80,84
61197,최영진,SAM,968,0.7144,-2.0891,99.0291,98.7784,82,85
73209,나주환,—,919,4.2882,1.1229,99.3357,98.7736,78,86
75151,정의윤,—,1513,3.3043,0.4499,98.7400,98.6276,85,87
62802,박승욱,KT,868,2.5603,1.3796,98.7370,98.6100,86,88
64468,박계범,SAM,794,-7.3485,0.1581,97.9656,98.5492,92,89
77532,손아섭,LOT,2107,-2.0316,-0.8041,98.0554,98.5292,91,90
79365,박동원,KIW,1271,5.7466,3.1126,98.7047,98.4366,87,91
64006,심우준,KT,1635,-2.0818,-2.7098,97.6590,97.9581,93,92
64166,배정대,KT,311,-3.9803,2.5865,97.3487,97.9488,96,93
78217,김용의,LG,772,-4.4020,-2.9397,97.4442,97.6116,95,94
66917,김찬형,NC,479,6.4452,2.6926,98.0784,97.1120,90,95
62925,강진성,NC,333,1.7524,-0.1000,97.4855,97.0899,94,96
78135,이형종,LG,1664,2.0876,1.3596,96.9132,97.0307,97,97
62353,박정음,KIW,337,-2.4043,-2.9049,96.7756,96.7562,98,98
62864,김민식,KIA,505,-4.7043,-0.3963,96.4611,96.5869,103,99
71564,이대호,LOT,1870,4.2216,0.2938,96.5269,96.3693,102,100
79334,장영석,KIW,1576,-1.5638,-1.3704,96.6549,96.3128,100,101
62025,이원재,NC,1027,4.5685,0.7875,95.9286,96.2545,105,102
79240,허경민,DOO,1830,1.1512,-2.9320,96.5443,96.1780,101,103
72133,박용택,LG,775,4.2821,0.4999,96.6696,96.1086,99,104
69209,페르난데스,DOO,2210,5.2452,2.2270,96.3684,96.0767,104,105
61700,강경학,HAN,481,-9.1065,-4.2242,94.9345,95.7727,108,106
66615,류승현,KIA,647,0.7142,-2.4002,95.3960,95.5637,106,107
79608,안치홍,KIA,1451,1.3968,-0.5407,94.7948,94.9588,109,108
69737,노시환,HAN,720,-1.2120,-2.2192,94.9857,94.6021,107,109
68050,강백호,KT,1925,0.8179,-0.5933,94.1482,94.1808,110,110
63722,한승택,KIA,1192,-2.0453,-0.6329,93.7764,93.9217,112,111
64004,김민혁,KT,1840,-1.0060,-2.6763,93.6920,93.7928,114,112
64646,박찬호,KIA,2056,3.3804,-1.8939,93.7356,93.7721,113,113
74215,윤석민,KT,629,0.9923,-3.9014,93.6401,93.6956,115,114
62234,류지혁,DOO,1097,2.0769,0.3434,93.1623,93.6374,120,115
78813,모창민,NC,1340,5.9715,0.0610,93.9348,93.6117,111,116
64984,김태진,NC,1383,3.2971,-1.0690,93.5561,93.3896,116,117
61566,허일,LOT,581,-1.6850,-1.5068,93.1971,93.3031,119,118
68525,한동희,LOT,767,-5.2952,-2.0754,93.2052,93.2704,118,119
71837,김강민,—,1808,1.5346,-3.1842,93.5437,93.2030,117,120
66864,안상현,—,395,6.1747,-1.0499,93.1129,92.9888,121,121
66606,최원준,KIA,964,2.0718,-1.2108,92.1871,92.7609,124,122
64022,안중열,LOT,516,-5.9381,-1.9278,92.3364,92.3305,123,123
60566,이상호,NC,776,6.4631,0.2374,92.4476,91.6840,122,124
65207,신민재,LG,401,-4.2795,-2.5460,91.5818,91.4386,125,125
70410,김주찬,KIA,1218,7.3670,-2.3362,91.5678,90.8360,126,126
67304,김혜성,KIW,1311,2.2114,-0.9414,90.4120,90.7355,128,127
68730,호잉,HAN,1713,4.5841,-1.0083,90.8088,90.5034,127,128
61404,김헌곤,SAM,1778,-4.2027,-6.3654,88.9853,89.5253,130,129
69150,조셉,LG,781,5.2207,-1.5673,89.8733,89.3156,129,130
64906,강민국,KT,377,0.7409,-3.5126,88.7573,88.0595,131,131
69100,구본혁,LG,332,-0.4792,-2.2292,88.1269,87.8628,134,132
79192,채은성,LG,1806,5.9584,-3.3085,88.5547,87.7507,132,133
77243,허도환,—,341,4.9921,-1.7435,88.2537,87.5350,133,134
76812,이재원,—,1787,5.9697,-1.2057,87.5857,87.2382,135,135
73213,손시헌,NC,539,4.9606,-4.8961,86.5282,86.1203,136,136
61102,유강남,LG,1744,1.5927,-3.9484,85.9955,86.0767,137,137
77564,김민성,LG,1479,-3.0289,-3.1185,85.7152,86.0287,139,138
65515,강로한,LOT,1113,3.1098,-0.8672,85.8585,85.7722,138,139
61353,고종욱,—,1842,8.2360,-1.3647,85.5152,85.2424,140,140
64346,임병욱,KIW,1536,2.4015,-0.7427,85.0000,84.8708,141,141
79456,이지영,KIW,1129,3.6745,-4.4411,82.8362,82.6228,142,142
61554,김민하,HAN,442,6.8810,-3.3673,82.5531,81.9196,143,143
67539,나균안,LOT,804,-0.1051,-5.6451,81.6924,80.7437,145,144
66838,김동엽,SAM,644,13.3575,-3.7889,81.9054,80.1520,144,145
76753,송광민,HAN,1482,14.8193,0.2114,81.1376,79.3460,146,146
67025,로하스,KT,2180,6.0905,-2.3798,78.5173,78.0096,147,147
69950,베탄코트,NC,849,11.3781,-0.7164,77.2263,77.1367,148,148
69165,페게로,LG,740,10.3379,-5.0985,73.7776,72.1055,149,149
