batter_id,n,jdv,se,jdvc,w,plus,plus_raw,qualified,pct,pct_raw,batter_name,team,za_raw,za_percentile,dv_plus,swing_aggression
52001,1683,1.2938,0.3428,1.3793,0.7910,117.5559,122.1949,True,99.6988,99.6988,안현민,KT,0.5614,58.7349,121.6497,-10.0539
66108,2260,1.0902,0.2271,1.1757,0.8356,115.8074,118.9180,True,99.0964,97.2892,홍창기,LG,1.2871,67.1687,123.5226,-12.8396
52605,2010,1.0999,0.2923,1.1854,0.8188,115.6185,119.0741,True,98.4940,97.8916,김도영,KIA,6.2097,99.0964,104.5715,0.9072
79215,1840,1.1013,0.2817,1.1868,0.8054,115.3797,119.0968,True,97.8916,98.4940,박건우,NC,6.8184,99.6988,116.6206,3.5788
66209,750,1.2824,0.3797,1.3679,0.6278,113.8178,122.0112,True,97.2892,99.0964,조수행,DOO,3.7222,93.0723,117.6580,-5.6297
69418,1387,1.0312,0.2567,1.1167,0.7572,113.6064,117.9690,True,96.6867,96.6867,박승규,SAM,2.6230,80.4217,130.5515,-0.6763
66409,92,4.4147,2.3292,4.5002,0.1714,112.4125,172.4131,False,96.3855,100.0000,이성규,SAM,4.2792,95.1807,143.5178,-1.9589
51907,2157,0.7616,0.2251,0.8470,0.8291,111.3000,113.6298,True,96.0843,94.2771,김주원,NC,3.8757,93.6747,112.6190,-0.7573
63963,1270,0.8533,0.2908,0.9388,0.7406,111.1883,115.1061,True,95.4819,95.4819,권희동,NC,-3.9067,8.1325,113.5042,-16.7906
62404,1963,0.6786,0.2145,0.7641,0.8153,110.0246,112.2956,True,94.8795,90.0602,구자욱,SAM,2.2875,76.8072,115.1643,0.1793
75847,1225,0.7484,0.2971,0.8339,0.7337,109.8448,113.4189,True,94.2771,93.6747,최정,SSG,3.3479,90.0602,112.4031,-0.1053
68110,1492,0.7062,0.4584,0.7917,0.7704,109.8144,112.7397,True,93.6747,92.4699,송찬의,LG,4.3441,96.0843,111.9018,1.5082
78548,1077,0.7690,0.5060,0.8544,0.7078,109.7308,113.7489,True,93.0723,94.8795,장성우,KT,-0.7103,41.8675,120.3986,-16.1812
68646,1505,0.6939,0.3032,0.7794,0.7719,109.6807,112.5413,True,92.4699,91.8675,한준수,KIA,-0.5738,42.4699,121.6805,-7.4190
79365,1502,0.6841,0.4114,0.7696,0.7716,109.5550,112.3841,True,91.8675,91.2651,박동원,LG,4.8739,97.8916,119.4637,3.2599
62907,2056,0.6263,0.2481,0.7118,0.8222,109.4169,111.4538,True,91.2651,89.4578,박민우,NC,1.9679,74.3976,108.9773,-2.4793
54730,2231,0.6152,0.2948,0.7007,0.8338,109.4008,111.2747,True,90.6627,88.2530,페라자,HAN,3.6374,92.4699,121.5781,1.4349
62234,2033,0.5636,0.2407,0.6491,0.8205,108.5704,110.4452,True,90.0602,87.0482,류지혁,SAM,1.7936,71.9880,122.6969,-1.3483
67609,483,0.9173,0.4766,1.0028,0.5206,108.4008,116.1358,True,89.4578,96.0843,박정우,KIA,2.1314,75.6024,112.2055,-2.2417
52591,1141,0.6251,0.4514,0.7106,0.7195,108.2273,111.4340,True,88.8554,88.8554,윤동희,LOT,2.8506,83.4337,101.8898,-5.0083
76232,1950,0.5421,0.2673,0.6276,0.8143,108.2229,110.0982,True,88.2530,86.4458,양의지,DOO,2.9354,84.6386,115.0973,-0.6794
52504,155,1.8731,0.8900,1.9586,0.2585,108.1453,131.5152,False,87.9518,100.0000,김동혁,LOT,9.0170,100.0000,142.0142,-4.9186
76290,2238,0.5005,0.2077,0.5859,0.8342,107.8655,109.4285,True,87.6506,85.2410,김현수,KT,1.3099,67.7711,109.7560,-1.0124
66706,256,1.1246,0.7404,1.2101,0.3653,107.1137,119.4715,False,87.3494,98.7952,장진혁,KT,4.9571,98.1928,102.4219,-0.8514
78168,1734,0.4399,0.2398,0.5254,0.7959,106.7285,108.4542,True,87.0482,83.4337,서건창,KIW,-2.0628,26.8072,106.9164,-6.6032
51551,1580,0.4372,0.2362,0.5227,0.7804,106.5639,108.4115,True,86.4458,82.8313,나승엽,LOT,-0.2499,49.0964,98.4346,-7.3871
56632,486,0.6836,0.5021,0.7691,0.5222,106.4620,112.3751,True,85.8434,90.6627,데일,KIA,4.7570,97.2892,113.8863,7.2391
62931,873,0.5066,0.3953,0.5921,0.6625,106.3121,109.5276,True,85.2410,85.8434,노진혁,LOT,2.3262,78.6145,118.7786,1.0841
53764,2061,0.3902,0.2433,0.4757,0.8225,106.2958,107.6543,True,84.6386,80.4217,문현빈,HAN,3.1017,87.0482,111.9461,2.6129
67893,2475,0.3759,0.2475,0.4614,0.8477,106.2930,107.4238,True,84.0361,79.8193,박성한,SSG,-2.7360,17.1687,111.3182,-8.2441
52415,1105,0.4569,0.3379,0.5424,0.7130,106.2228,108.7272,True,83.4337,84.0361,이재현,SAM,0.3775,55.7229,116.1866,-7.8897
77564,147,1.4280,0.8330,1.5134,0.2484,106.0500,124.3528,False,83.1325,100.0000,김민성,LOT,6.2977,99.3976,125.2993,-1.0556
68912,1553,0.3932,0.3216,0.4787,0.7774,105.9878,107.7024,True,82.8313,81.0241,김형준,NC,3.1614,87.6506,109.1192,-0.0695
69737,2146,0.3612,0.2613,0.4467,0.8283,105.9536,107.1874,True,82.2289,77.4096,노시환,HAN,3.6303,91.8675,114.7305,0.4354
50902,584,0.5648,0.4764,0.6503,0.5677,105.9406,110.4644,True,81.6265,87.6506,김한별,NC,-2.1125,26.2048,115.3711,-4.1315
55502,181,1.1749,0.8180,1.2604,0.2893,105.8667,120.2810,False,81.3253,98.7952,김동현,LOT,4.1744,95.1807,103.0669,-0.4485
69102,1603,0.3731,0.3082,0.4586,0.7828,105.7770,107.3797,True,81.0241,79.2169,문보경,LG,1.9554,73.1928,111.0025,-3.3598
79402,1897,0.3537,0.2727,0.4392,0.8101,105.7248,107.0668,True,80.4217,76.8072,김상수,KT,-3.8445,8.7349,111.4272,-10.1827
67644,342,0.7091,0.4731,0.7946,0.4347,105.5584,112.7863,True,79.8193,93.0723,이정훈,KT,0.4748,56.9277,120.9306,-9.3592
79109,1735,0.3328,0.2154,0.4183,0.7960,105.3570,106.7301,True,79.2169,75.0000,오지환,LG,2.7842,81.6265,104.7458,1.0762
56305,1172,0.3683,0.4031,0.4538,0.7249,105.2939,107.3026,True,78.6145,78.6145,히우라,KIW,3.2033,88.8554,111.1153,4.7777
50208,634,0.4682,0.2994,0.5537,0.5877,105.2362,108.9091,True,78.0120,84.6386,오명진,DOO,4.3258,95.4819,124.6160,0.9835
53123,2277,0.2965,0.3114,0.3820,0.8366,105.1427,106.1472,True,77.4096,73.1928,오스틴,LG,-0.5089,44.2771,108.0347,-1.7453
52765,258,0.7774,0.7340,0.8629,0.3671,105.0977,113.8847,False,77.1084,95.1807,유민,HAN,2.6445,80.7229,104.8271,1.9391
51762,177,0.9710,1.1694,1.0565,0.2847,104.8398,116.9999,False,77.1084,96.3855,장규현,HAN,7.2465,100.0000,126.1185,-5.0371
51344,1229,0.3156,0.3308,0.4011,0.7343,104.7390,106.4538,True,76.8072,73.7952,김휘집,NC,2.2013,76.2048,104.8386,-1.2717
65207,1717,0.2727,0.2376,0.3582,0.7943,104.5786,105.7645,True,76.2048,71.3855,신민재,LG,0.8960,61.7470,110.1621,-4.5394
68700,837,0.3411,0.3258,0.4266,0.6530,104.4829,106.8647,True,75.6024,76.2048,이원석,HAN,3.3870,90.6627,121.5753,-0.0068
52804,14,8.7496,1.8198,8.8351,0.0305,104.3389,242.1653,False,75.3012,100.0000,석정우,SSG,-1.2413,37.3494,244.5159,-18.6115
69100,1335,0.2709,0.2364,0.3564,0.7501,104.3023,105.7355,True,75.0000,70.7831,구본혁,LG,0.7047,61.1446,98.5819,1.7519
51417,207,0.7497,0.8774,0.8352,0.3176,104.2688,113.4398,False,74.6988,93.9759,김현준,SAM,-3.8111,9.0361,139.0956,-8.7204
56251,1116,0.2794,0.3337,0.3649,0.7151,104.1986,105.8717,True,74.3976,72.5904,카메론,DOO,2.9524,85.8434,94.5065,1.5967
62895,723,0.3359,0.4803,0.4214,0.6192,104.1985,106.7809,True,73.7952,75.6024,한유섬,SSG,0.5519,57.5301,103.1360,0.1938
50709,442,0.4359,0.6562,0.5214,0.4985,104.1819,108.3895,True,73.1928,81.6265,박정현,HAN,2.3141,78.0120,87.5487,3.7230
72443,2136,0.2147,0.3736,0.3002,0.8277,103.9987,104.8312,True,72.5904,69.5783,최형우,SAM,2.9675,86.4458,121.1789,2.6415
64004,1593,0.2193,0.3353,0.3048,0.7818,103.8340,104.9043,True,71.9880,70.1807,김민혁,KT,-1.4184,34.6386,113.4814,-2.0786
62934,586,0.3304,0.5418,0.4159,0.5685,103.8047,106.6921,True,71.3855,74.3976,김성욱,SSG,-0.2534,48.4940,113.5387,-4.9034
69636,368,0.4359,0.6680,0.5214,0.4528,103.7992,108.3904,True,70.7831,82.2289,오선우,KIA,1.4002,70.1807,116.5778,2.7788
78603,2091,0.1987,0.2629,0.2842,0.8246,103.7705,104.5725,True,70.1807,67.7711,김선빈,KIA,-1.3873,35.8434,109.3067,-7.6798
64504,793,0.2732,0.3231,0.3587,0.6407,103.6980,105.7719,True,69.5783,71.9880,오윤석,KT,0.9767,63.5542,110.0556,-0.2016
50458,1906,0.1972,0.2127,0.2827,0.8108,103.6882,104.5488,True,68.9759,67.1687,김지찬,SAM,-2.3809,24.3976,110.0858,-3.0424
64646,2232,0.1875,0.1938,0.2730,0.8339,103.6631,104.3929,True,68.3735,65.9639,박찬호,DOO,-1.0572,38.2530,100.0093,-2.8296
50204,1180,0.2058,0.3417,0.2913,0.7263,103.4046,104.6877,True,67.7711,68.3735,박지훈,DOO,0.1953,52.1084,112.5181,-3.5582
52348,1261,0.1953,0.3860,0.2808,0.7393,103.3407,104.5189,True,67.1687,66.5663,박찬혁,KIW,1.1617,65.3614,102.0665,-0.1979
78135,802,0.2143,0.4975,0.2998,0.6433,103.1036,104.8246,True,66.5663,68.9759,이형종,KIW,1.9574,73.7952,106.9685,-0.5739
52305,208,0.5181,0.4392,0.6036,0.3187,103.0950,109.7124,False,66.2651,86.1446,박수종,KIW,-1.0285,38.5542,110.2130,-3.0890
55897,315,0.3652,0.6892,0.4507,0.4146,103.0072,107.2527,True,65.9639,78.0120,홍대인,SSG,2.7958,82.2289,126.4806,2.6972
62415,2139,0.1386,0.2590,0.2241,0.8279,102.9855,103.6063,True,65.3614,63.5542,박해민,LG,-2.7283,17.7711,114.7642,-3.8371
51865,1252,0.1509,0.2843,0.2364,0.7379,102.8071,103.8042,True,64.7590,65.3614,조형우,SSG,2.5009,79.2169,92.7920,5.8068
74540,1287,0.1339,0.3839,0.2194,0.7432,102.6236,103.5302,True,64.1566,62.9518,강민호,SAM,-0.4014,45.4819,107.3356,-4.8178
65586,1554,0.1178,0.3792,0.2033,0.7775,102.5428,103.2705,True,63.5542,61.1446,전병우,SAM,2.9370,85.2410,102.5974,-3.9949
78224,2082,0.1011,0.3035,0.1866,0.8240,102.4735,103.0018,True,62.9518,60.5422,김재환,SSG,1.5130,70.7831,114.4100,-1.1860
52628,160,0.4761,1.4317,0.5616,0.2646,102.3910,109.0369,False,62.6506,84.9398,한승연,KIA,0.4369,56.0241,126.6952,-5.9493
79231,2000,0.0933,0.1858,0.1788,0.8181,102.3536,102.8769,True,62.3494,59.9398,정수빈,DOO,0.2169,53.9157,104.9293,0.0167
50357,779,0.1401,0.4844,0.2256,0.6366,102.3107,103.6299,True,61.7470,64.1566,박주홍,KIW,-1.5553,32.8313,102.6490,-6.3555
56338,187,0.3898,0.7893,0.4752,0.2960,102.2637,107.6472,False,61.4458,80.1205,최재영,KIW,1.7787,71.6867,136.5732,-0.2618
51996,141,0.4441,1.3926,0.5296,0.2407,102.0515,108.5219,False,61.4458,83.7349,오태양,NC,0.5203,57.2289,123.7908,0.3895
68868,222,0.2956,0.6958,0.3811,0.3330,102.0421,106.1328,False,61.4458,72.8916,최준우,SSG,-1.7602,31.3253,126.4373,-1.6286
56813,297,0.2192,0.7930,0.3047,0.4004,101.9630,104.9022,False,61.4458,69.8795,마드리스,SSG,4.1356,94.5783,98.8463,7.4897
78288,489,0.1458,0.3513,0.2313,0.5237,101.9495,103.7225,True,61.1446,64.7590,최재훈,HAN,-3.7103,9.3373,101.5587,-6.3071
78756,289,0.2082,0.4273,0.2937,0.3939,101.8614,104.7257,False,60.8434,68.6747,오선진,KIW,-3.8990,8.4337,111.5869,-4.2930
64560,22,2.2713,2.5040,2.3568,0.0471,101.7876,137.9225,False,60.8434,100.0000,이창진,KIA,-9.2439,0.0000,199.3500,-22.9639
53400,51,0.9920,0.6808,1.0775,0.1029,101.7837,117.3374,False,60.8434,96.3855,김재상,SAM,1.0621,63.8554,111.7014,13.1625
50903,130,0.3860,0.5874,0.4715,0.2262,101.7161,107.5867,False,60.8434,80.1205,한재환,NC,-0.8807,39.1566,125.3362,3.9112
53404,397,0.1230,0.6167,0.2085,0.4717,101.5824,103.3550,True,60.5422,61.7470,류승민,SAM · DOO,-1.0881,37.6506,104.6177,3.3692
66965,361,0.1328,0.5819,0.2183,0.4480,101.5739,103.5128,True,59.9398,62.3494,도태훈,NC,1.1100,64.1566,87.2448,-5.7769
54307,136,0.3275,0.6335,0.4130,0.2342,101.5564,106.6460,False,59.6386,74.0964,원성준,KIW,-2.2524,25.9036,119.9016,2.9664
52634,580,0.0819,0.5078,0.1674,0.5660,101.5250,102.6942,True,59.3373,59.3373,박상준,KIA,3.1791,88.2530,123.9230,2.9013
53554,1906,0.0144,0.3146,0.0999,0.8108,101.3035,101.6076,True,58.7349,56.9277,김민석,DOO,-0.5129,43.6747,102.2241,-3.1527
69416,83,0.4288,1.4213,0.5143,0.1573,101.3016,108.2755,False,58.4337,81.3253,이해승,SAM,2.6330,80.7229,139.7789,2.9294
55392,392,0.0590,0.4761,0.1445,0.4685,101.0891,102.3247,True,58.1325,58.7349,어준서,KIW,-1.4991,34.0361,127.6134,-5.5539
54795,624,0.0198,0.3377,0.1053,0.5839,100.9893,101.6943,True,57.5301,57.5301,황영묵,HAN,1.2664,66.5663,123.6763,2.8422
68119,908,0.0024,0.2896,0.0879,0.6712,100.9490,101.4138,True,56.9277,56.3253,문성주,LG,0.6486,60.5422,104.9491,1.3834
68106,460,0.0209,0.4196,0.1064,0.5084,100.8706,101.7123,True,56.3253,58.1325,이재원,LG,4.5494,96.6867,114.2651,2.7192
53865,74,0.2912,0.9578,0.3767,0.1427,100.8647,106.0612,False,56.0241,72.8916,김정민,SSG,0.3490,54.8193,69.4230,2.3850
50600,97,0.2108,1.0206,0.2963,0.1791,100.8537,104.7676,False,56.0241,68.6747,홍종표,NC,-0.7187,41.5663,123.0071,-6.1974
54812,2097,-0.0213,0.2164,0.0642,0.8250,100.8519,101.0326,True,55.7229,54.5181,정준재,SSG,-1.0192,38.8554,103.9858,-2.8910
69992,943,-0.0126,0.3222,0.0729,0.6795,100.7971,101.1730,True,55.1205,55.1205,최정원,NC,-2.8898,16.5663,98.5875,-3.6776
52514,178,0.0852,0.6574,0.1707,0.2858,100.7851,102.7468,False,54.8193,59.6386,김세민,LOT,0.0225,51.8072,112.7945,5.7048
67005,24,0.8528,0.4406,0.9383,0.0512,100.7731,115.0981,False,54.8193,95.1807,홍현빈,SAM,5.7556,98.7952,127.6137,10.7368
63722,1404,-0.0261,0.3256,0.0594,0.7594,100.7254,100.9551,True,54.5181,53.9157,한승택,KT,-1.2925,37.0482,107.6648,-3.1489
68089,224,0.0393,0.6596,0.1248,0.3350,100.6725,102.0078,False,54.2169,58.4337,조대현,KT,1.3838,69.2771,113.6931,5.1633
69442,460,-0.0083,0.4472,0.0772,0.5084,100.6313,101.2416,True,53.9157,55.7229,김도환,SAM,2.8051,82.8313,92.9628,-0.3580
63123,981,-0.0304,0.3204,0.0551,0.6881,100.6101,100.8866,True,53.3133,53.3133,강승호,DOO,0.2033,53.3133,94.0095,2.4099
56807,45,0.2706,0.5578,0.3561,0.0919,100.5266,105.7303,False,53.0120,70.4819,오시후,SSG,1.1346,65.0602,114.3638,0.6487
69825,26,0.4032,0.8798,0.4887,0.0552,100.4344,107.8641,False,53.0120,81.3253,김창평,SSG,3.0437,86.7470,163.8224,2.2577
62947,2051,-0.0536,0.2710,0.0319,0.8218,100.4212,100.5126,True,52.7108,52.1084,나성범,KIA,4.0771,94.2771,103.1040,8.7856
56952,8,1.3342,0.9179,1.4197,0.0177,100.4037,122.8439,False,52.4096,100.0000,김건,NC,15.6412,100.0000,74.0458,10.3145
54214,7,1.5233,0.5317,1.6088,0.0155,100.4012,125.8867,False,52.4096,100.0000,전다민,DOO,6.9000,100.0000,305.2033,6.4792
54219,7,1.4404,1.4203,1.5259,0.0155,100.3805,124.5530,False,52.4096,100.0000,류현준,DOO,18.2099,100.0000,40.0366,40.0504
56322,619,-0.0521,0.6264,0.0334,0.5819,100.3129,100.5377,True,52.1084,52.7108,브룩스,KIW,1.3174,68.3735,100.9410,4.2278
76313,4,1.8614,0.0000,1.9468,0.0089,100.2793,131.3267,False,51.8072,100.0000,황재균,KT,25.9550,100.0000,102.3447,12.8353
55417,7,0.9908,1.5761,1.0763,0.0155,100.2684,117.3184,False,51.8072,96.3855,이진용,SAM,29.7359,100.0000,83.5500,0.8914
55894,35,0.1122,0.8061,0.1977,0.0730,100.2321,103.1811,False,51.8072,60.8434,최윤석,SSG,8.1329,100.0000,34.3315,1.6258
51003,1014,-0.0666,0.3613,0.0189,0.6951,100.2115,100.3043,True,51.5060,51.5060,권동진,KT,0.4659,56.3253,101.9787,-0.9420
65610,33,0.0734,1.6712,0.1589,0.0691,100.1766,102.5567,False,51.2048,59.0361,황대인,KIA,-1.9297,28.9157,105.8393,5.4307
69105,29,0.0425,2.7714,0.1280,0.0612,100.1261,102.0592,False,51.2048,58.4337,김성진,LG,4.3515,96.3855,260.3133,8.5459
63257,235,-0.0654,0.9844,0.0201,0.3457,100.1116,100.3227,False,51.2048,51.8072,김인태,DOO,-0.9347,39.1566,158.1300,-6.0157
55798,10,0.1662,0.6105,0.2517,0.0220,100.0891,104.0502,False,51.2048,65.6627,배승수,HAN,9.5855,100.0000,82.5222,11.2003
56034,2362,-0.0799,0.2671,0.0056,0.8416,100.0753,100.0895,True,50.9036,50.9036,힐리어드,KT,3.2521,89.4578,113.4426,2.9729
68504,258,-0.0728,0.6443,0.0127,0.3671,100.0748,100.2038,False,50.6024,51.2048,이호연,KIA,2.6974,81.3253,96.6610,4.5705
51013,242,-0.0854,0.5630,0.0001,0.3524,100.0003,100.0010,False,50.6024,50.6024,유준규,KT,-1.8721,30.1205,114.4877,-1.8874
50092,64,-0.1091,1.0139,-0.0236,0.1258,99.9521,99.6196,False,50.6024,48.7952,윤준혁,NC,2.7832,81.3253,74.1062,10.4316
56754,614,-0.0929,0.3593,-0.0074,0.5799,99.9306,99.8803,True,50.3012,50.3012,오재원,HAN,1.1906,65.9639,98.8468,0.3392
62332,128,-0.1133,0.9630,-0.0279,0.2235,99.8998,99.5518,False,50.0000,48.7952,김재현,KIW,-1.6919,31.3253,173.0472,-5.2780
54097,8,-0.4846,3.6292,-0.3991,0.0177,99.8865,93.5779,False,50.0000,28.9157,김민석,KT,4.0187,93.9759,73.6590,-1.2269
51303,4,-0.9223,0.0000,-0.8368,0.0089,99.8800,86.5350,False,50.0000,14.4578,김시앙,KIW,-2.4311,22.2892,38.4282,31.6805
55121,4,-1.1606,0.0000,-1.0751,0.0089,99.8458,82.7001,False,50.0000,9.0361,박시원,LG,-2.1277,25.9036,154.2740,-6.1700
64793,11,-0.5044,0.0000,-0.4189,0.0241,99.8373,93.2592,False,50.0000,28.9157,김민수,LG,-5.3910,4.8193,16.9214,-3.4246
65132,4,-1.2301,0.0000,-1.1446,0.0089,99.8358,81.5820,False,50.0000,6.0241,김재성,SAM,-15.6011,0.0000,65.1762,13.8780
53305,92,-0.1471,0.9110,-0.0616,0.1714,99.8300,99.0083,False,50.0000,46.9880,박성빈,KIW,3.3255,89.7590,76.9480,6.5784
66614,780,-0.1037,0.4285,-0.0182,0.6369,99.8139,99.7078,True,49.6988,49.0964,김규성,KIA,-3.0387,14.7590,106.7748,-5.4167
66606,2419,-0.1000,0.2395,-0.0145,0.8447,99.8033,99.7672,True,49.0964,49.6988,최원준,KT,1.1193,64.7590,103.7475,0.2924
66354,90,-0.1595,0.9358,-0.0740,0.1683,99.7996,98.8093,False,48.7952,45.1807,주효상,KIA,-4.6932,6.0241,70.6446,-8.7841
50901,11,-0.6560,1.5981,-0.5705,0.0241,99.7784,90.8196,False,48.7952,25.9036,안인산,KT,1.5578,71.0843,118.0104,21.6728
53705,5,-1.4632,0.9903,-1.3777,0.0111,99.7535,77.8308,False,48.7952,4.2169,최원준,HAN,-20.2562,0.0000,7.8620,27.7884
66657,439,-0.1166,0.5180,-0.0311,0.4968,99.7515,99.4997,True,48.4940,47.8916,이진영,HAN,-2.5563,20.7831,110.5879,-4.5348
64022,615,-0.1188,0.7017,-0.0333,0.5803,99.6889,99.4640,True,47.8916,47.2892,안중열,NC,2.5298,79.8193,108.1091,-1.7388
56793,11,-0.8951,1.6015,-0.8096,0.0241,99.6855,86.9726,False,47.5904,16.2651,최유빈,HAN,-1.6449,31.9277,55.2147,6.3213
55397,92,-0.2206,0.4478,-0.1351,0.1714,99.6274,97.8266,False,47.5904,40.9639,전태현,KIW,-1.3466,36.1446,61.0194,-0.6306
52764,1658,-0.1158,0.2766,-0.0303,0.7885,99.6150,99.5118,True,47.2892,48.4940,허인서,HAN,1.3952,69.5783,94.1545,4.5573
66162,6,-1.9976,0.0000,-1.9121,0.0133,99.5904,69.2327,False,46.9880,2.4096,김주성,LG,-18.8099,0.0000,45.9106,8.2166
53103,31,-0.4999,1.1323,-0.4144,0.0652,99.5655,93.3324,False,46.9880,28.9157,강민균,LG,0.4000,56.0241,154.8186,1.5453
56595,3,-4.2445,0.0000,-4.1590,0.0067,99.5516,33.0776,False,46.9880,0.0000,김한홀,LOT,-2.7928,16.8675,-19.1235,-2.7863
54156,50,-0.3682,1.0894,-0.2827,0.1011,99.5402,95.4504,False,46.9880,33.1325,손용준,LG,-1.3005,36.7470,113.5884,-0.9586
53989,3,-5.4437,0.0000,-5.3582,0.0067,99.4223,13.7812,False,46.9880,0.0000,신성호,NC,-32.2480,0.0000,25.6171,32.2616
69766,5,-3.6060,2.0294,-3.5205,0.0111,99.3702,43.3510,False,46.9880,0.0000,유로결,HAN,-19.5021,0.0000,-28.9669,24.5487
64115,541,-0.1570,0.6371,-0.0715,0.5488,99.3688,98.8499,True,46.6867,45.4819,장준원,KT,-0.3219,46.6867,96.1889,-5.4607
54394,132,-0.2802,0.6181,-0.1948,0.2289,99.2827,96.8662,False,46.3855,37.9518,송지후,KIW,-1.2919,37.3494,112.5606,-9.2370
62802,559,-0.1691,0.4671,-0.0836,0.5569,99.2506,98.6545,True,46.0843,43.6747,박승욱,LOT,1.7347,71.3855,90.0456,1.9285
51528,1334,-0.1479,0.2976,-0.0624,0.7500,99.2473,98.9964,True,45.4819,46.6867,손성빈,LOT,3.5819,91.2651,108.4989,2.6853
55393,732,-0.1616,0.5386,-0.0761,0.6221,99.2382,98.7753,True,44.8795,44.8795,여동욱,KIW,-0.8450,40.6627,101.7885,-7.1493
68362,1191,-0.1506,0.3382,-0.0651,0.7281,99.2374,98.9526,True,44.2771,46.0843,추재현,KIW,0.2024,52.7108,103.4879,-0.1788
55005,2,-10.8884,0.0000,-10.8029,0.0045,99.2218,-73.8286,False,43.9759,0.0000,오서진,KT,-42.9187,0.0000,-112.3017,26.7586
50108,11,-2.1058,0.0000,-2.0203,0.0241,99.2153,67.4907,False,43.9759,1.8072,함창건,LG,-6.4127,3.6145,21.9487,-10.0987
52103,85,-0.3994,1.0668,-0.3139,0.1605,99.1894,94.9484,False,43.9759,31.9277,최원영,LG,-0.8862,39.1566,131.9041,5.1350
77532,693,-0.1687,0.4562,-0.0832,0.6091,99.1849,98.6618,True,43.6747,44.2771,손아섭,HAN · DOO,-2.7185,18.9759,103.9222,-2.2822
56236,572,-0.1772,0.6517,-0.0917,0.5626,99.1698,98.5244,True,43.0723,43.0723,세베리노,DOO,2.2917,77.4096,117.8859,6.0665
50657,737,-0.1797,0.3949,-0.0942,0.6237,99.0547,98.4844,True,42.4699,42.4699,박민,KIA,-1.9791,28.6145,96.9359,-0.7025
76802,8,-3.6311,0.0000,-3.5456,0.0177,98.9918,42.9485,False,42.1687,0.0000,김성현,SSG,-9.1417,0.0000,48.2261,-7.5269
63202,134,-0.3707,0.8569,-0.2852,0.2315,98.9375,95.4113,False,42.1687,33.1325,장승현,SAM,-1.4817,34.3373,89.3289,0.3806
50868,99,-0.4508,0.6282,-0.3653,0.1821,98.9299,94.1227,False,42.1687,28.9157,류효승,SSG,2.1309,75.3012,56.6134,1.3166
50167,379,-0.2323,0.5067,-0.1468,0.4601,98.9134,97.6383,True,41.8675,40.0602,이주형,KIW,2.9177,84.0361,89.2006,4.9829
56909,569,-0.2060,0.5451,-0.1205,0.5613,98.9120,98.0616,True,41.2651,41.8675,신재인,NC,-1.4142,35.2410,95.8224,-8.3435
69064,8,-3.9684,5.1325,-3.8829,0.0177,98.8959,37.5201,False,40.9639,0.0000,강민성,KT,-8.1069,0.6024,58.5087,29.8241
62864,100,-0.5261,0.5021,-0.4406,0.1836,98.6984,92.9100,False,40.9639,28.9157,김민식,SSG,1.0164,63.8554,67.1481,-1.9458
69508,75,-0.6580,0.9205,-0.5725,0.1443,98.6706,90.7882,False,40.9639,25.9036,신윤후,LOT,-3.8944,8.4337,81.9974,7.6759
56932,11,-3.5343,4.7937,-3.4488,0.0241,98.6605,44.5061,False,40.9639,0.0000,이희성,NC,-9.8195,0.0000,37.9733,30.4359
52568,858,-0.2133,0.4982,-0.1278,0.6586,98.6457,97.9437,True,40.6627,41.2651,한태양,LOT,-3.4467,11.1446,105.0068,-7.8578
51764,17,-2.4808,2.0573,-2.3953,0.0368,98.5809,61.4576,False,40.3614,0.0000,정민규,HAN,-1.8292,30.1205,14.4674,5.5626
61353,155,-0.4578,0.7631,-0.3723,0.2585,98.4515,94.0088,False,40.3614,28.9157,고종욱,KIA,1.0618,63.8554,115.7756,0.9403
62884,51,-1.0421,0.6360,-0.9566,0.1029,98.4163,84.6066,False,40.3614,10.8434,최항,LOT,-1.9620,28.9157,84.7381,10.3015
51991,215,-0.3889,0.9054,-0.3034,0.3259,98.4089,95.1178,False,40.3614,31.9277,오장한,NC,0.6556,60.8434,100.3930,10.4688
53057,45,-1.1968,0.7599,-1.1113,0.0919,98.3568,82.1173,False,40.3614,7.8313,손민석,KT,-1.2324,37.3494,77.4502,-4.0150
50820,1290,-0.2236,0.3778,-0.1381,0.7436,98.3477,97.7781,True,40.0602,40.6627,전의산,SSG,1.3413,68.9759,94.9024,-2.5217
50996,507,-0.2863,0.5028,-0.2008,0.5327,98.2791,96.7696,True,39.4578,37.6506,박시원,NC,0.9765,62.9518,96.5823,2.5063
68743,119,-0.5975,1.3322,-0.5120,0.2111,98.2608,91.7610,False,39.1566,28.3133,정은원,HAN,-3.6489,9.6386,63.9903,-4.2874
56563,10,-5.0023,3.7253,-4.9168,0.0220,98.2601,20.8837,False,39.1566,0.0000,이서준,LOT,-9.7480,0.0000,-45.6052,15.2892
65040,84,-0.7683,0.5533,-0.6828,0.1589,98.2545,89.0135,False,39.1566,21.0843,김태훈,SAM,5.0182,98.1928,100.7210,18.3278
51407,47,-1.2564,0.7222,-1.1709,0.0956,98.1991,81.1585,False,39.1566,6.0241,이창용,SAM,-0.0111,51.8072,25.8379,20.5592
67449,1650,-0.2338,0.2898,-0.1483,0.7877,98.1208,97.6143,True,38.8554,39.4578,김성윤,SAM,0.3420,54.5181,95.8564,3.6522
55534,31,-1.8954,2.1670,-1.8099,0.0652,98.1022,70.8768,False,38.5542,3.0120,조민영,LOT,-4.4608,6.0241,70.9690,4.3910
52424,31,-1.9167,1.5778,-1.8312,0.0652,98.0798,70.5339,False,38.5542,2.4096,김재혁,SAM,-6.7684,3.6145,105.4113,7.6172
52121,1218,-0.2601,0.4113,-0.1746,0.7325,97.9415,97.1899,True,38.2530,38.8554,문정빈,LG,-0.2462,49.6988,107.5702,-2.9991
56846,33,-1.9538,1.3616,-1.8683,0.0691,97.9233,69.9378,False,37.9518,2.4096,김요셉,SSG,-9.4636,0.0000,5.2908,15.1073
79240,1396,-0.2630,0.2692,-0.1775,0.7584,97.8342,97.1443,True,37.6506,38.2530,허경민,KT,-3.5735,9.9398,92.4814,-4.8830
54598,188,-0.5387,1.1543,-0.4532,0.2971,97.8333,92.7079,False,37.3494,28.3133,이호준,LOT,3.3513,90.3614,119.3286,-4.0561
55563,57,-1.2916,1.8023,-1.2061,0.1136,97.7952,80.5928,False,37.3494,5.4217,박재엽,LOT,-5.7439,3.6145,95.8477,3.4332
56005,21,-3.1594,1.8182,-3.0739,0.0451,97.7697,50.5381,False,37.3494,0.0000,이재원,KT,-12.1836,0.0000,35.6465,15.9453
67807,85,-0.9881,0.2902,-0.9026,0.1605,97.6696,85.4768,False,37.3494,13.2530,이정범,SSG · KT,-4.2258,6.6265,75.3601,8.9746
52769,70,-1.1644,1.4512,-1.0789,0.1360,97.6389,82.6387,False,37.3494,9.0361,권광민,HAN,1.0018,63.8554,66.0960,4.7063
60558,1003,-0.3036,0.4444,-0.2181,0.6928,97.5689,96.4909,True,37.0482,35.8434,오태곤,SSG,0.6049,59.9398,91.5688,3.4173
56904,24,-3.0567,2.1486,-2.9712,0.0512,97.5520,52.1912,False,36.7470,0.0000,허윤,NC,-2.9232,15.6627,85.1484,-3.5679
64101,480,-0.3845,0.4966,-0.2990,0.5191,97.5023,95.1882,True,36.4458,32.2289,한석현,NC,4.1468,94.8795,93.6655,8.1064
68463,14,-5.2887,0.0000,-5.2032,0.0305,97.4447,16.2758,False,36.1446,0.0000,윤정빈,SAM,-5.1574,5.4217,-1.4279,4.6960
51903,30,-2.6005,1.8696,-2.5150,0.0632,97.4425,59.5305,False,36.1446,0.0000,김정호,NC,0.7465,61.4458,79.8236,10.5453
55435,6,-12.0369,0.0000,-11.9515,0.0133,97.4399,-92.3104,False,36.1446,0.0000,차승준,SAM,-12.2864,0.0000,-66.2058,-10.6917
66864,881,-0.3267,0.4381,-0.2412,0.6645,97.4210,96.1191,True,35.8434,34.6386,안상현,SSG,-0.0271,51.5060,104.3838,0.4010
55440,65,-1.3686,0.7780,-1.2831,0.1275,97.3671,79.3537,False,35.5422,4.8193,함수호,SAM,0.2458,54.2169,84.0979,16.6977
56950,903,-0.3305,0.4565,-0.2450,0.6700,97.3582,96.0571,True,35.2410,34.0361,블레인,NC,-0.3135,47.2892,90.4382,0.6996
50500,1779,-0.2933,0.2216,-0.2078,0.8000,97.3249,96.6561,True,34.6386,37.0482,황성빈,LOT,-0.5180,43.0723,89.4486,4.4370
55438,178,-0.6934,0.6925,-0.6079,0.2858,97.2038,90.2176,False,34.3373,25.3012,심재훈,SAM,4.0588,93.9759,49.4567,5.6619
50854,2137,-0.3014,0.2230,-0.2159,0.8277,97.1247,96.5264,True,34.0361,36.4458,최지훈,SSG,-2.7250,18.3735,92.9713,-0.4085
68525,1539,-0.3253,0.3365,-0.2398,0.7758,97.0061,96.1410,True,33.4337,35.2410,한동희,LOT,0.5528,58.1325,82.7978,1.5445
53568,31,-2.9903,1.5730,-2.9048,0.0652,96.9542,53.2593,False,33.1325,0.0000,정대선,LOT,-9.7811,0.0000,29.4987,8.2173
53893,35,-2.7240,1.5222,-2.6385,0.0730,96.9024,57.5441,False,33.1325,0.0000,김민준,SSG,-11.8397,0.0000,48.2076,18.2708
54303,88,-1.2832,0.6531,-1.1977,0.1652,96.8164,80.7278,False,33.1325,5.4217,박채울,KIW,-3.0336,15.0602,34.8500,10.2268
56326,219,-0.6918,0.9581,-0.6063,0.3300,96.7810,90.2444,False,33.1325,25.3012,김지석,KIW,-3.9964,7.2289,71.7213,-4.3836
55425,275,-0.6210,0.5448,-0.5355,0.3821,96.7077,91.3835,False,33.1325,27.1084,김상준,SAM,-0.7357,41.5663,87.7762,2.6520
55509,147,-0.9411,0.8034,-0.8556,0.2484,96.5796,86.2321,False,33.1325,13.2530,박건우,LOT,-3.5548,10.2410,97.1646,13.5702
54236,94,-1.3371,1.2831,-1.2516,0.1745,96.4859,79.8607,False,33.1325,4.8193,임종성,DOO,1.5480,71.0843,104.0529,4.0291
53344,349,-0.6004,0.8369,-0.5149,0.4397,96.3569,91.7146,True,32.8313,28.0120,김동헌,KIW,-6.8330,3.3133,64.1174,-0.1964
54944,1927,-0.3646,0.2481,-0.2791,0.8125,96.3507,95.5085,True,32.2289,33.4337,데이비슨,NC · KIW,0.3676,55.1205,99.7955,7.7917
69238,466,-0.5360,0.6089,-0.4505,0.5117,96.2909,92.7511,True,31.6265,28.6145,김대한,DOO,2.6856,81.0241,95.9438,3.5622
79608,1701,-0.3844,0.2851,-0.2989,0.7927,96.1870,95.1902,True,31.0241,32.8313,안치홍,KIW,-3.2480,12.9518,96.4373,-0.0422
64007,13,-9.0093,4.7654,-8.9238,0.0284,95.9217,-43.5920,False,30.7229,0.0000,문상철,KT,-12.7681,0.0000,-24.1756,-1.5472
69332,73,-1.8843,1.2252,-1.7988,0.1410,95.9188,71.0560,False,30.7229,3.0120,주성원,KIW,-3.5178,10.2410,89.7481,2.5408
55530,126,-1.2455,0.8766,-1.1600,0.2208,95.8792,81.3348,False,30.7229,6.0241,박찬형,LOT,-5.4601,4.8193,73.0282,13.5166
69517,1788,-0.4074,0.2285,-0.3219,0.8008,95.8525,94.8210,True,30.4217,31.6265,고승민,LOT,-2.0409,28.0120,81.5378,-3.8181
65898,1217,-0.4401,0.3736,-0.3546,0.7324,95.8213,94.2944,True,29.8193,29.8193,김웅빈,KIW,-2.0453,27.4096,95.9808,-1.2463
66704,1591,-0.4217,0.3022,-0.3362,0.7815,95.7722,94.5905,True,29.2169,30.4217,김태연,HAN,-0.8514,40.0602,83.7932,0.8147
68205,1812,-0.4212,0.2572,-0.3357,0.8029,95.6625,94.5980,True,28.6145,31.0241,전민재,LOT,-0.4160,44.8795,97.4497,3.4251
63260,1544,-0.4404,0.3086,-0.3549,0.7764,95.5661,94.2890,True,28.0120,29.2169,이우성,NC,-1.3056,36.4458,77.1404,-2.8011
54166,52,-2.7210,0.9167,-2.6355,0.1047,95.5604,57.5920,False,27.7108,0.0000,김현종,LG,-5.2719,4.8193,18.6067,7.8508
68518,17,-7.5880,4.5337,-7.5025,0.0368,95.5551,-20.7221,False,27.7108,0.0000,정보근,LOT,-12.6403,0.0000,13.7592,10.2323
66662,86,-1.9214,1.8775,-1.8359,0.1620,95.2129,70.4580,False,27.7108,2.4096,신범수,SSG,0.0901,51.8072,99.9495,7.9370
64984,76,-2.1399,1.9527,-2.0544,0.1460,95.1752,66.9425,False,27.7108,1.8072,김태진,KIW,-5.9322,3.6145,60.9599,-3.0407
50066,130,-1.4125,1.0776,-1.3270,0.2262,95.1700,78.6469,False,27.7108,4.8193,강현우,KT,-4.9931,6.0241,82.8601,-6.9264
52807,331,-0.8007,0.5605,-0.7152,0.4267,95.0892,88.4912,True,27.4096,19.5783,임근우,SSG,-2.9898,15.3614,72.8777,-1.7433
51302,16,-9.0353,4.8966,-8.9498,0.0347,94.9987,-44.0114,False,27.1084,0.0000,이주형,KIW,-12.5359,0.0000,56.9096,-1.0236
56811,113,-1.6647,0.6366,-1.5792,0.2026,94.8515,74.5895,False,27.1084,3.0120,안재연,SSG,-8.7243,0.0000,77.6383,-1.0291
66233,65,-2.6433,0.7104,-2.5578,0.1275,94.7515,58.8425,False,27.1084,0.0000,홍성호,DOO,-9.9797,0.0000,64.6420,13.5037
56006,611,-0.6664,0.5372,-0.5809,0.5788,94.5902,90.6526,True,26.8072,25.6024,이강민,KT,-1.5060,33.4337,103.1749,3.9749
50707,730,-0.6341,0.4241,-0.5486,0.6214,94.5148,91.1732,True,26.2048,26.8072,최인호,HAN,-2.3926,23.7952,93.3965,-2.4628
67006,26,-6.4488,4.3940,-6.3633,0.0552,94.3444,-2.3910,False,25.9036,0.0000,안치영,KT,-16.8085,0.0000,113.1851,-2.0707
64340,336,-0.9100,0.6735,-0.8245,0.4304,94.2903,86.7331,True,25.6024,15.3614,임지열,KIW,-1.8934,29.8193,104.9978,-1.9329
50054,899,-0.6187,0.3850,-0.5332,0.6690,94.2594,91.4196,True,25.0000,27.4096,천성호,LG,-0.3741,46.0843,86.4924,4.9353
68904,216,-1.1929,0.6197,-1.1074,0.3269,94.1745,82.1805,False,24.6988,8.4337,오영수,NC,-3.6415,9.6386,101.2930,5.3683
55339,125,-1.7489,1.3977,-1.6634,0.2194,94.1276,73.2349,False,24.6988,3.0120,염승원,KIW,-6.3550,3.6145,78.0650,-4.4685
64468,171,-1.4070,0.8814,-1.3215,0.2777,94.0942,78.7351,False,24.6988,4.8193,박계범,SAM,-5.3441,4.8193,89.0120,2.7434
79192,740,-0.7205,0.4354,-0.6350,0.6246,93.6177,89.7821,True,24.3976,25.0000,채은성,HAN,-2.7079,19.5783,91.4854,1.6633
51298,20,-9.4483,9.1450,-9.3628,0.0430,93.5162,-50.6564,False,24.0964,0.0000,박성재,DOO,-10.4238,0.0000,43.2719,12.1939
66112,224,-1.2892,1.0185,-1.2037,0.3350,93.5123,80.6319,False,24.0964,5.4217,김기연,DOO,-3.8663,8.4337,65.0442,8.7970
52154,539,-0.8424,0.4574,-0.7569,0.5479,93.3265,87.8203,True,23.7952,17.7711,이주헌,LG,1.9144,72.5904,65.9704,6.2125
52516,184,-1.5229,0.6782,-1.4375,0.2927,93.2308,76.8700,False,23.4940,4.2169,조세진,LOT,-5.4010,4.8193,63.9188,2.7975
69995,597,-0.8235,0.4139,-0.7380,0.5731,93.1944,88.1248,True,23.1928,18.3735,서호철,NC,-2.4866,21.3855,94.6844,5.8963
62244,217,-1.3915,1.2177,-1.3060,0.3279,93.1083,78.9846,False,22.8916,4.8193,박세혁,SAM,2.5789,80.1205,113.7748,1.8803
61102,462,-0.9293,0.4742,-0.8438,0.5095,93.0819,86.4226,True,22.5904,13.5542,유강남,LOT,-4.0280,6.9277,73.3936,1.0550
78122,825,-0.7527,0.3524,-0.6672,0.6498,93.0244,89.2641,True,21.9880,21.9880,김태군,KIA,-7.6387,0.9036,86.3969,-3.6923
52430,712,-0.7991,0.4781,-0.7136,0.6155,92.9322,88.5177,True,21.3855,20.1807,김영웅,SAM,-0.8749,39.4578,88.2569,5.8845
78513,870,-0.7559,0.4842,-0.6704,0.6617,92.8620,89.2133,True,20.7831,21.3855,전준우,LOT,-0.2786,47.8916,84.4233,4.0048
62700,837,-0.7777,0.3184,-0.6922,0.6530,92.7268,88.8623,True,20.1807,20.7831,하주석,HAN · KIA,0.9235,62.3494,96.6373,11.9727
54529,2158,-0.6390,0.1977,-0.5535,0.8291,92.6155,91.0937,True,19.5783,26.2048,레이예스,LOT,-1.6002,32.2289,83.8652,10.9045
53036,797,-0.8119,0.5441,-0.7264,0.6419,92.4980,88.3119,True,18.9759,18.9759,류현인,KT,-0.0346,50.9036,107.4978,4.6846
76267,1265,-0.7324,0.2827,-0.6469,0.7399,92.2977,89.5900,True,18.3735,23.1928,최주환,KIW,-2.9155,15.9639,96.4104,-1.7134
61404,338,-1.2027,0.4884,-1.1172,0.4318,92.2369,82.0227,True,17.7711,7.5301,김헌곤,SAM,-7.0275,2.7108,99.5320,2.1764
55926,360,-1.1914,0.8962,-1.1059,0.4474,92.0392,82.2049,True,17.1687,8.7349,정현창,KIA,-2.3039,25.0000,102.7797,2.2419
53312,1512,-0.7266,0.3379,-0.6411,0.7727,92.0282,89.6835,True,16.5663,23.7952,김건희,KIW,-2.4054,23.1928,95.2554,3.7463
67207,537,-1.0029,0.5698,-0.9174,0.5470,91.9254,85.2384,True,15.9639,12.9518,이유찬,DOO,-2.3038,25.6024,88.5108,-0.7419
50150,675,-0.9227,0.4031,-0.8372,0.6028,91.8791,86.5287,True,15.3614,14.1566,손호영,LOT,-3.0957,14.1566,69.8860,6.7257
53827,1575,-0.7403,0.3063,-0.6548,0.7798,91.7838,89.4638,True,14.7590,22.5904,에레디아,SSG,5.2282,98.4940,92.1069,12.8798
54400,2255,-0.7230,0.3047,-0.6375,0.8353,91.4313,89.7415,True,14.1566,24.3976,디아즈,SAM,-3.1308,13.5542,97.5265,2.6608
51100,364,-1.2735,0.9666,-1.1880,0.4501,91.3959,80.8838,True,13.5542,5.7229,이영빈,LG,-0.7990,41.2651,77.2449,4.1062
56304,166,-2.0598,0.4739,-1.9743,0.2718,91.3652,68.2323,False,13.2530,1.8072,박한결,KIW,-2.8862,16.8675,99.8443,3.3391
64153,618,-1.0268,0.4785,-0.9413,0.5815,91.1915,84.8528,True,12.9518,11.1446,양석환,DOO,-3.2592,12.3494,85.1256,7.0118
69403,431,-1.2033,0.6220,-1.1178,0.4922,91.1477,82.0137,True,12.3494,6.9277,양우현,SAM,-5.4792,4.5181,82.7411,5.5484
55371,1133,-0.8604,0.2662,-0.7749,0.7181,91.0458,87.5312,True,11.7470,17.1687,권혁빈,KIW,-5.0243,5.7229,66.5237,-2.2178
55370,184,-1.9869,1.2263,-1.9014,0.2927,91.0458,69.4041,False,11.4458,2.4096,양현종,KIW,-3.9061,8.4337,72.9162,-6.3516
67905,1153,-0.8679,0.3223,-0.7824,0.7217,90.9149,87.4107,True,11.1446,16.5663,천재환,NC,-2.4197,22.5904,89.8470,3.1570
56637,204,-1.8893,0.7453,-1.8038,0.3145,90.8724,70.9744,False,10.8434,3.0120,김민규,KIA,-1.7780,31.3253,54.2741,5.1347
69804,222,-1.7969,0.8018,-1.7114,0.3330,90.8304,72.4614,False,10.8434,3.0120,채현우,SSG,-5.4554,4.8193,54.9561,14.3933
51868,682,-1.0800,0.4315,-0.9945,0.6053,90.3137,83.9975,True,10.5422,9.9398,고명준,SSG,0.5812,59.3373,82.1782,6.4997
65703,1418,-0.9061,0.3199,-0.8207,0.7613,89.9476,86.7949,True,9.9398,15.9639,이도윤,HAN,-2.6747,20.1807,82.5040,2.6156
53296,765,-1.0885,0.4058,-1.0030,0.6324,89.7940,83.8609,True,9.3373,9.3373,윤준호,DOO,-4.3700,6.3253,83.7955,0.3948
69727,343,-1.5465,0.7973,-1.4610,0.4354,89.7631,76.4905,True,8.7349,3.3133,변우혁,KIA,2.0110,75.0000,71.5130,4.6689
51203,1538,-0.9115,0.2657,-0.8260,0.7757,89.6897,86.7085,True,8.1325,14.7590,안재석,DOO,-0.1949,50.3012,81.7768,6.3826
64166,451,-1.4225,0.7590,-1.3370,0.5035,89.1678,78.4866,True,7.5301,4.5181,배정대,KT,-1.8197,30.4217,100.7531,0.5886
56949,213,-2.1852,0.9370,-2.0997,0.3238,89.0586,66.2143,False,7.2289,1.2048,고준휘,NC,-3.6713,9.6386,61.9775,1.3183
55252,1423,-1.0134,0.3563,-0.9279,0.7619,88.6248,85.0698,True,6.9277,12.3494,박준순,DOO,-1.7964,31.0241,85.1609,11.2536
68507,878,-1.1966,0.3643,-1.1111,0.6638,88.1322,82.1210,True,6.3253,8.1325,장두성,LOT,-3.9551,7.5301,85.2980,6.5730
65653,2023,-1.0186,0.2796,-0.9331,0.8198,87.6913,84.9855,True,5.7229,11.7470,김호령,KIA,-1.9113,29.2169,86.9655,1.4805
52667,314,-2.0497,0.8180,-1.9642,0.4139,86.9196,68.3938,True,5.1205,2.1084,윤도현,KIA,-3.5041,10.5422,73.2794,12.9951
68050,2281,-1.0727,0.2737,-0.9872,0.8368,86.7063,84.1145,True,4.5181,10.5422,강백호,HAN,-3.3589,11.7470,87.1200,-1.3005
64006,1766,-1.2174,0.2970,-1.1319,0.7988,85.4499,81.7859,True,3.9157,6.3253,심우준,HAN,-7.2491,2.1084,89.3273,0.9423
79456,470,-1.9134,0.6614,-1.8279,0.5138,84.8874,70.5878,True,3.3133,2.7108,이지영,SSG,-8.7059,0.3012,62.3252,5.3807
55636,1783,-1.3334,0.2271,-1.2479,0.8004,83.9286,79.9201,True,2.7108,5.1205,박재현,KIA,-2.4330,21.9880,68.8529,9.9498
64346,1040,-1.5310,0.4033,-1.4455,0.7005,83.7073,76.7403,True,2.1084,3.9157,임병욱,KIW,-1.6711,31.6265,76.4569,9.9531
55767,427,-2.1564,0.7546,-2.0709,0.4898,83.6771,66.6770,True,1.5060,1.5060,한지윤,HAN,-5.2701,5.1205,71.8438,6.9591
56613,464,-2.2064,0.5016,-2.1209,0.5106,82.5743,65.8728,True,0.9036,0.9036,아데를린,KIA,-7.3772,1.5060,65.3395,16.0793
56626,1410,-2.2437,0.2985,-2.1583,0.7602,73.5987,65.2716,True,0.3012,0.3012,카스트로,KIA,-5.5139,3.9157,61.2897,9.0838
