batter_id,n,sa,A_apr,B_apr_neutral,C_seager,D_za,E_apr_za
63963,2038,-14.3927,131.2832,124.2487,0.2144,0.7909,81.2865
78288,1440,-11.0549,120.1530,112.9345,0.2052,-1.9809,61.4035
66108,930,-15.5338,119.6384,114.0127,0.2002,-1.5669,65.4971
65586,401,0.4101,118.9693,116.1102,0.3421,8.0320,98.8304
76290,2149,-4.7742,116.8215,112.3890,0.2746,2.6325,90.9357
51551,1629,-8.4965,116.4095,110.2904,0.2551,0.8817,80.9942
78224,1571,1.5033,115.2350,115.4234,0.3079,5.3054,97.0760
52415,2428,-7.9388,115.0143,107.8517,0.2580,1.5545,83.6257
79215,1643,1.4735,114.2563,114.0317,0.2745,7.6727,97.0760
65357,2449,-1.0096,113.6619,112.0914,0.2479,3.5648,92.3977
69102,2504,-3.8442,112.8713,109.0661,0.2852,2.3001,87.1345
75125,981,-0.4851,111.7409,110.1642,0.2635,3.3913,91.2281
52154,587,-2.5203,111.5403,108.3846,0.2931,4.6899,93.8596
68700,926,-3.4924,111.3518,107.8162,0.2443,3.0969,90.3509
51907,2453,-2.7569,111.0854,108.5889,0.2095,1.5865,81.8713
68110,645,0.9941,111.0740,110.0077,0.2037,3.5218,90.3509
79231,2151,-3.6516,111.0329,108.3414,0.2353,0.1518,73.0994
52591,1650,-5.9457,110.9330,106.4210,0.2667,1.8411,82.7485
55703,986,4.8441,110.8743,113.0703,0.2458,4.3338,91.8129
75847,1658,2.2398,110.7320,111.7955,0.2970,2.5108,85.3801
67893,2435,-13.4649,110.1392,100.4167,0.2526,-4.5504,46.4912
66917,316,-5.3959,108.7180,106.9159,0.2011,0.6122,74.5614
78513,1742,2.3095,108.5586,109.5588,0.2556,2.6309,85.3801
64646,2288,-4.1138,108.5465,105.3143,0.2044,-1.1438,61.9883
62415,2125,-3.7233,108.4647,106.5062,0.2081,-0.6947,65.7895
66706,619,1.9578,108.2907,107.9806,0.2129,2.6380,85.0877
79402,1737,-9.0416,108.2847,103.9356,0.2368,-1.0807,61.9883
52568,1100,-5.2363,108.2542,103.6637,0.2695,1.3187,76.0234
68119,2044,-0.6034,108.1639,107.1033,0.2675,2.2664,81.5789
65207,2077,-2.7308,108.0368,105.6704,0.2516,1.9647,79.8246
63257,986,-4.8362,107.9940,103.1431,0.2925,2.1889,80.7018
72443,2193,1.4906,107.7997,108.2598,0.2640,2.8282,84.5029
55734,1102,5.3119,107.7739,109.7669,0.2306,5.2449,88.8889
60558,876,-0.4131,107.3263,106.1464,0.2814,0.8751,72.5146
52605,444,0.6088,106.7431,105.7342,0.2317,5.2981,88.5965
52504,436,-4.9263,106.5970,102.1331,0.3757,1.3206,73.9766
52001,2025,-7.2843,106.2835,98.9488,0.3017,-1.6829,53.5088
54394,319,-2.1635,106.2227,105.0637,0.1233,4.0811,85.3801
78135,334,1.9980,106.2097,105.3671,0.2149,3.9444,84.7953
69737,2473,0.4869,105.7076,105.5816,0.2565,2.4614,79.2398
62947,1281,3.3418,105.4116,107.2509,0.3375,5.4770,87.4269
68868,772,-5.4650,105.2277,101.4572,0.2940,-0.4940,62.2807
54408,732,-4.0105,105.0990,102.2555,0.1847,-0.7882,59.9415
62404,2508,-2.7605,104.7319,102.4037,0.2763,0.2778,65.7895
63260,1273,-1.5411,104.5909,103.2945,0.2416,2.7309,80.1170
76802,494,-3.2298,104.5162,102.0011,0.2075,0.3416,66.0819
79109,1969,0.6086,104.4375,104.2054,0.2379,2.6269,78.0702
69100,1493,-0.3487,104.2716,103.6143,0.2180,-1.1285,55.5556
67207,1242,-3.4582,104.0404,101.1890,0.2410,-0.8117,57.8947
50357,1181,-2.7060,103.7051,102.1350,0.2138,1.4970,71.0526
55645,2140,-4.2341,103.6948,100.2128,0.2537,1.4423,70.1754
68912,1724,-0.5016,103.6024,102.9133,0.2239,1.6211,71.6374
55397,916,-4.4531,103.5771,103.0628,0.1623,-2.2296,44.7368
76232,1923,1.7039,103.3439,103.8044,0.2425,2.0990,73.3918
79240,1860,-8.8060,103.0960,97.9042,0.1772,-5.0753,35.3801
62802,361,2.7064,103.0926,102.6241,0.1742,0.8895,66.6667
64340,1628,1.3987,103.0864,103.6025,0.2382,2.7848,76.9006
65653,1448,1.3938,102.9729,103.1366,0.2096,2.1420,72.5146
74540,1677,1.3675,102.5674,102.8226,0.2304,1.1617,66.3743
62244,365,5.4733,102.4909,101.9471,0.1888,3.7756,78.3626
55326,371,11.6209,102.3325,106.8552,0.2916,4.2705,79.2398
62895,2019,-1.4175,102.2073,101.0183,0.2237,0.6474,63.1579
50054,724,5.1828,102.1958,105.2729,0.2776,2.6729,74.5614
66209,512,-6.6078,101.8314,98.6681,0.2539,0.3222,60.2339
66965,355,-4.3911,101.7745,99.5369,0.2550,2.8940,75.1462
51344,1959,-4.3024,101.7444,98.6689,0.2264,0.5411,61.1111
77564,1070,-4.2653,101.4389,98.3902,0.2507,0.5426,61.1111
53764,2128,5.1960,101.3383,103.5595,0.2168,1.8895,68.4211
62234,1772,-1.7342,101.0974,100.4019,0.1991,-0.4172,54.9708
68089,346,-3.3230,100.9621,99.9476,0.1591,-2.1635,40.0585
64006,1068,-1.7738,100.9607,99.7355,0.1596,-2.3651,38.3041
50167,1914,3.1794,100.8189,102.5693,0.2291,1.6945,66.0819
67025,1542,-1.2080,100.4719,99.4201,0.2488,-0.0833,55.2632
76267,2055,0.4339,100.4359,100.5112,0.2329,-0.9288,48.8304
67644,613,-7.9545,100.3061,98.5239,0.1689,-0.8990,49.1228
66614,834,-1.4288,100.2751,99.4261,0.1987,-1.1533,46.4912
60523,802,-1.2087,100.2548,99.7108,0.2070,-1.5110,44.4444
69418,828,-0.5270,100.1162,99.5392,0.2370,0.2096,55.5556
64007,827,0.3851,100.0484,100.1303,0.2780,2.4235,67.5439
53827,1418,8.6396,99.8534,107.0497,0.2631,4.7001,74.5614
62907,1713,-0.0034,99.7869,99.5966,0.2035,1.3168,60.2339
76313,1655,-1.9382,99.7339,98.5311,0.2223,-0.6645,49.4152
67449,1936,2.8731,99.7136,102.0425,0.3005,-0.0587,52.6316
50868,415,-0.9857,99.7082,99.1320,0.2322,1.4375,60.2339
66657,1435,-3.4602,99.6245,97.1963,0.2160,-1.4080,42.3977
66409,658,-0.6082,99.4189,98.9139,0.2990,0.4189,54.6784
64166,1075,0.4092,99.2408,99.2886,0.2201,0.8608,56.7251
79365,2031,3.8989,99.0935,102.9659,0.3047,3.6490,69.8830
61353,427,7.3977,98.9580,100.3261,0.1528,1.8339,61.6959
53123,1892,-1.5532,98.9151,96.9592,0.3036,-0.1095,50.0000
69517,2144,-5.4723,98.6200,96.0337,0.2087,-2.0098,34.7953
55013,650,6.9382,98.2977,101.6487,0.2130,-0.7040,45.9064
61102,1383,0.1873,98.0204,98.0781,0.2192,-2.2497,32.7485
53554,945,1.1129,98.0200,98.2803,0.1844,-0.4806,47.3684
54444,1216,7.2028,97.5010,102.8226,0.2398,2.0262,61.1111
66704,1265,3.4983,97.3948,99.4746,0.2387,1.7182,59.3567
50854,2236,-0.3399,96.8749,96.6118,0.2045,-3.4482,27.4854
69992,571,-3.4725,96.8256,96.1907,0.2681,-1.8337,33.9181
64560,482,-8.5242,96.8166,92.9483,0.3010,0.5155,51.1696
51003,1246,-2.0065,96.6333,95.9852,0.2061,-1.0260,40.9357
78548,1926,-8.2046,96.4745,92.0493,0.2501,0.1040,47.9532
68646,1088,-2.2608,96.3643,95.3737,0.2318,-0.6176,44.4444
64004,1502,0.5178,96.1811,96.4803,0.2043,-0.1803,45.9064
68904,723,-0.0412,96.1687,96.3873,0.3012,1.4814,54.9708
50208,1347,6.6064,96.0895,98.5713,0.2198,1.0282,52.6316
69727,602,9.6038,95.7009,101.7798,0.3247,4.8336,67.2515
55392,1408,-2.3956,95.6077,94.5334,0.2123,-1.7494,32.4561
64504,734,-0.8142,95.5519,95.3401,0.2180,-1.2003,36.2573
54795,1035,0.6440,95.0078,95.5155,0.1725,-1.7976,31.2865
66864,1101,-0.5881,94.7053,94.6869,0.1912,-1.5485,34.5029
54812,1710,-4.7956,94.6238,92.0495,0.2424,-0.6536,41.2281
64115,555,-0.0017,94.5684,95.1091,0.1434,-0.8529,38.8889
50458,1404,-1.5612,94.4172,93.5906,0.2636,-4.6289,19.2982
77532,1574,2.9555,94.3530,96.0468,0.2305,-1.5873,32.7485
64101,518,3.5643,93.6927,95.4343,0.2104,-1.1898,34.5029
53344,401,-3.9712,93.5686,93.4274,0.2137,-2.7999,24.5614
69995,1051,9.5767,93.5157,99.9534,0.2375,4.1358,62.5731
52366,647,6.9973,93.5095,99.6834,0.2863,2.5129,57.0175
68362,339,5.4657,93.2821,95.4184,0.2141,-1.9427,27.4854
78756,688,-10.0604,93.1924,91.2496,0.1940,-7.3088,15.2047
55208,2242,5.2399,92.9961,97.1732,0.2437,-0.9095,35.3801
62934,492,-1.8598,92.9764,93.1477,0.1647,-2.0827,25.4386
55530,535,6.8383,92.9235,97.2076,0.2263,-0.8548,35.3801
64468,776,-1.7193,92.8370,93.0946,0.1792,-1.9842,25.4386
62332,439,5.1662,92.7837,95.1147,0.1355,-2.1168,24.2690
63123,1516,5.4805,92.6964,96.4326,0.2027,0.3345,42.3977
64984,1148,4.3931,92.6558,94.8276,0.1817,-2.9483,21.0526
68507,1089,1.2279,92.4311,93.3763,0.1910,-2.3169,21.9298
79608,736,5.6556,92.2942,96.2530,0.1977,-2.9907,20.1754
68518,582,-1.2342,92.2846,92.2099,0.2730,-1.2820,29.5322
66928,498,2.3238,92.2698,94.1287,0.1844,-3.2555,18.7135
51865,1137,5.3680,91.6573,94.5096,0.1959,-0.2868,37.1345
69332,686,-5.2069,91.1689,90.3703,0.2040,-1.6492,26.0234
76812,525,2.0340,91.1232,92.8470,0.1497,-2.4510,19.5906
54400,2399,1.4523,91.0924,92.4900,0.2435,-1.6105,26.0234
67610,607,-1.1778,90.5228,90.9836,0.2404,1.6190,46.7836
68050,1443,1.1064,90.3878,92.0565,0.2793,-3.1119,17.2515
69636,1928,4.4155,89.9092,93.2743,0.2365,-1.5975,25.4386
64346,520,12.9293,89.8397,95.3136,0.1785,-1.1386,28.6550
53312,1350,1.3603,89.7982,91.0792,0.1601,-3.5057,14.6199
54236,333,7.7718,89.5242,90.8286,0.0686,-1.7065,22.8070
54529,2315,9.2015,89.3667,96.2420,0.1992,-1.6730,23.0994
52430,1972,6.6485,89.1658,94.8697,0.2493,-0.0007,35.3801
66112,873,6.4142,88.3285,93.0867,0.2576,-0.3615,33.3333
50707,660,-3.6273,88.3268,87.9561,0.2460,-4.0614,11.9883
65040,318,12.5656,88.2527,94.6362,0.0815,0.8045,39.1813
51100,331,1.9669,88.2212,89.9091,0.1639,-4.9763,8.7719
50150,1342,9.3002,88.0837,95.1419,0.1858,0.1270,34.5029
79192,1963,7.2483,87.9256,93.6377,0.1899,-3.0925,14.0351
66606,1698,0.5048,87.6208,88.4421,0.1956,-1.8059,19.0058
50657,392,1.1734,86.7704,89.1142,0.1271,-4.5454,8.7719
54944,1633,8.4544,86.1939,93.3630,0.2252,-1.1836,23.9766
52103,403,8.0078,85.7651,89.8649,0.1660,-4.0808,9.3567
52267,338,17.5400,85.3171,94.0833,0.1610,-3.5385,10.2339
78122,959,2.9572,85.1517,87.8373,0.2044,-6.4452,5.5556
51203,528,3.4796,84.6466,87.5471,0.1550,-1.6200,19.5906
55252,990,16.2935,84.1089,92.0699,0.1202,-2.2850,13.7427
50600,333,-2.8721,83.7295,86.3246,0.1500,-4.1641,7.3099
67905,1060,5.1895,83.4630,86.5442,0.1756,-3.2765,10.2339
61404,722,1.2841,83.3303,85.9281,0.2309,-4.0922,7.0175
68205,1379,7.2777,83.2292,88.4427,0.1977,-3.4448,9.0643
78603,1209,-1.4717,82.8746,82.9381,0.2594,-3.3162,9.0643
54598,579,-2.9805,82.7252,83.5881,0.2587,-1.7948,15.7895
50500,982,6.0320,82.1752,86.3507,0.1560,-4.8060,4.0936
55844,336,0.0439,81.7408,84.7224,0.2058,-3.6572,6.7251
51868,1689,7.3977,80.5394,85.4270,0.1785,-0.8163,23.3918
65703,1060,5.6891,80.0994,84.8600,0.1759,-4.4270,4.3860
52667,579,5.2265,79.3729,84.7584,0.1178,-5.5489,2.0468
64153,1206,7.1166,77.0270,85.5484,0.2927,-3.8110,5.2632
62700,1056,13.0087,75.6852,86.2319,0.2121,-0.6494,24.2690
79456,703,7.9972,68.4883,77.1243,0.1514,-6.5308,0.5848
