batter_id,batter_name,sbj_base,sbj_new,delta,rank_base,rank_new,percentile_base,percentile_new
79215,박건우,6.8184,6.8184,0.0000,1.0000,1.0000,99.6988,99.6988
52605,김도영,6.2097,6.2097,0.0000,2.0000,2.0000,99.0964,99.0964
53827,에레디아,5.2282,5.2282,0.0000,3.0000,3.0000,98.4940,98.4940
79365,박동원,4.8739,4.8739,0.0000,4.0000,4.0000,97.8916,97.8916
56632,데일,4.7570,4.7570,0.0000,5.0000,5.0000,97.2892,97.2892
68106,이재원,4.5494,4.5494,0.0000,6.0000,6.0000,96.6867,96.6867
68110,송찬의,4.3441,4.3441,0.0000,7.0000,7.0000,96.0843,96.0843
50208,오명진,4.3258,4.3258,0.0000,8.0000,8.0000,95.4819,95.4819
64101,한석현,4.1468,4.1468,0.0000,9.0000,9.0000,94.8795,94.8795
62947,나성범,4.0771,4.0771,0.0000,10.0000,10.0000,94.2771,94.2771
51907,김주원,3.8757,3.8757,0.0000,11.0000,11.0000,93.6747,93.6747
66209,조수행,3.7222,3.7222,0.0000,12.0000,12.0000,93.0723,93.0723
54730,페라자,3.6374,3.6374,0.0000,13.0000,13.0000,92.4699,92.4699
69737,노시환,3.6303,3.6303,0.0000,14.0000,14.0000,91.8675,91.8675
51528,손성빈,3.5819,3.5819,0.0000,15.0000,15.0000,91.2651,91.2651
68700,이원석,3.3870,3.3870,0.0000,16.0000,16.0000,90.6627,90.6627
75847,최정,3.3479,3.3479,0.0000,17.0000,17.0000,90.0602,90.0602
56034,힐리어드,3.2521,3.2521,0.0000,18.0000,18.0000,89.4578,89.4578
56305,히우라,3.2033,3.2033,0.0000,19.0000,19.0000,88.8554,88.8554
52634,박상준,3.1791,3.1791,0.0000,20.0000,20.0000,88.2530,88.2530
68912,김형준,3.1614,3.1614,0.0000,21.0000,21.0000,87.6506,87.6506
53764,문현빈,3.1017,3.1017,0.0000,22.0000,22.0000,87.0482,87.0482
72443,최형우,2.9675,2.9675,0.0000,23.0000,23.0000,86.4458,86.4458
56251,카메론,2.9524,2.9524,0.0000,24.0000,24.0000,85.8434,85.8434
65586,전병우,2.9370,2.9370,0.0000,25.0000,25.0000,85.2410,85.2410
76232,양의지,2.9354,2.9354,0.0000,26.0000,26.0000,84.6386,84.6386
50167,이주형,2.9177,2.9177,0.0000,27.0000,27.0000,84.0361,84.0361
52591,윤동희,2.8506,2.8506,0.0000,28.0000,28.0000,83.4337,83.4337
69442,김도환,2.8051,2.8051,0.0000,29.0000,29.0000,82.8313,82.8313
55897,홍대인,2.7958,2.7958,0.0000,30.0000,30.0000,82.2289,82.2289
79109,오지환,2.7842,2.7842,0.0000,31.0000,31.0000,81.6265,81.6265
69238,김대한,2.6856,2.6856,0.0000,32.0000,32.0000,81.0241,81.0241
69418,박승규,2.6230,2.6230,0.0000,33.0000,33.0000,80.4217,80.4217
64022,안중열,2.5298,2.5298,0.0000,34.0000,34.0000,79.8193,79.8193
51865,조형우,2.5009,2.5009,0.0000,35.0000,35.0000,79.2169,79.2169
62931,노진혁,2.3262,2.3262,0.0000,36.0000,36.0000,78.6145,78.6145
50709,박정현,2.3141,2.3141,0.0000,37.0000,37.0000,78.0120,78.0120
56236,세베리노,2.2917,2.2917,0.0000,38.0000,38.0000,77.4096,77.4096
62404,구자욱,2.2875,2.2875,0.0000,39.0000,39.0000,76.8072,76.8072
51344,김휘집,2.2013,2.2013,0.0000,40.0000,40.0000,76.2048,76.2048
67609,박정우,2.1314,2.1314,0.0000,41.0000,41.0000,75.6024,75.6024
69727,변우혁,2.0110,2.0110,0.0000,42.0000,42.0000,75.0000,75.0000
62907,박민우,1.9679,1.9679,0.0000,43.0000,43.0000,74.3976,74.3976
78135,이형종,1.9574,1.9574,0.0000,44.0000,44.0000,73.7952,73.7952
69102,문보경,1.9554,1.9554,0.0000,45.0000,45.0000,73.1928,73.1928
52154,이주헌,1.9144,1.9144,0.0000,46.0000,46.0000,72.5904,72.5904
62234,류지혁,1.7936,1.7936,0.0000,47.0000,47.0000,71.9880,71.9880
62802,박승욱,1.7347,1.7347,0.0000,48.0000,48.0000,71.3855,71.3855
78224,김재환,1.5130,1.5130,0.0000,49.0000,49.0000,70.7831,70.7831
69636,오선우,1.4002,1.4002,0.0000,50.0000,50.0000,70.1807,70.1807
52764,허인서,1.3952,1.3952,0.0000,51.0000,51.0000,69.5783,69.5783
50820,전의산,1.3413,1.3413,0.0000,52.0000,52.0000,68.9759,68.9759
56322,브룩스,1.3174,1.3174,0.0000,53.0000,53.0000,68.3735,68.3735
76290,김현수,1.3099,1.3099,0.0000,54.0000,54.0000,67.7711,67.7711
66108,홍창기,1.2871,1.2871,0.0000,55.0000,55.0000,67.1687,67.1687
54795,황영묵,1.2664,1.2664,0.0000,56.0000,56.0000,66.5663,66.5663
56754,오재원,1.1906,1.1906,0.0000,57.0000,57.0000,65.9639,65.9639
52348,박찬혁,1.1617,1.1617,0.0000,58.0000,58.0000,65.3614,65.3614
66606,최원준,1.1193,1.1193,0.0000,59.0000,59.0000,64.7590,64.7590
66965,도태훈,1.1100,1.1100,0.0000,60.0000,60.0000,64.1566,64.1566
64504,오윤석,0.9767,0.9767,0.0000,61.0000,61.0000,63.5542,63.5542
50996,박시원,0.9765,0.9765,0.0000,62.0000,62.0000,62.9518,62.9518
62700,하주석,0.9235,0.9235,0.0000,63.0000,63.0000,62.3494,62.3494
65207,신민재,0.8960,0.8960,0.0000,64.0000,64.0000,61.7470,61.7470
69100,구본혁,0.7047,0.7047,0.0000,65.0000,65.0000,61.1446,61.1446
68119,문성주,0.6486,0.6486,0.0000,66.0000,66.0000,60.5422,60.5422
60558,오태곤,0.6049,0.6049,0.0000,67.0000,67.0000,59.9398,59.9398
51868,고명준,0.5812,0.5812,0.0000,68.0000,68.0000,59.3373,59.3373
52001,안현민,0.5614,0.5614,0.0000,69.0000,69.0000,58.7349,58.7349
68525,한동희,0.5528,0.5528,0.0000,70.0000,70.0000,58.1325,58.1325
62895,한유섬,0.5519,0.5519,0.0000,71.0000,71.0000,57.5301,57.5301
67644,이정훈,0.4748,0.4748,0.0000,72.0000,72.0000,56.9277,56.9277
51003,권동진,0.4659,0.4659,0.0000,73.0000,73.0000,56.3253,56.3253
52415,이재현,0.3775,0.3775,0.0000,74.0000,74.0000,55.7229,55.7229
54944,데이비슨,0.3676,0.3676,0.0000,75.0000,75.0000,55.1205,55.1205
67449,김성윤,0.3420,0.3420,0.0000,76.0000,76.0000,54.5181,54.5181
79231,정수빈,0.2169,0.2169,0.0000,77.0000,77.0000,53.9157,53.9157
63123,강승호,0.2033,0.2033,0.0000,78.0000,78.0000,53.3133,53.3133
68362,추재현,0.2024,0.2024,0.0000,79.0000,79.0000,52.7108,52.7108
50204,박지훈,0.1953,0.1953,0.0000,80.0000,80.0000,52.1084,52.1084
66864,안상현,-0.0271,-0.0271,0.0000,81.0000,81.0000,51.5060,51.5060
53036,류현인,-0.0346,-0.0346,0.0000,82.0000,82.0000,50.9036,50.9036
51203,안재석,-0.1949,-0.1949,0.0000,83.0000,83.0000,50.3012,50.3012
52121,문정빈,-0.2462,-0.2462,0.0000,84.0000,84.0000,49.6988,49.6988
51551,나승엽,-0.2499,-0.2499,0.0000,85.0000,85.0000,49.0964,49.0964
62934,김성욱,-0.2534,-0.2534,0.0000,86.0000,86.0000,48.4940,48.4940
78513,전준우,-0.2786,-0.2786,0.0000,87.0000,87.0000,47.8916,47.8916
56950,블레인,-0.3135,-0.3135,0.0000,88.0000,88.0000,47.2892,47.2892
64115,장준원,-0.3219,-0.3219,0.0000,89.0000,89.0000,46.6867,46.6867
50054,천성호,-0.3741,-0.3741,0.0000,90.0000,90.0000,46.0843,46.0843
74540,강민호,-0.4014,-0.4014,0.0000,91.0000,91.0000,45.4819,45.4819
68205,전민재,-0.4160,-0.4160,0.0000,92.0000,92.0000,44.8795,44.8795
53123,오스틴,-0.5089,-0.5089,0.0000,93.0000,93.0000,44.2771,44.2771
53554,김민석,-0.5129,-0.5129,0.0000,94.0000,94.0000,43.6747,43.6747
50500,황성빈,-0.5180,-0.5180,0.0000,95.0000,95.0000,43.0723,43.0723
68646,한준수,-0.5738,-0.5738,0.0000,96.0000,96.0000,42.4699,42.4699
78548,장성우,-0.7103,-0.7103,0.0000,97.0000,97.0000,41.8675,41.8675
51100,이영빈,-0.7990,-0.7990,0.0000,98.0000,98.0000,41.2651,41.2651
55393,여동욱,-0.8450,-0.8450,0.0000,99.0000,99.0000,40.6627,40.6627
66704,김태연,-0.8514,-0.8514,0.0000,100.0000,100.0000,40.0602,40.0602
52430,김영웅,-0.8749,-0.8749,0.0000,101.0000,101.0000,39.4578,39.4578
54812,정준재,-1.0192,-1.0192,0.0000,102.0000,102.0000,38.8554,38.8554
64646,박찬호,-1.0572,-1.0572,0.0000,103.0000,103.0000,38.2530,38.2530
53404,류승민,-1.0881,-1.0881,0.0000,104.0000,104.0000,37.6506,37.6506
63722,한승택,-1.2925,-1.2925,0.0000,105.0000,105.0000,37.0482,37.0482
63260,이우성,-1.3056,-1.3056,0.0000,106.0000,106.0000,36.4458,36.4458
78603,김선빈,-1.3873,-1.3873,0.0000,107.0000,107.0000,35.8434,35.8434
56909,신재인,-1.4142,-1.4142,0.0000,108.0000,108.0000,35.2410,35.2410
64004,김민혁,-1.4184,-1.4184,0.0000,109.0000,109.0000,34.6386,34.6386
55392,어준서,-1.4991,-1.4991,0.0000,110.0000,110.0000,34.0361,34.0361
56006,이강민,-1.5060,-1.5060,0.0000,111.0000,111.0000,33.4337,33.4337
50357,박주홍,-1.5553,-1.5553,0.0000,112.0000,112.0000,32.8313,32.8313
54529,레이예스,-1.6002,-1.6002,0.0000,113.0000,113.0000,32.2289,32.2289
64346,임병욱,-1.6711,-1.6711,0.0000,114.0000,114.0000,31.6265,31.6265
55252,박준순,-1.7964,-1.7964,0.0000,115.0000,115.0000,31.0241,31.0241
64166,배정대,-1.8197,-1.8197,0.0000,116.0000,116.0000,30.4217,30.4217
64340,임지열,-1.8934,-1.8934,0.0000,117.0000,117.0000,29.8193,29.8193
65653,김호령,-1.9113,-1.9113,0.0000,118.0000,118.0000,29.2169,29.2169
50657,박민,-1.9791,-1.9791,0.0000,119.0000,119.0000,28.6145,28.6145
69517,고승민,-2.0409,-2.0409,0.0000,120.0000,120.0000,28.0120,28.0120
65898,김웅빈,-2.0453,-2.0453,0.0000,121.0000,121.0000,27.4096,27.4096
78168,서건창,-2.0628,-2.0628,0.0000,122.0000,122.0000,26.8072,26.8072
50902,김한별,-2.1125,-2.1125,0.0000,123.0000,123.0000,26.2048,26.2048
67207,이유찬,-2.3038,-2.3038,0.0000,124.0000,124.0000,25.6024,25.6024
55926,정현창,-2.3039,-2.3039,0.0000,125.0000,125.0000,25.0000,25.0000
50458,김지찬,-2.3809,-2.3809,0.0000,126.0000,126.0000,24.3976,24.3976
50707,최인호,-2.3926,-2.3926,0.0000,127.0000,127.0000,23.7952,23.7952
53312,김건희,-2.4054,-2.4054,0.0000,128.0000,128.0000,23.1928,23.1928
67905,천재환,-2.4197,-2.4197,0.0000,129.0000,129.0000,22.5904,22.5904
55636,박재현,-2.4330,-2.4330,0.0000,130.0000,130.0000,21.9880,21.9880
69995,서호철,-2.4866,-2.4866,0.0000,131.0000,131.0000,21.3855,21.3855
66657,이진영,-2.5563,-2.5563,0.0000,132.0000,132.0000,20.7831,20.7831
65703,이도윤,-2.6747,-2.6747,0.0000,133.0000,133.0000,20.1807,20.1807
79192,채은성,-2.7079,-2.7079,0.0000,134.0000,134.0000,19.5783,19.5783
77532,손아섭,-2.7185,-2.7185,0.0000,135.0000,135.0000,18.9759,18.9759
50854,최지훈,-2.7250,-2.7250,0.0000,136.0000,136.0000,18.3735,18.3735
62415,박해민,-2.7283,-2.7283,0.0000,137.0000,137.0000,17.7711,17.7711
67893,박성한,-2.7360,-2.7360,0.0000,138.0000,138.0000,17.1687,17.1687
69992,최정원,-2.8898,-2.8898,0.0000,139.0000,139.0000,16.5663,16.5663
76267,최주환,-2.9155,-2.9155,0.0000,140.0000,140.0000,15.9639,15.9639
52807,임근우,-2.9898,-2.9898,0.0000,141.0000,141.0000,15.3614,15.3614
66614,김규성,-3.0387,-3.0387,0.0000,142.0000,142.0000,14.7590,14.7590
50150,손호영,-3.0957,-3.0957,0.0000,143.0000,143.0000,14.1566,14.1566
54400,디아즈,-3.1308,-3.1308,0.0000,144.0000,144.0000,13.5542,13.5542
79608,안치홍,-3.2480,-3.2480,0.0000,145.0000,145.0000,12.9518,12.9518
64153,양석환,-3.2592,-3.2592,0.0000,146.0000,146.0000,12.3494,12.3494
68050,강백호,-3.3589,-3.3589,0.0000,147.0000,147.0000,11.7470,11.7470
52568,한태양,-3.4467,-3.4467,0.0000,148.0000,148.0000,11.1446,11.1446
52667,윤도현,-3.5041,-3.5041,0.0000,149.0000,149.0000,10.5422,10.5422
79240,허경민,-3.5735,-3.5735,0.0000,150.0000,150.0000,9.9398,9.9398
78288,최재훈,-3.7103,-3.7103,0.0000,151.0000,151.0000,9.3373,9.3373
79402,김상수,-3.8445,-3.8445,0.0000,152.0000,152.0000,8.7349,8.7349
63963,권희동,-3.9067,-3.9067,0.0000,153.0000,153.0000,8.1325,8.1325
68507,장두성,-3.9551,-3.9551,0.0000,154.0000,154.0000,7.5301,7.5301
61102,유강남,-4.0280,-4.0280,0.0000,155.0000,155.0000,6.9277,6.9277
53296,윤준호,-4.3700,-4.3700,0.0000,156.0000,156.0000,6.3253,6.3253
55371,권혁빈,-5.0243,-5.0243,0.0000,157.0000,157.0000,5.7229,5.7229
55767,한지윤,-5.2701,-5.2701,0.0000,158.0000,158.0000,5.1205,5.1205
69403,양우현,-5.4792,-5.4792,0.0000,159.0000,159.0000,4.5181,4.5181
56626,카스트로,-5.5139,-5.5139,0.0000,160.0000,160.0000,3.9157,3.9157
53344,김동헌,-6.8330,-6.8330,0.0000,161.0000,161.0000,3.3133,3.3133
61404,김헌곤,-7.0275,-7.0275,0.0000,162.0000,162.0000,2.7108,2.7108
64006,심우준,-7.2491,-7.2491,0.0000,163.0000,163.0000,2.1084,2.1084
56613,아데를린,-7.3772,-7.3772,0.0000,164.0000,164.0000,1.5060,1.5060
78122,김태군,-7.6387,-7.6387,0.0000,165.0000,165.0000,0.9036,0.9036
79456,이지영,-8.7059,-8.7059,0.0000,166.0000,166.0000,0.3012,0.3012
