batter_id,Z0,N4,N5,N6,sa,batter_name
52605,6.2021,5.5903,5.9858,6.2009,0.9072,김도영
79215,6.8107,5.8191,5.5408,5.4441,3.5788,박건우
66209,3.7145,5.0537,5.3224,5.3173,-5.6297,조수행
66108,1.2794,5.2357,5.1595,4.9197,-12.8396,홍창기
79365,4.8662,2.1916,4.6891,4.8301,3.2599,박동원
56632,4.7494,4.1093,4.5162,4.8153,7.2391,데일
50208,4.3181,2.6044,4.3239,4.3891,0.9835,오명진
69636,1.3925,4.5104,3.5964,4.2110,2.7788,오선우
68110,4.3364,3.7041,4.4770,4.1687,1.5082,송찬의
54730,3.6297,3.8433,4.3859,4.0953,1.4349,페라자
50709,2.3064,1.3269,3.4250,3.9919,3.7230,박정현
62947,4.0694,3.0053,4.1226,3.9063,8.7856,나성범
51907,3.8680,4.1365,3.9768,3.8942,-0.7573,김주원
56305,3.1956,1.3612,3.0396,3.5200,4.7777,히우라
72443,2.9598,3.1984,3.7136,3.4703,2.6415,최형우
55897,2.7881,1.7166,3.0229,3.4134,2.6972,홍대인
69737,3.6226,2.9792,3.6368,3.3526,0.4354,노시환
52591,2.8429,2.2316,3.4041,3.1402,-5.0083,윤동희
76232,2.9277,3.2466,2.9442,3.0575,-0.6794,양의지
53827,5.2205,3.0035,3.9186,3.0379,12.8798,에레디아
75847,3.3402,3.0254,2.9780,3.0218,-0.1053,최정
56236,2.2840,1.1251,3.4005,2.9265,6.0665,세베리노
79109,2.7765,2.5029,2.3436,2.8355,1.0762,오지환
53764,3.0940,2.9530,2.6560,2.8343,2.6129,문현빈
52001,0.5537,1.4668,1.7269,2.6754,-10.0539,안현민
69418,2.6153,2.6986,2.0860,2.6289,-0.6763,박승규
78135,1.9497,0.1321,2.3203,2.5014,-0.5739,이형종
68912,3.1537,2.1777,2.4736,2.4475,-0.0695,김형준
62907,1.9602,3.0366,2.3046,2.2135,-2.4793,박민우
62234,1.7859,2.4009,2.2610,2.1117,-1.3483,류지혁
50204,0.1876,1.1837,1.8870,2.1086,-3.5582,박지훈
62404,2.2798,1.7468,1.8304,2.0960,0.1793,구자욱
68700,3.3793,2.7748,3.1330,2.0923,-0.0068,이원석
52634,3.1714,0.9261,2.1252,2.0624,2.9013,박상준
51344,2.1936,2.5528,2.1592,2.0059,-1.2717,김휘집
62931,2.3185,2.4211,2.4219,2.0016,1.0841,노진혁
65207,0.8883,1.4178,1.6462,1.9577,-4.5394,신민재
65586,2.9293,0.5059,2.4215,1.8534,-3.9949,전병우
67609,2.1237,1.9758,2.1985,1.8433,-2.2417,박정우
56034,3.2444,1.0018,2.0781,1.7245,2.9729,힐리어드
64022,2.5221,0.2818,2.1506,1.7053,-1.7388,안중열
78224,1.5053,1.4258,1.8680,1.6852,-1.1860,김재환
51528,3.5742,1.7509,1.9943,1.6317,2.6853,손성빈
69102,1.9477,0.8195,1.6312,1.5690,-3.3598,문보경
52415,0.3698,1.6937,1.3194,1.5478,-7.8897,이재현
68106,4.5417,1.0459,2.6204,1.5268,2.7192,이재원
68646,-0.5815,1.3768,1.4746,1.5193,-7.4190,한준수
51865,2.4932,0.9399,1.5560,1.4884,5.8068,조형우
56251,2.9447,1.3230,1.2364,1.4210,1.5967,카메론
69442,2.7974,1.4230,2.7353,1.2847,-0.3580,김도환
78548,-0.7180,0.7859,1.3239,1.2829,-16.1812,장성우
66965,1.1024,2.9580,1.4843,1.2128,-5.7769,도태훈
50167,2.9100,-0.9183,2.0458,1.1416,4.9829,이주형
76290,1.3022,1.8443,1.1729,1.1221,-1.0124,김현수
62895,0.5442,0.0767,0.7984,1.0392,0.1938,한유섬
51551,-0.2575,1.3063,1.0917,1.0388,-7.3871,나승엽
62802,1.7270,0.5862,1.1462,0.9723,1.9285,박승욱
63123,0.1956,0.2351,0.8903,0.9647,2.4099,강승호
69100,0.6970,2.1954,1.3071,0.9580,1.7519,구본혁
52764,1.3875,0.4801,0.7868,0.8324,4.5573,허인서
62934,-0.2611,0.6296,0.1444,0.7804,-4.9034,김성욱
67644,0.4671,1.2131,0.4987,0.7440,-9.3592,이정훈
50820,1.3336,-0.0676,1.2342,0.7335,-2.5217,전의산
69238,2.6779,0.2217,1.3934,0.6863,3.5622,김대한
64115,-0.3296,-0.0175,0.1061,0.6441,-5.4607,장준원
66606,1.1116,0.7871,0.5810,0.6081,0.2924,최원준
50902,-2.1202,0.1952,-0.3608,0.4936,-4.1315,김한별
60558,0.5972,-1.1191,0.7798,0.4932,3.4173,오태곤
68525,0.5451,-0.7625,-0.4519,0.3417,1.5445,한동희
52348,1.1540,-1.4397,0.4935,0.3305,-0.1979,박찬혁
66864,-0.0348,-0.9406,-0.1666,0.3179,0.4010,안상현
63963,-3.9144,2.3470,0.3399,0.2413,-16.7906,권희동
56322,1.3097,-0.2318,0.4665,0.2370,4.2278,브룩스
64504,0.9690,0.4888,1.2057,0.2268,-0.2016,오윤석
64101,4.1391,-0.3113,0.7156,0.1772,8.1064,한석현
53123,-0.5166,0.0107,0.1525,0.1676,-1.7453,오스틴
53404,-1.0958,-1.0343,-0.7995,0.0844,3.3692,류승민
68119,0.6410,1.6081,0.5135,0.0685,1.3834,문성주
51003,0.4582,-0.0675,-0.4696,0.0114,-0.9420,권동진
50996,0.9688,0.2750,1.1154,-0.0161,2.5063,박시원
74540,-0.4091,0.2530,0.0816,-0.1118,-4.8178,강민호
68362,0.1947,0.0254,-0.0632,-0.1234,-0.1788,추재현
54944,0.3599,0.2254,-0.1697,-0.1738,7.7917,데이비슨
52121,-0.2539,-0.9492,0.2985,-0.1918,-2.9991,문정빈
79231,0.2092,0.5599,-0.4241,-0.3475,0.0167,정수빈
78168,-2.0705,-0.0077,-0.5404,-0.4023,-6.6032,서건창
64646,-1.0649,0.6346,-0.5656,-0.4683,-2.8296,박찬호
52154,1.9067,0.3079,0.9524,-0.5342,6.2125,이주헌
51868,0.5735,-1.8370,0.2148,-0.5349,6.4997,고명준
55393,-0.8527,-1.2985,-0.9928,-0.5973,-7.1493,여동욱
56909,-1.4219,-2.0039,-1.0528,-0.6309,-8.3435,신재인
54812,-1.0269,-0.2326,-0.3604,-0.6327,-2.8910,정준재
79402,-3.8522,-0.1309,-1.1705,-0.6811,-10.1827,김상수
54529,-1.6079,-0.7151,-1.0075,-0.7201,10.9045,레이예스
50054,-0.3818,-1.2080,-0.3621,-0.7463,4.9353,천성호
62700,0.9158,-0.9943,-0.7404,-0.7785,11.9727,하주석
56950,-0.3212,-1.8208,-1.0502,-0.8412,0.6996,블레인
56754,1.1829,-1.2300,-0.5318,-0.8568,0.3392,오재원
50458,-2.3886,-0.5581,-0.9148,-0.8636,-3.0424,김지찬
54795,1.2587,1.6575,-0.1553,-0.8826,2.8422,황영묵
66614,-3.0464,-2.5623,-1.9388,-0.9328,-5.4167,김규성
67449,0.3343,-0.8634,-1.1246,-0.9566,3.6522,김성윤
68205,-0.4237,-0.4561,-0.7703,-0.9645,3.4251,전민재
78288,-3.7180,0.1331,-1.0263,-0.9778,-6.3071,최재훈
78603,-1.3950,0.7116,-0.9031,-0.9964,-7.6798,김선빈
53554,-0.5206,-0.8404,-0.4290,-1.0158,-3.1527,김민석
67893,-2.7437,-0.7651,-1.6783,-1.0790,-8.2441,박성한
63260,-1.3133,-1.3558,-1.6107,-1.0810,-2.8011,이우성
64004,-1.4261,-0.1190,-1.5616,-1.1266,-2.0786,김민혁
55252,-1.8041,-2.1908,-1.3485,-1.1371,11.2536,박준순
69727,2.0033,0.0705,0.6780,-1.2093,4.6689,변우혁
50500,-0.5256,-0.8845,-0.9871,-1.3518,4.4370,황성빈
53036,-0.0423,-0.7747,-1.5477,-1.4916,4.6846,류현인
78513,-0.2863,-0.7413,-0.9736,-1.4987,4.0048,전준우
50357,-1.5630,-0.9731,-1.6038,-1.5146,-6.3555,박주홍
63722,-1.3002,0.2140,-1.1013,-1.5162,-3.1489,한승택
52430,-0.8826,-0.8708,-1.1326,-1.6995,5.8845,김영웅
50657,-1.9868,-1.6492,-2.2839,-1.7693,-0.7025,박민
55392,-1.5068,-0.5549,-0.8784,-1.7916,-5.5539,어준서
79608,-3.2557,-2.5500,-2.6160,-1.8609,-0.0422,안치홍
62415,-2.7359,0.2092,-1.5935,-1.9074,-3.8371,박해민
67207,-2.3115,-2.5566,-2.3080,-1.9097,-0.7419,이유찬
56006,-1.5137,-2.1118,-1.5053,-1.9432,3.9749,이강민
50707,-2.4003,-1.4295,-1.9704,-2.0212,-2.4628,최인호
79192,-2.7156,-1.0279,-2.0891,-2.0466,1.6633,채은성
54400,-3.1385,-2.4719,-2.6916,-2.0792,2.6608,디아즈
64340,-1.9011,-0.8925,-1.3555,-2.0876,-1.9329,임지열
69517,-2.0486,-1.1262,-2.3585,-2.1701,-3.8181,고승민
65653,-1.9190,-3.6038,-2.5640,-2.2200,1.4805,김호령
66704,-0.8591,-1.6269,-1.7632,-2.2565,0.8147,김태연
79240,-3.5812,-0.6844,-2.6196,-2.3710,-4.8830,허경민
65898,-2.0530,-2.9277,-3.1201,-2.4450,-1.2463,김웅빈
51203,-0.2026,-2.2863,-1.9721,-2.4978,6.3826,안재석
69992,-2.8975,-2.0755,-2.7367,-2.5542,-3.6776,최정원
66657,-2.5640,-2.7675,-2.9882,-2.7928,-4.5348,이진영
55636,-2.4407,-3.6965,-3.0635,-2.8244,9.9498,박재현
50854,-2.7327,-2.0666,-2.7153,-2.8397,-0.4085,최지훈
64166,-1.8274,-2.8146,-2.5860,-2.8734,0.5886,배정대
77532,-2.7262,-0.9859,-2.4317,-2.9664,-2.2822,손아섭
64153,-3.2669,-3.8916,-3.8731,-3.0278,7.0118,양석환
53312,-2.4131,-2.8818,-2.7598,-3.2232,3.7463,김건희
76267,-2.9232,-1.9171,-3.3880,-3.2458,-1.7134,최주환
51100,-0.8067,-2.7830,-1.6735,-3.2884,4.1062,이영빈
55926,-2.3116,-3.8906,-3.5693,-3.3298,2.2419,정현창
68050,-3.3666,-2.9561,-3.3340,-3.3339,-1.3005,강백호
61102,-4.0357,-3.4528,-4.1426,-3.4408,1.0550,유강남
52807,-2.9975,-2.5478,-2.8674,-3.5100,-1.7433,임근우
64346,-1.6788,-4.0633,-2.9548,-3.5504,9.9531,임병욱
52568,-3.4544,-2.7574,-2.8628,-3.6190,-7.8578,한태양
65703,-2.6824,-2.2117,-3.6420,-3.7423,2.6156,이도윤
67905,-2.4274,-2.4874,-3.2944,-3.8713,3.1570,천재환
69995,-2.4943,-4.4140,-4.0638,-3.8756,5.8963,서호철
55767,-5.2778,-7.1226,-4.3420,-4.5422,6.9591,한지윤
55371,-5.0320,-4.1588,-4.8439,-4.5803,-2.2178,권혁빈
52667,-3.5118,-4.7781,-5.1446,-4.6803,12.9951,윤도현
53296,-4.3777,-3.8471,-5.5003,-5.1071,0.3948,윤준호
56626,-5.5216,-5.7627,-5.3443,-5.2397,9.0838,카스트로
50150,-3.1034,-3.4774,-4.5613,-5.2626,6.7257,손호영
53344,-6.8407,-6.9743,-7.0712,-5.5328,-0.1964,김동헌
68507,-3.9628,-4.7109,-6.5978,-6.1083,6.5730,장두성
61404,-7.0352,-6.1681,-6.5145,-6.2547,2.1764,김헌곤
78122,-7.6464,-4.9905,-6.3963,-6.2648,-3.6923,김태군
69403,-5.4869,-7.2669,-7.8048,-6.4586,5.5484,양우현
56613,-7.3849,-7.6835,-7.8615,-6.6238,16.0793,아데를린
64006,-7.2568,-6.6557,-9.1213,-8.1763,0.9423,심우준
79456,-8.7136,-7.5633,-7.1643,-8.4452,5.3807,이지영
