batter_id,Z0,N0,N1,N2,N3,N4,sa,batter_name
78224,5.1072,5.7980,5.8475,3.3937,5.0837,2.9608,5.9410,김재환
52712,4.9826,4.9826,4.9748,4.3063,4.6011,3.8121,1.9894,터크먼
79109,5.0432,4.9906,4.9743,4.3027,5.0754,4.5882,-1.5055,오지환
62558,5.0681,4.9347,4.9293,4.0928,4.5543,4.2030,-2.5599,김준태
75566,4.5132,4.4653,4.5050,4.2200,4.8492,4.6367,-3.8049,이원석
75334,3.8187,4.3569,4.4906,3.1941,4.3376,2.9182,5.5746,오재일
62947,3.0350,4.4387,4.4575,2.0518,5.1159,2.7630,12.6121,나성범
52112,3.9141,4.3147,4.3692,2.7119,4.2586,2.6031,5.4469,루이즈
79215,4.4209,4.4198,4.3660,3.8248,4.6255,4.3411,-0.9366,박건우
63700,4.3948,4.3855,4.2470,3.0463,5.6192,4.6706,-0.7759,장운호
64560,4.1888,4.2468,4.2113,4.7791,3.5608,4.1450,-7.6449,이창진
62931,3.7476,3.8479,3.9501,3.1190,4.0478,3.2672,4.0673,노진혁
52526,2.6995,3.8359,3.9094,1.7797,4.6728,2.6866,10.8325,피터스
66108,3.5683,3.8775,3.5757,4.2760,3.5046,4.1793,-9.3995,홍창기
63704,3.6307,3.6883,3.5559,2.7977,3.6321,2.7301,-2.3906,노수광
75847,3.0463,3.4378,3.5071,3.0739,3.2769,3.0247,4.3081,최정
50150,3.4635,3.6366,3.4566,2.8119,3.8584,2.7658,4.7110,손호영
79365,3.2361,3.4582,3.4069,2.1471,3.8184,2.7453,2.1181,박동원
64657,3.5927,3.5412,3.2644,1.9494,2.9917,1.8670,-1.8713,박준태
64468,3.3278,3.3365,3.2488,2.8485,2.4564,2.8499,-3.4170,박계범
76232,3.1233,3.1649,3.2156,2.3878,3.7195,2.9316,0.6848,양의지
50820,2.5744,3.1313,3.0857,0.7618,3.9778,1.6880,8.5261,전의산
73113,3.3281,3.1297,3.0545,4.1145,2.9488,4.1657,-10.7115,박경수
52125,3.0606,2.9902,2.9980,1.3854,3.2130,1.5590,-1.7238,가르시아
52366,2.3400,2.8923,2.9760,2.0704,3.0930,2.1989,5.1660,푸이그
69102,2.6928,2.6950,2.7537,2.7875,2.8570,2.9327,-0.6418,문보경
74206,2.7495,2.7152,2.5880,3.4275,2.3885,3.1311,-5.5748,김재호
65132,2.5527,2.5023,2.5655,2.1214,2.5447,2.4347,-1.2072,김재성
76290,2.3240,2.5457,2.5639,1.5661,3.4983,2.1712,2.3345,김현수
62244,2.4153,2.5541,2.4998,1.9888,2.6418,2.0133,3.9080,박세혁
65269,2.1926,2.6480,2.4848,1.2339,3.6098,2.2446,5.4158,김민혁
76802,2.3576,2.3885,2.4819,2.0101,2.0789,1.8889,-0.7978,김성현
52547,2.4648,2.4449,2.4398,2.1851,1.4548,1.3051,-0.6984,렉스
69737,2.5757,2.4888,2.4244,2.5238,2.4413,2.6418,-2.3482,노시환
78548,2.6998,2.4775,2.3542,1.0508,2.1382,0.8663,-5.3816,장성우
64022,2.2337,2.4020,2.2697,2.3270,1.2968,1.2719,-11.7600,안중열
69209,1.7125,2.1384,2.1250,1.4688,1.7314,0.9334,5.6697,페르난데스
60558,1.1580,1.9761,2.0348,0.0494,2.4965,0.7074,9.3379,오태곤
61197,2.0516,1.9678,1.9799,1.3873,1.4466,0.9449,-0.6376,최영진
76812,1.7126,1.8166,1.9454,1.3718,1.5129,1.0927,3.9066,이재원
66209,1.8506,1.8117,1.9165,0.4054,2.0110,0.5153,-2.5211,조수행
65357,1.9384,1.9166,1.9055,1.2612,2.7971,2.0289,1.2549,송성문
64166,2.0321,1.9178,1.8884,2.7463,1.9841,2.9128,-5.3828,배정대
68119,1.5647,1.6871,1.8779,1.4801,2.5373,1.9834,2.1223,문성주
75125,1.2784,1.6634,1.7992,1.3002,1.8256,1.3621,4.4384,박병호
77243,1.8895,1.8548,1.7725,0.7771,0.9443,-0.0548,4.2942,허도환
62864,1.9523,1.9497,1.7628,1.2029,1.9243,1.3519,-3.8573,김민식
62234,1.8112,1.7274,1.6544,1.8363,1.4646,1.7506,-4.0930,류지혁
52009,1.3842,1.6806,1.6221,0.7470,2.0764,1.3567,3.0717,알포드
67610,1.3565,1.4204,1.5458,-0.3579,0.9597,-0.5695,0.9434,김석환
51817,1.5819,1.4989,1.5223,1.1676,1.6809,1.5322,-1.0849,추신수
65462,1.6704,1.6797,1.5097,0.5100,1.4126,0.1511,0.1732,김기환
64504,1.4546,1.4393,1.4246,1.0820,1.7052,1.4084,-0.7958,오윤석
78513,1.2042,1.3157,1.4201,0.3906,1.5357,0.7385,2.8145,전준우
63123,1.3359,1.4000,1.3755,0.4458,1.3176,0.3948,2.9469,강승호
66715,1.1061,1.1641,1.3479,-0.2091,1.8236,0.0735,6.8298,김인환
65586,1.2959,1.2137,1.2350,1.3484,1.6417,1.5933,-1.2877,전병우
66965,1.0973,1.0829,1.1425,0.7902,1.5441,1.1639,-1.0865,도태훈
74163,0.9001,1.1683,1.1383,3.0531,1.1064,2.8932,-6.6900,이용규
66707,0.9867,1.2241,1.1256,1.1836,1.3222,1.5623,-4.4388,박상언
51907,1.2344,1.2685,1.0974,0.4190,0.5536,0.0273,0.9946,김주원
52904,1.0518,0.9964,1.0879,1.9511,0.5668,1.3044,-3.5327,마티니
78168,0.9811,1.0365,1.0775,1.1838,1.6061,1.5570,0.8259,서건창
76313,1.0783,1.0769,1.0157,0.5034,0.9814,0.5572,-0.0280,황재균
51344,1.3071,0.9964,0.9756,1.0414,0.9768,1.2961,-4.5188,김휘집
69453,0.6812,0.7982,0.8775,0.1805,1.7481,1.0710,6.0938,이학주
78603,0.8099,0.6837,0.7160,0.8494,0.0017,0.3389,-5.1098,김선빈
50709,0.4438,0.6455,0.6935,0.3217,0.8169,0.5028,3.9197,박정현
52025,-2.2594,0.5274,0.6562,-2.1585,0.6188,-2.8981,14.8134,라모스
66706,0.4676,0.5578,0.6485,1.6835,0.8549,1.7953,-3.8551,장진혁
63722,0.3346,0.4957,0.5895,0.7228,1.0148,1.0512,-4.1264,한승택
65653,0.6733,0.6758,0.5697,0.1230,0.5761,-0.0905,-0.1813,김호령
64004,0.6411,0.5903,0.5614,0.1787,0.6142,0.3600,-1.7054,김민혁
63257,0.7353,0.5326,0.5312,1.9603,0.3789,1.9857,-3.3408,김인태
62802,0.6391,0.6378,0.5166,0.0300,0.5180,0.2454,-0.0300,박승욱
69238,-0.3229,0.5510,0.4761,-2.6489,0.7693,-2.4269,11.8212,김대한
52348,0.3340,0.5709,0.4204,-1.9165,0.1832,-1.9693,2.9508,박찬혁
68504,-0.3226,0.2619,0.3755,-1.4310,1.4234,-0.6460,12.2515,이호연
62404,0.1716,0.2770,0.3154,-0.9817,0.2464,-0.9555,3.4613,구자욱
72443,0.3723,0.2956,0.3135,1.0519,-0.0695,0.7185,-0.9235,최형우
63260,0.2787,0.1487,0.3135,2.0748,0.4690,2.4843,-7.5392,이우성
65610,-0.3953,0.1337,0.2947,-1.2741,0.2392,-1.2895,8.3633,황대인
62700,-0.3904,0.1790,0.2692,-0.5721,0.3955,-0.3132,8.8426,하주석
64014,-0.0946,0.0144,0.1399,-0.9175,-0.7527,-1.4032,4.3317,김병희
51302,0.1602,-0.0979,0.1249,-0.5680,-0.7862,-1.0791,-1.9118,이주형
66704,-0.0669,0.0525,-0.0131,0.5299,-0.1415,0.4264,-5.8789,김태연
62332,-0.2622,0.1010,-0.0240,-1.0516,0.6012,-0.7762,6.6373,김재현
74540,0.0096,-0.0936,-0.0571,0.4784,0.0949,0.7180,-2.5334,강민호
64984,-0.0343,-0.0461,-0.0604,0.2802,0.1621,0.4829,0.2493,김태진
64868,-0.1959,-0.0280,-0.1133,0.2676,-0.1752,0.4182,-5.4506,조용호
71837,-0.2667,-0.2540,-0.1327,0.2510,-0.3008,0.1491,0.6703,김강민
63202,-0.0628,-0.0246,-0.2147,-4.2342,-0.4935,-4.8086,-1.4183,장승현
52605,-0.2165,-0.2352,-0.2329,-0.3247,-0.5713,-0.6487,-1.2010,김도영
67304,-0.4201,-0.3611,-0.3318,-0.5166,-0.3284,-0.6155,1.0502,김혜성
52630,-1.1712,-0.4945,-0.4054,-1.0063,-0.5859,-1.3554,8.7881,소크라테스
69517,-0.3066,-0.3578,-0.5023,-0.3741,0.0464,-0.0803,-2.7849,고승민
62556,-0.5344,-0.4994,-0.5658,0.4425,-1.0577,0.2556,-4.8968,신본기
68743,-0.5750,-0.5308,-0.5773,1.2976,-0.4572,1.3213,-9.9588,정은원
79231,-0.7913,-0.7882,-0.6802,-0.8762,-0.7629,-0.9211,-0.4971,정수빈
64646,-0.6593,-0.6551,-0.7229,-0.4618,-0.6806,-0.3670,-2.3959,박찬호
65703,-1.1209,-1.0489,-0.8309,-0.9281,-0.9060,-0.5485,4.5578,이도윤
50202,-0.8761,-0.8820,-0.8846,-1.3918,-1.0720,-1.6089,-0.5725,안권수
64266,-0.1895,-0.7237,-0.8949,-0.3174,-1.3368,-0.3425,-7.6668,이성곤
68904,-0.8460,-0.7537,-0.9433,-1.5899,-0.4807,-1.2065,2.8387,오영수
68106,-1.6400,-0.9766,-0.9654,-3.1579,-0.3393,-2.2671,5.9356,이재원
63963,-1.3570,-0.9129,-0.9858,1.8068,-1.4624,1.5937,-11.2543,권희동
51203,-1.2458,-1.1914,-0.9898,-2.7557,-1.0636,-2.7328,0.8084,안재석
67005,-0.8131,-0.8861,-1.0296,-0.1741,-1.3294,-0.6398,-6.7970,홍현빈
62907,-0.9776,-1.0292,-1.0546,-0.1244,-1.5848,-0.8564,-2.6372,박민우
66928,-1.2196,-1.1185,-1.0864,0.4787,-1.4125,0.1288,-8.7181,박준영
65898,-0.9623,-1.0590,-1.1561,-2.9675,-0.9157,-3.0193,-1.4785,김웅빈
64340,-0.6637,-1.0690,-1.1569,-0.1408,-0.9483,0.1603,-8.1977,임지열
67893,-1.0565,-1.0614,-1.1753,-0.3523,-1.2708,-0.2122,-8.5169,박성한
62895,-1.0356,-1.2055,-1.1796,-0.5361,-1.6046,-0.7907,-1.8183,한유섬
52806,-1.3840,-1.3773,-1.3456,-0.1511,-1.8029,-0.1485,0.5515,라가레스
68525,-1.4070,-1.3607,-1.3545,-1.5833,-0.8530,-1.1900,1.4815,한동희
60523,-1.5189,-1.5115,-1.3956,-0.2363,-1.7062,-0.2581,-6.3610,정훈
66657,-1.6249,-1.4539,-1.4937,-1.9007,-1.9960,-2.1622,-6.4662,이진영
69995,-1.9109,-1.6823,-1.5547,-1.7084,-1.7248,-2.0042,3.6717,서호철
50293,-1.4932,-1.4621,-1.5572,-2.9389,-1.0923,-2.1748,3.4377,양찬열
67341,-1.6947,-1.7308,-1.6053,-0.9675,-1.8636,-1.0898,-2.9941,이정후
77532,-1.7215,-1.6396,-1.6176,-1.5299,-2.0431,-2.2171,2.2463,손아섭
61102,-2.3745,-1.7000,-1.6215,-2.6471,-2.3638,-3.1966,7.2093,유강남
76267,-1.8471,-1.8016,-1.6288,-1.3159,-1.7433,-1.6221,0.7976,최주환
61353,-1.6057,-1.5633,-1.6310,-1.4890,-2.0768,-2.2252,2.8696,고종욱
71564,-2.4580,-1.7293,-1.6753,-2.4776,-0.7855,-2.0404,8.0902,이대호
51463,-2.3965,-1.6278,-1.6981,-2.3930,-1.3461,-2.2533,6.8540,피렐라
69306,-1.5401,-1.5544,-1.7177,-1.0192,-1.6436,-1.2063,-0.4861,김주형
63920,-2.9775,-1.6331,-1.7919,1.7853,-2.0747,1.7314,-17.2836,김준완
50854,-1.7721,-1.7759,-1.8258,-2.0376,-1.8693,-2.1280,-0.1816,최지훈
64944,-2.0382,-1.9519,-1.9751,-4.1674,-1.6607,-3.7046,10.9765,박대온
50500,-2.0176,-2.0213,-1.9859,-2.9671,-2.0325,-3.1931,4.6985,황성빈
64717,-1.9673,-1.8934,-2.0558,-2.3816,-2.7433,-2.9687,0.8419,지시완
79402,-2.5730,-2.2882,-2.2847,-1.0037,-2.9056,-1.6376,-7.4453,김상수
77564,-2.2435,-2.2355,-2.3206,-2.4553,-2.2753,-2.2391,1.2572,김민성
68346,-2.4229,-2.7980,-2.7040,-2.7076,-3.8052,-3.8692,-3.7609,김수환
62925,-3.2058,-3.2736,-3.2977,-3.1508,-4.0029,-3.7158,-0.5555,강진성
78288,-3.5815,-3.3773,-3.3454,-1.2315,-3.6163,-1.5283,-8.7253,최재훈
64006,-3.1844,-3.4168,-3.3858,-1.6970,-3.8562,-2.1489,-4.7163,심우준
61404,-3.8620,-3.6501,-3.4917,-3.4274,-3.2062,-3.4515,6.1800,김헌곤
68518,-3.4566,-3.5067,-3.5383,-4.1638,-4.4479,-5.0152,-2.7381,정보근
51417,-3.5683,-3.6457,-3.6565,-2.8461,-4.3585,-3.6330,-6.5683,김현준
64153,-4.5086,-3.7354,-3.7111,-4.8567,-3.6016,-4.9499,8.4666,양석환
78756,-3.9463,-3.9039,-3.7677,-1.6164,-4.3387,-2.3327,-4.2940,오선진
64610,-3.9402,-3.9686,-4.0552,-4.3014,-4.7946,-5.1943,-0.9415,강한울
67504,-4.2829,-4.2730,-4.2070,-5.8311,-4.5969,-6.1267,0.3467,김정율
52827,-6.4325,-4.3110,-4.4379,-6.2179,-3.3176,-5.1925,12.5424,크론
69416,-4.6103,-4.5197,-4.5906,-4.7199,-3.8883,-4.7615,5.7220,이해승
76849,-4.7501,-4.7458,-4.6027,-4.0030,-5.2564,-4.6425,-1.3272,이명기
66838,-6.2688,-5.0336,-4.9422,-4.7185,-6.0553,-5.4780,11.7587,김동엽
68050,-4.7748,-4.9260,-4.9808,-4.4719,-5.4517,-4.9327,-2.5364,강백호
79240,-5.3575,-5.0756,-5.0503,-2.9733,-5.3099,-3.2570,-7.8140,허경민
79608,-4.9974,-5.2230,-5.1258,-2.9398,-5.7909,-3.4423,-6.5463,안치홍
52769,-4.8321,-5.0864,-5.1977,-5.0393,-5.6012,-5.1629,-5.3365,권광민
69813,-5.5296,-5.3883,-5.3919,-5.5587,-6.5096,-6.8488,5.2626,하재훈
79192,-6.0139,-5.7664,-5.5528,-5.2899,-6.2054,-6.2906,6.0192,채은성
78122,-5.9234,-5.8635,-5.6626,-5.6100,-6.0584,-5.8346,1.3821,김태군
79456,-5.8778,-5.8261,-5.7323,-5.8054,-6.0196,-6.4135,7.6753,이지영
62415,-6.3340,-6.3165,-6.1063,-5.2725,-6.6891,-6.0747,1.1936,박해민
52516,-6.2750,-6.2938,-6.1126,-4.3049,-7.7436,-5.5061,-2.8576,조세진
50458,-6.1149,-6.2489,-6.1758,-4.8005,-7.2338,-5.8312,-4.0858,김지찬
52415,-7.2552,-7.1904,-7.2018,-6.5964,-7.5117,-7.0113,3.4682,이재현
