priority,why,season,pitch_id,game_id,stadium,inning,inning_half,pa_in_half,batter_name,pitcher_name,pitch_number,pitch_call_code,velocity_kmh,pitch_type_kr,balls_before,strikes_before,outs_before,pa_result,flags,tm_event,tm_count,p_zone_za72,vb_pa_sequence,naver_relay
P1,VB B·존 중심·TM 다음 카운트 스트라이크: 볼/루킹/헛스윙 판별,2024,20240905SKLG0-20240905SKLG0-068-02,20240905SKLG0,잠실,9,top,1,박지환,함덕주,2,B,121.0,체인지업,0,1,0,삼진,B_NEAR_CENTER,strike,0.0-1.0,0.997,1T123 2B121 3F139 4F122 5S123,https://m.sports.naver.com/game/20240905SKLG02024/relay
P1,VB B·존 중심·TM 다음 카운트 스트라이크: 볼/루킹/헛스윙 판별,2024,20240814HTWO0-20240814HTWO0-048-01,20240814HTWO0,고척,6,top,2,최원준,후라도,1,B,139.0,커터,0,0,0,중비,B_NEAR_CENTER,strike,0.0-0.0,0.997,1B139 2S135 3X134,https://m.sports.naver.com/game/20240814HTWO02024/relay
P1,VB B·존 중심·TM 다음 카운트 스트라이크: 볼/루킹/헛스윙 판별,2024,20240703KTHH0-20240703KTHH0-042-01,20240703KTHH0,한밭,6,bottom,2,이원석,벤자민,1,B,140.0,포심,0,0,0,우비,B_NEAR_CENTER,strike,0.0-0.0,0.995,1B140 2T129 3F144 4B145 5B130 6X145,https://m.sports.naver.com/game/20240703KTHH02024/relay
P1,VB B·존 중심·TM 다음 카운트 스트라이크: 볼/루킹/헛스윙 판별,2024,20240522NCWO0-20240522NCWO0-013-02,20240522NCWO0,고척,2,bottom,2,김휘집,하트,2,B,142.0,투심,1,0,0,투야선,B_NEAR_CENTER,strike,1.0-0.0,0.994,1B141 2B142 3B127 4X144,https://m.sports.naver.com/game/20240522NCWO02024/relay
P1,VB B·존 중심·TM 다음 카운트 스트라이크: 볼/루킹/헛스윙 판별,2024,20240424SKLT0-20240424SKLT0-024-02,20240424SKLT0,사직,3,top,3,박성한,이인복,2,B,126.0,포크,1,0,2,이땅,B_NEAR_CENTER,strike,1.0-0.0,0.994,1B126 2B126 3X139,https://m.sports.naver.com/game/20240424SKLT02024/relay
P1,VB B·존 중심·TM 다음 카운트 스트라이크: 볼/루킹/헛스윙 판별,2024,20240531HHSS0-20240531HHSS0-065-02,20240531HHSS0,대구,7,bottom,2,류지혁,김범수,2,B,141.0,포심,1,0,0,우안,B_NEAR_CENTER,strike,1.0-0.0,0.994,1B145 2B141 3B143 4F133 5X134,https://m.sports.naver.com/game/20240531HHSS02024/relay
P1,VB V 호출의 실제 행동(체크스윙·파울팁·기타),2024,20240327HHSK0-20240327HHSK0-017-03,20240327HHSK0,문학,2,bottom,1,박성한,산체스,3,V,147.0,투심,1,1,0,삼진,,strike,1.0-1.0,,1T147 2B122 3V147 4S150,https://m.sports.naver.com/game/20240327HHSK02024/relay
P1,VB V 호출의 실제 행동(체크스윙·파울팁·기타),2024,20240328OBKT0-20240328OBKT0-088-02,20240328OBKT0,수원,9,bottom,2,배정대,박치국,2,V,118.0,커브,0,1,0,좌비,,strike,0.0-1.0,,1S138 2V118 3F119 4X128,https://m.sports.naver.com/game/20240328OBKT02024/relay
P1,VB V 호출의 실제 행동(체크스윙·파울팁·기타),2024,20240329HTOB0-20240329HTOB0-025-02,20240329HTOB0,잠실,4,top,2,이우성,알칸타라,2,V,142.0,포심,1,0,0,투야선,,strike,1.0-0.0,,1B145 2V142 3T132 4X145,https://m.sports.naver.com/game/20240329HTOB02024/relay
P1,VB V 호출의 실제 행동(체크스윙·파울팁·기타),2024,20240330SKSS0-20240330SKSS0-084-01,20240330SKSS0,대구,9,top,1,오태곤,오승환,1,V,132.0,슬라이더,0,0,0,우이,,strike,0.0-0.0,,1V132 2B133 3T142 4X141,https://m.sports.naver.com/game/20240330SKSS02024/relay
P2,카운트 불일치인데 앞선 B→TM스트라이크·V가 없는 경우: 원인 미상,2024,20240421WOOB1-20240421WOOB1-072-01,20240421WOOB1,잠실,8,top,2,임지열,박신지,1,T,127.0,슬라이더,0,0,0,유비,,strike,0.0-1.0,0.968,1T127 2B131 3B116 4F128 5X127,https://m.sports.naver.com/game/20240421WOOB12024/relay
P2,카운트 불일치인데 앞선 B→TM스트라이크·V가 없는 경우: 원인 미상,2024,20240517HTNC0-20240517HTNC0-082-01,20240517HTNC0,창원,9,bottom,2,오영수,전상현,1,B,143.0,포심,0,0,0,좌비,,ball,2.0-1.0,0.0,1B143 2X143,https://m.sports.naver.com/game/20240517HTNC02024/relay
P2,카운트 불일치인데 앞선 B→TM스트라이크·V가 없는 경우: 원인 미상,2024,20240628LGNC0-20240628LGNC0-057-01,20240628LGNC0,창원,7,bottom,4,김성욱,이우찬,1,B,126.0,커브,0,0,2,삼땅,,ball,0.0-2.0,0.0,1B126 2F147 3B146 4F133 5X147,https://m.sports.naver.com/game/20240628LGNC02024/relay
P2,볼넷 뒤 투구 지속(BB_CONT): 볼 4개 뒤 타석 계속,2024,20240326OBKT0-20240326OBKT0-050-01,20240326OBKT0,수원,6,bottom,3,김상수,이영하,1,B,144.0,포심,0,0,0,삼땅,BB_CONT,strike,0.0-0.0,0.987,1B144 2B132 3S134 4B133 5B133 6X131,https://m.sports.naver.com/game/20240326OBKT02024/relay
P2,볼넷 뒤 투구 지속(BB_CONT): 볼 4개 뒤 타석 계속,2024,20240329NCLT0-20240329NCLT0-064-01,20240329NCLT0,사직,9,top,2,박영빈,김원중,1,B,130.0,포크,0,0,1,삼진,BB_CONT,ball,0.0-0.0,0.0,1B130 2B142 3B142 4F132 5F136 6F145 7B133 8F131 9S143,https://m.sports.naver.com/game/20240329NCLT02024/relay
C,"대조군: VB·TM 모두 볼, 플래그 없음 (판독 절차 확인용)",2024,20240327OBKT0-20240327OBKT0-071-02,20240327OBKT0,수원,7,bottom,5,강백호,김택연,2,B,135.0,포크,0,1,1,이야선,,ball,0.0-1.0,0.0,1F148 2B135 3B148 4S148 5F149 6B147 7X148,https://m.sports.naver.com/game/20240327OBKT02024/relay
C,"대조군: VB·TM 모두 볼, 플래그 없음 (판독 절차 확인용)",2024,20240427HTLG0-20240427HTLG0-004-06,20240427HTLG0,잠실,1,top,4,최형우,엔스,6,B,148.0,포심,2,2,2,유땅,,ball,2.0-2.0,0.0,1B150 2F149 3F149 4F137 5B121 6B148 7X149,https://m.sports.naver.com/game/20240427HTLG02024/relay
P0,김택연-임지열: 타석 분리·종료 후 행·위치 불일치(구조 오류 기준 사례). 타석 전체 캡처,2025,20250809OBWO0-20250809OBWO0-082-01,20250809OBWO0,고척,9,bottom,3,임지열,김택연,1,B,134.0,슬라이더,0,0,1,,"SPLIT_SAME,DUP_TRAJ",,,0.0,1B134,https://m.sports.naver.com/game/20250809OBWO02025/relay
P0,김택연-임지열: 타석 분리·종료 후 행·위치 불일치(구조 오류 기준 사례). 타석 전체 캡처,2025,20250809OBWO0-20250809OBWO0-083-01,20250809OBWO0,고척,9,bottom,4,임지열,김택연,1,B,137.0,슬라이더,0,0,1,유병,"K_CONT,X_NONLAST,DUP_TRAJ",,,0.0,1B137 2S151 3B150 4S151 5S151 6F151 7X136 8X136,https://m.sports.naver.com/game/20250809OBWO02025/relay
P2,보고 px와 궤적 x가 1m 이상 불일치: 행 혼합 여부,2025,20250418NCHH0-20250418NCHH0-085-04,20250418NCHH0,대전,9,top,3,최정원,김승일,4,B,126.0,체인지업,1,2,2,삼진,PLATE_X_DISAGREE,,,0.0,1T133 2S135 3B146 4B126 5S129,https://m.sports.naver.com/game/20250418NCHH02025/relay
P2,보고 px와 궤적 x가 1m 이상 불일치: 행 혼합 여부,2025,20250611SKLG0-20250611SKLG0-019-01,20250611SKLG0,잠실,2,bottom,6,신민재,화이트,1,B,142.0,포심,0,0,2,우안,PLATE_X_DISAGREE,,,0.0,1B142 2X142,https://m.sports.naver.com/game/20250611SKLG02025/relay
P3,TrackMan 없는 시즌의 결과 불일치 타석(END_MISMATCH),2025,20250323NCHT0-20250323NCHT0-012-01,20250323NCHT0,광주,2,top,4,서호철,양현종,1,B,142.0,포심,0,0,0,삼진,END_MISMATCH,,,0.0,1B142 2B129 3F142 4S131,https://m.sports.naver.com/game/20250323NCHT02025/relay
P3,TrackMan 없는 시즌의 결과 불일치 타석(END_MISMATCH),2025,20250325LTSK0-20250325LTSK0-079-01,20250325LTSK0,문학,11,top,4,전민재,서진용,1,B,140.0,포심,0,0,1,볼넷,END_MISMATCH,,,0.0,1B140 2B141 3B140,https://m.sports.naver.com/game/20250325LTSK02025/relay
P3,TrackMan 없는 시즌의 결과 불일치 타석(END_MISMATCH),2026,20260328HTSK0-20260328HTSK0-012-01,20260328HTSK0,문학,2,top,2,김태군,화이트,1,B,150.0,포심,0,0,0,삼진,"BB_CONT,END_MISMATCH",,,0.0,1B150 2B147 3B145 4B148 5T147 6S149,https://m.sports.naver.com/game/20260328HTSK02026/relay
P3,TrackMan 없는 시즌의 결과 불일치 타석(END_MISMATCH),2026,20260328LTSS0-20260328LTSS0-041-01,20260328LTSS0,대구,5,bottom,1,이재현,로드리게스,1,B,133.0,체인지업,0,0,0,볼넷,END_MISMATCH,,,0.0,1B133 2F138 3B141 4F151 5F139 6B129,https://m.sports.naver.com/game/20260328LTSS02026/relay
