priority,season,pitch_id,vb_call,vb_count_before,match_status,naver_code,naver_word,naver_count_before,naver_count_after,vb_pa,naver_pa,naver_pa_result,vb_pa_result,failed_innings
P2,2024,20240326OBKT0-20240326OBKT0-050-01,W,0-0,matched_context,W,번트파울,0-0,0-1,1W:144(0-0) 2B:132(0-1) 3S:134(1-1) 4B:133(1-2) 5B:133(2-2) 6X:131(3-2),1W:144(0-0) 2B:132(0-1) 3S:134(1-1) 4B:133(1-2) 5B:133(2-2) 6H:131(3-2),3루수 땅볼 아웃 (3,삼땅,
P1,2024,20240327HHSK0-20240327HHSK0-017-03,V,1-1,matched_context,V,번트헛스윙,1-1,1-2,1T:147(0-0) 2B:122(0-1) 3V:147(1-1) 4S:150(1-2),1T:147(0-0) 2B:122(0-1) 3V:147(1-1) 4S:150(1-2),삼진 아웃,삼진,
C,2024,20240327OBKT0-20240327OBKT0-071-02,B,0-1,matched_context,B,볼,0-1,1-1,1F:148(0-0) 2B:135(0-1) 3B:148(1-1) 4S:148(2-1) 5F:149(2-2) 6B:147(2-2) 7X:148(3-2),1F:148(0-0) 2B:135(0-1) 3B:148(1-1) 4S:148(2-1) 5F:149(2-2) 6B:147(2-2) 7H:148(3-2),2루수 앞 땅볼로 출루,이야선,
P1,2024,20240328OBKT0-20240328OBKT0-088-02,V,0-1,matched_context,V,번트헛스윙,0-1,0-2,1S:138(0-0) 2V:118(0-1) 3F:119(0-2) 4X:128(0-2),1S:138(0-0) 2V:118(0-1) 3F:119(0-2) 4H:128(0-2),좌익수 플라이 아웃,좌비,
P1,2024,20240329HTOB0-20240329HTOB0-025-02,V,1-0,matched_context,V,번트헛스윙,1-0,1-1,1B:145(0-0) 2V:142(1-0) 3T:132(1-1) 4X:145(1-2),1B:145(0-0) 2V:142(1-0) 3T:132(1-1) 4H:145(1-2),투수 앞 땅볼로 출루,투야선,
P2,2024,20240329NCLT0-20240329NCLT0-064-01,B,0-0,matched_context,B,볼,0-0,1-0,1B:130(0-0) 2B:142(1-0) 3W:142(2-0) 4F:132(2-1) 5F:136(2-2) 6F:145(2-2) 7B:133(2-2) 8F:131(3-2) 9S:143(3-2),1B:130(0-0) 2B:142(1-0) 3W:142(2-0) 4F:132(2-1) 5F:136(2-2) 6F:145(2-2) 7B:133(2-2) 8F:131(3-2) 9S:143(3-2),삼진 아웃,삼진,
P1,2024,20240330SKSS0-20240330SKSS0-084-01,V,0-0,matched_context,V,번트헛스윙,0-0,0-1,1V:132(0-0) 2B:133(0-1) 3T:142(1-1) 4X:141(1-2),1V:132(0-0) 2B:133(0-1) 3T:142(1-1) 4H:141(1-2),우익수 오른쪽 2루타,우이,
P2,2024,20240421WOOB1-20240421WOOB1-072-01,T,0-0,unmatched,,,,,1T:127(0-0) 2B:131(0-1) 3B:116(1-1) 4F:128(2-1) 5X:127(2-2),,,유비,
P1,2024,20240424SKLT0-20240424SKLT0-024-02,W,1-0,matched_context,W,번트파울,1-0,1-1,1B:126(0-0) 2W:126(1-0) 3X:139(1-1),1B:126(0-0) 2W:126(1-0) 3H:139(1-1),2루수 땅볼 아웃 (2,이땅,
C,2024,20240427HTLG0-20240427HTLG0-004-06,B,2-2,matched_context,B,볼,2-2,3-2,1B:150(0-0) 2F:149(1-0) 3F:149(1-1) 4F:137(1-2) 5B:121(1-2) 6B:148(2-2) 7X:149(3-2),1B:150(0-0) 2F:149(1-0) 3F:149(1-1) 4F:137(1-2) 5B:121(1-2) 6B:148(2-2) 7H:149(3-2),유격수 땅볼 아웃 (유,유땅,
P2,2024,20240517HTNC0-20240517HTNC0-082-01,B,0-0,unmatched,,,,,1B:143(0-0) 2X:143(1-0),,,좌비,
P1,2024,20240522NCWO0-20240522NCWO0-013-02,W,1-0,matched_context,W,번트파울,1-0,1-1,1B:141(0-0) 2W:142(1-0) 3B:127(1-1) 4X:144(2-1),1B:141(0-0) 2W:142(1-0) 3B:127(1-1) 4H:144(2-1),투수 앞 땅볼로 출루,투야선,
P1,2024,20240531HHSS0-20240531HHSS0-065-02,W,1-0,matched_context,W,번트파울,1-0,1-1,1B:145(0-0) 2W:141(1-0) 3W:143(1-1) 4F:133(1-2) 5X:134(1-2),1B:145(0-0) 2W:141(1-0) 3W:143(1-1) 4F:133(1-2) 5H:134(1-2),우익수 앞 1루타,우안,
P2,2024,20240628LGNC0-20240628LGNC0-057-01,B,0-0,unmatched,,,,,1B:126(0-0) 2F:147(1-0) 3B:146(1-1) 4F:133(2-1) 5X:147(2-2),,,삼땅,
P1,2024,20240703KTHH0-20240703KTHH0-042-01,W,0-0,matched_context,W,번트파울,0-0,0-1,1W:140(0-0) 2T:129(0-1) 3F:144(0-2) 4B:145(0-2) 5B:130(1-2) 6X:145(2-2),1W:140(0-0) 2T:129(0-1) 3F:144(0-2) 4B:145(0-2) 5B:130(1-2) 6H:145(2-2),우익수 플라이 아웃,우비,
P1,2024,20240814HTWO0-20240814HTWO0-048-01,W,0-0,matched_context,W,번트파울,0-0,0-1,1W:139(0-0) 2S:135(0-1) 3X:134(0-2),1W:139(0-0) 2S:135(0-1) 3H:134(0-2),중견수 플라이 아웃,중비,
P1,2024,20240905SKLG0-20240905SKLG0-068-02,W,0-1,matched_context,W,번트파울,0-1,0-2,1T:123(0-0) 2W:121(0-1) 3F:139(0-2) 4F:122(0-2) 5S:123(0-2),1T:123(0-0) 2W:121(0-1) 3F:139(0-2) 4F:122(0-2) 5S:123(0-2),포수 스트라이크 낫 아,삼진,
P3,2025,20250323NCHT0-20250323NCHT0-012-01,B,0-0,matched_context,B,볼,0-0,1-0,1B:142(0-0) 2W:129(1-0) 3F:142(1-1) 4S:131(1-2),1B:142(0-0) 2W:129(1-0) 3F:142(1-1) 4S:131(1-2),삼진 아웃,삼진,
P3,2025,20250325LTSK0-20250325LTSK0-079-01,B,0-0,unmatched,,,,,1B:140(0-0) 2B:141(1-0) 3B:140(2-0),,,볼넷,
P2,2025,20250418NCHH0-20250418NCHH0-085-04,B,1-2,matched_context,B,볼,1-2,2-2,1T:133(0-0) 2S:135(0-1) 3B:146(0-2) 4B:126(1-2) 5S:129(2-2),1T:133(0-0) 2S:135(0-1) 3B:146(0-2) 4B:126(1-2) 5S:129(2-2),삼진 아웃,삼진,
P2,2025,20250611SKLG0-20250611SKLG0-019-01,B,0-0,matched_context,B,볼,0-0,1-0,1B:142(0-0) 2X:142(1-0),1B:142(0-0) 2H:142(1-0),우익수 오른쪽 1루타,우안,
P0,2025,20250809OBWO0-20250809OBWO0-082-01,B,0-0,matched_context,B,볼,0-0,1-0,1B:134(0-0),1B:134(0-0) 2B:137(1-0) 3S:151(2-0) 4B:150(2-1) 5S:151(3-1) 6F:151(3-2) 7H:136(3-2),유격수 병살타 아웃 (,,
P0,2025,20250809OBWO0-20250809OBWO0-083-01,B,0-0,unmatched,,,,,1B:137(0-0) 2S:151(1-0) 3B:150(1-1) 4S:151(2-1) 5S:151(2-2) 6F:151(2-2) 7X:136(2-2) 8X:136(2-2),,,유병,
P3,2026,20260328HTSK0-20260328HTSK0-012-01,B,0-0,matched_context,B,볼,0-0,1-0,1B:150(0-0) 2W:147(1-0) 3B:145(1-1) 4B:148(2-1) 5T:147(3-1) 6S:149(3-2),1B:150(0-0) 2W:147(1-0) 3B:145(1-1) 4B:148(2-1) 5T:147(3-1) 6S:149(3-2),삼진 아웃,삼진,
P3,2026,20260328LTSS0-20260328LTSS0-041-01,B,0-0,matched_context,B,볼,0-0,1-0,1B:133(0-0) 2F:138(1-0) 3B:141(1-1) 4F:151(2-1) 5F:139(2-2) 6B:129(2-2),1B:133(0-0) 2F:138(1-0) 4B:141(1-1) 5F:151(3-1) 6F:139(3-2) 7B:129(3-2),볼넷,볼넷,
