pitch_id,h3_residual_kmh,tm_pitch_id
20190324KTSK0-20190324KTSK0-027-02,-10.6,162446
20190324KTSK0-20190324KTSK0-027-03,10.6,162451
20190330NCHH0-20190330NCHH0-052-03,6.3,252278
20190330NCHH0-20190330NCHH0-053-01,3.5,7081
20190330NCHH0-20190330NCHH0-054-01,3.1,7075
20190331OBSS0-20190331OBSS0-075-09,-6.6,132364
20190403LGHH0-20190403LGHH0-072-04,-55.7,58632
20200505LTKT0-20200505LTKT0-039-03,-20.9,337708
20200520LGSS0-20200520LGSS0-065-02,-5.4,481696
20200520LGSS0-20200520LGSS0-065-03,18.5,481697
20200524HHNC0-20200524HHNC0-049-03,-6.5,399635
20200526WONC0-20200526WONC0-062-01,10.6,347751
20200526WONC0-20200526WONC0-062-02,-11.8,347749
20200602WOHH0-20200602WOHH0-080-05,3.9,503764
20200726SKHH0-20200726SKHH0-032-01,3.4,321677
20200910WOLG0-20200910WOLG0-043-06,-12.8,294121
20200910WOLG0-20200910WOLG0-044-01,13.2,294104
20200920WOSS0-20200920WOSS0-008-02,3.3,490091
20200920WOSS0-20200920WOSS0-010-02,3.0,490135
20200920WOSS0-20200920WOSS0-027-01,-3.3,389814
20200920WOSS0-20200920WOSS0-079-05,-3.8,371440
20200926SKSS0-20200926SKSS0-001-01,-3.9,307446
20200926SKSS0-20200926SKSS0-001-02,-3.3,307450
20200926SKSS0-20200926SKSS0-001-04,-3.4,307467
20200926SKSS0-20200926SKSS0-001-05,-3.2,307471
20200926SKSS0-20200926SKSS0-001-06,-3.2,307476
20200926SKSS0-20200926SKSS0-001-08,-3.2,307483
20200926SKSS0-20200926SKSS0-002-01,-3.0,307493
20200926SKSS0-20200926SKSS0-002-02,-3.2,307498
20200926SKSS0-20200926SKSS0-002-03,-3.7,307501
20200926SKSS0-20200926SKSS0-003-02,-4.4,307514
20200926SKSS0-20200926SKSS0-003-04,-4.0,307524
20200926SKSS0-20200926SKSS0-003-05,-4.2,307127
20200926SKSS0-20200926SKSS0-003-06,-3.7,307527
20200926SKSS0-20200926SKSS0-004-02,-4.7,384875
20200926SKSS0-20200926SKSS0-004-03,-3.5,384885
20200926SKSS0-20200926SKSS0-005-02,-3.2,384898
20200926SKSS0-20200926SKSS0-006-01,-3.2,384919
20200926SKSS0-20200926SKSS0-006-03,-3.5,384926
20200926SKSS0-20200926SKSS0-006-04,-3.1,384933
20200926SKSS0-20200926SKSS0-007-01,-4.0,307533
20200926SKSS0-20200926SKSS0-007-02,-3.5,307698
20200926SKSS0-20200926SKSS0-008-01,-3.8,307427
20200926SKSS0-20200926SKSS0-008-02,-4.0,307431
20200926SKSS0-20200926SKSS0-009-01,-3.6,307451
20200926SKSS0-20200926SKSS0-009-02,-3.0,307458
20200926SKSS0-20200926SKSS0-009-03,-3.9,307464
20200926SKSS0-20200926SKSS0-009-05,-4.0,307474
20200926SKSS0-20200926SKSS0-010-05,-3.1,384960
20200926SKSS0-20200926SKSS0-010-06,-3.3,384965
20200926SKSS0-20200926SKSS0-010-07,-3.2,384970
20200926SKSS0-20200926SKSS0-012-03,-4.1,384923
20200926SKSS0-20200926SKSS0-012-04,-3.3,384931
20200926SKSS0-20200926SKSS0-013-02,-3.8,307429
20200926SKSS0-20200926SKSS0-013-03,-4.0,307435
20200926SKSS0-20200926SKSS0-013-05,-3.7,307449
20200926SKSS0-20200926SKSS0-013-07,-4.0,307494
20200926SKSS0-20200926SKSS0-014-02,-4.2,307507
20200926SKSS0-20200926SKSS0-014-03,-3.4,307512
20200926SKSS0-20200926SKSS0-014-04,-3.5,307516
20200926SKSS0-20200926SKSS0-014-05,-3.0,307523
20200926SKSS0-20200926SKSS0-014-06,-4.0,307528
20200926SKSS0-20200926SKSS0-014-07,-3.3,307529
20201021SSKT0-20201021SSKT0-052-03,-4.4,533124
20210522HTSS0-20210522HTSS0-076-02,9.7,547291
20210610NCLG0-20210610NCLG0-002-03,9.2,538042
20210827HHWO0-20210827HHWO0-005-01,-12.9,597932
20210917HHWO0-20210917HHWO0-048-01,-8.6,748796
20210918LTHH0-20210918LTHH0-005-01,-3.9,797320
20210924LTSK1-20210924LTSK1-039-02,4.7,609172
20210925NCSS0-20210925NCSS0-018-01,3.2,793288
20220511OBWO0-20220511OBWO0-056-01,3.7,871700
20220621OBSK0-20220621OBSK0-007-02,-3.0,1036412
20220820SKWO0-20220820SKWO0-092-01,4.8,1090263
20220825SSLT0-20220825SSLT0-078-04,-6.1,1084952
20220918OBSK0-20220918OBSK0-066-01,-3.5,1008109
20221002OBLT0-20221002OBLT0-027-02,10.3,993185
20221008LGLT0-20221008LGLT0-001-03,-3.3,934185
20221008LGLT0-20221008LGLT0-010-03,-7.4,934109
20230404LGWO0-20230404LGWO0-044-05,14.1,1302118
20230815SKLT0-20230815SKLT0-019-03,-13.7,1255001
20240419SSHH0-20240419SSHH0-057-06,3.0,1665227
20240504OBLG0-20240504OBLG0-018-02,3.3,1704320
20240504OBLG0-20240504OBLG0-018-03,3.4,1704324
20240504OBLG0-20240504OBLG0-023-02,-11.3,1545909
20240504OBLG0-20240504OBLG0-049-02,-13.7,1704327
20240504OBLG0-20240504OBLG0-049-03,12.6,1704333
20240504OBLG0-20240504OBLG0-049-05,-14.7,1704396
20240504OBLG0-20240504OBLG0-049-07,16.2,1704413
20240504OBLG0-20240504OBLG0-072-02,-22.6,1525945
20240504OBLG0-20240504OBLG0-072-03,4.7,1524980
20240504OBLG0-20240504OBLG0-073-04,16.2,1775346
