season,game_id,pitch_id,naver_pitch_id,naver_code,naver_phrase,vb_call,vb_count_before,naver_count_before,naver_count_after,match_status,gate,ends_pa
2019,20190323LGHT0,20190323LGHT0-20190323LGHT0-028-01,190323_150827,W,번트파울,B,0-0,0-0,0-1,matched_context,pass,False
2019,20190327HHHT0,20190327HHHT0-20190327HHHT0-046-02,190327_201817,W,번트파울,B,1-0,1-0,1-1,matched_context,pass,False
2019,20190328HHHT0,20190328HHHT0-20190328HHHT0-037-02,190328_200052,W,번트파울,B,0-1,0-1,0-2,matched_context,pass,False
2019,20190328HHHT0,20190328HHHT0-20190328HHHT0-048-01,190328_202847,W,번트파울,B,0-0,0-0,0-1,matched_context,pass,False
2019,20190405WOHT0,20190405WOHT0-20190405WOHT0-049-01,190405_202754,W,번트파울,B,0-0,0-0,0-1,matched_context,pass,False
2019,20190405WOHT0,20190405WOHT0-20190405WOHT0-050-02,190405_203039,W,번트파울,B,1-0,1-0,1-1,matched_context,pass,False
2019,20190406WOHT0,20190406WOHT0-20190406WOHT0-045-01,190406_184122,W,번트파울,B,0-0,0-0,0-1,matched_context,pass,False
2019,20190406WOHT0,20190406WOHT0-20190406WOHT0-046-05,190406_184825,W,번트파울,B,3-1,3-1,3-2,matched_context,pass,False
2019,20190410NCHT0,20190410NCHT0-20190410NCHT0-062-01,190410_210930,W,번트파울,B,0-0,0-0,0-1,matched_context,pass,False
2019,20190410NCHT0,20190410NCHT0-20190410NCHT0-062-04,190410_211159,W,번트파울,B,3-0,2-1,2-2,matched_context,pass,False
2019,20190411NCHT0,20190411NCHT0-20190411NCHT0-054-01,190411_202526,W,번트파울,B,0-0,0-0,0-1,matched_context,pass,False
2019,20190411NCHT0,20190411NCHT0-20190411NCHT0-054-02,190411_202708,W,번트파울,B,1-0,0-1,0-2,matched_context,pass,False
2019,20190419OBHT0,20190419OBHT0-20190419OBHT0-022-02,190419_193309,W,번트파울,B,1-0,1-0,1-1,matched_context,pass,False
2019,20190420OBHT0,20190420OBHT0-20190420OBHT0-039-01,190420_183120,W,번트파울,B,0-0,0-0,0-1,matched_context,pass,False
2019,20190421OBHT0,20190421OBHT0-20190421OBHT0-050-01,190421_154824,W,번트파울,B,0-0,0-0,0-1,matched_context,pass,False
2019,20190430SSHT0,20190430SSHT0-20190430SSHT0-005-01,190430_183647,W,번트파울,B,0-0,0-0,0-1,matched_context,pass,False
2019,20190502SSHT0,20190502SSHT0-20190502SSHT0-005-02,190502_183847,W,번트파울,B,1-0,1-0,1-1,matched_context,pass,False
2019,20190511SKHT0,20190511SKHT0-20190511SKHT0-042-02,190511_183252,W,번트파울,B,1-0,1-0,1-1,matched_context,pass,False
2019,20190512SKHT0,20190512SKHT0-20190512SKHT0-030-01,190512_152353,W,번트파울,B,0-0,0-0,0-1,matched_context,pass,False
2019,20190512SKHT0,20190512SKHT0-20190512SKHT0-036-02,190512_154047,W,번트파울,B,0-1,0-1,0-2,matched_context,pass,False
2019,20190515KTHT0,20190515KTHT0-20190515KTHT0-035-03,190515_195547,W,번트파울,B,1-1,1-1,1-2,matched_context,pass,False
2019,20190515KTHT0,20190515KTHT0-20190515KTHT0-078-02,190515_213347,W,번트파울,B,1-0,1-0,1-1,matched_context,pass,False
2019,20190515KTHT0,20190515KTHT0-20190515KTHT0-078-03,190515_213456,W,번트파울,B,2-0,1-1,1-2,matched_context,pass,False
2019,20190516KTHT0,20190516KTHT0-20190516KTHT0-002-01,190516_183207,W,번트파울,B,0-0,0-0,0-1,matched_context,pass,False
2019,20190521LTHT0,20190521LTHT0-20190521LTHT0-027-01,190521_193629,W,번트파울,B,0-0,0-0,0-1,matched_context,pass,False
2019,20190522LTHT0,20190522LTHT0-20190522LTHT0-047-02,190522_202000,W,번트파울,B,1-0,1-0,1-1,matched_context,pass,False
2019,20190522LTHT0,20190522LTHT0-20190522LTHT0-058-01,190522_210011,W,번트파울,B,0-0,0-0,0-1,matched_context,pass,False
2019,20190524KTHT0,20190524KTHT0-20190524KTHT0-066-01,190524_211030,W,번트파울,B,0-0,0-0,0-1,matched_context,pass,False
2019,20190525KTHT0,20190525KTHT0-20190525KTHT0-001-02,190525_170048,W,번트파울,B,0-1,0-1,0-2,matched_context,pass,False
2019,20190525KTHT0,20190525KTHT0-20190525KTHT0-014-01,190525_172919,W,번트파울,B,0-0,0-0,0-1,matched_context,pass,False
2019,20190525KTHT0,20190525KTHT0-20190525KTHT0-025-01,190525_175152,W,번트파울,B,0-0,0-0,0-1,matched_context,pass,False
2019,20190531WOHT0,20190531WOHT0-20190531WOHT0-016-01,190531_185838,W,번트파울,B,0-0,0-0,0-1,matched_context,pass,False
2019,20190531WOHT0,20190531WOHT0-20190531WOHT0-053-01,190531_203437,W,번트파울,B,0-0,0-0,0-1,matched_context,pass,False
2019,20190604OBHT0,20190604OBHT0-20190604OBHT0-018-02,190604_190937,W,번트파울,B,0-1,0-1,0-2,matched_context,pass,False
2019,20190604OBHT0,20190604OBHT0-20190604OBHT0-069-02,190604_212100,W,번트파울,B,0-1,0-1,0-2,matched_context,pass,False
2019,20190605OBHT0,20190605OBHT0-20190605OBHT0-029-01,190605_193129,W,번트파울,B,0-0,0-0,0-1,matched_context,pass,False
2019,20190605OBHT0,20190605OBHT0-20190605OBHT0-061-01,190605_205959,W,번트파울,B,0-0,0-0,0-1,matched_context,pass,False
2019,20190605OBHT0,20190605OBHT0-20190605OBHT0-066-02,190605_212314,W,번트파울,B,1-0,1-0,1-1,matched_context,pass,False
2019,20190612SSHT0,20190612SSHT0-20190612SSHT0-038-02,190612_195712,W,번트파울,B,0-1,0-1,0-2,matched_context,pass,False
2019,20190612SSHT0,20190612SSHT0-20190612SSHT0-046-01,190612_201908,W,번트파울,B,0-0,0-0,0-1,matched_context,pass,False
2019,20190613SSHT0,20190613SSHT0-20190613SSHT0-015-01,190613_190042,W,번트파울,B,0-0,0-0,0-1,matched_context,pass,False
2019,20190613SSHT0,20190613SSHT0-20190613SSHT0-025-01,190613_192633,W,번트파울,B,0-0,0-0,0-1,matched_context,pass,False
2019,20190613SSHT0,20190613SSHT0-20190613SSHT0-068-02,190613_212225,W,번트파울,B,0-1,0-1,0-2,matched_context,pass,False
2019,20190620SKHT0,20190620SKHT0-20190620SKHT0-027-02,190620_192708,W,번트파울,B,1-0,1-0,1-1,matched_context,pass,False
2019,20190620SKHT0,20190620SKHT0-20190620SKHT0-056-01,190620_203821,W,번트파울,B,0-0,0-0,0-1,matched_context,pass,False
2019,20190702NCHT0,20190702NCHT0-20190702NCHT0-064-04,190702_205829,W,번트파울,B,2-1,2-1,2-2,matched_without_pitcher,pass,False
2019,20190703NCHT0,20190703NCHT0-20190703NCHT0-030-02,190703_194821,W,번트파울,B,1-0,1-0,1-1,matched_context,pass,False
2019,20190704NCHT0,20190704NCHT0-20190704NCHT0-025-03,190704_192748,W,번트파울,B,1-1,1-1,1-2,matched_context,pass,False
2019,20190705LGHT0,20190705LGHT0-20190705LGHT0-043-01,190705_200639,W,번트파울,B,0-0,0-0,0-1,matched_context,pass,False
2019,20190705LGHT0,20190705LGHT0-20190705LGHT0-063-01,190705_205942,W,번트파울,B,0-0,0-0,0-1,matched_context,pass,False
2019,20190707LGHT0,20190707LGHT0-20190707LGHT0-002-02,190707_185312,W,번트파울,B,1-0,1-0,1-1,matched_context,pass,False
2019,20190707LGHT0,20190707LGHT0-20190707LGHT0-017-02,190707_192722,W,번트파울,B,0-1,0-1,0-2,matched_context,pass,False
2019,20190707LGHT0,20190707LGHT0-20190707LGHT0-069-01,190707_214806,W,번트파울,B,0-0,0-0,0-1,matched_context,pass,False
2019,20190717LTHT0,20190717LTHT0-20190717LTHT0-042-01,190717_200536,W,번트파울,B,0-0,0-0,0-1,matched_context,pass,False
2019,20190717LTHT0,20190717LTHT0-20190717LTHT0-042-02,190717_200612,W,번트파울,B,1-0,0-1,0-2,matched_context,pass,False
2019,20190718LTHT0,20190718LTHT0-20190718LTHT0-049-01,190718_203318,W,번트파울,B,0-0,0-0,0-1,matched_context,pass,False
2019,20190803NCHT0,20190803NCHT0-20190803NCHT0-017-02,190803_184330,W,번트파울,B,1-0,1-0,1-1,matched_context,pass,False
2019,20190803NCHT0,20190803NCHT0-20190803NCHT0-054-03,190803_202129,W,번트파울,B,1-1,1-1,1-2,matched_context,pass,False
2019,20190809HHHT0,20190809HHHT0-20190809HHHT0-022-03,190809_193034,W,번트파울,B,1-1,1-1,1-2,matched_context,pass,False
2019,20190809HHHT0,20190809HHHT0-20190809HHHT0-048-03,190809_204544,W,번트파울,B,1-1,1-1,1-2,matched_context,pass,False
2019,20190813OBHT0,20190813OBHT0-20190813OBHT0-002-04,190813_183254,W,번트파울,B,2-1,2-1,2-2,matched_context,pass,False
2019,20190813OBHT0,20190813OBHT0-20190813OBHT0-035-02,190813_195528,W,번트파울,B,1-0,1-0,1-1,matched_context,pass,False
2019,20190813OBHT0,20190813OBHT0-20190813OBHT0-048-01,190813_203142,W,번트파울,B,0-0,0-0,0-1,matched_context,pass,False
2019,20190813OBHT0,20190813OBHT0-20190813OBHT0-052-01,190813_204542,W,번트파울,B,0-0,0-0,0-1,matched_context,pass,False
2019,20190816SKHT0,20190816SKHT0-20190816SKHT0-017-01,190816_191355,W,번트파울,B,0-0,0-0,0-1,matched_context,pass,False
2019,20190817KTHT0,20190817KTHT0-20190817KTHT0-075-01,190817_210120,W,번트파울,B,0-0,0-0,0-1,matched_context,pass,False
2019,20190818KTHT0,20190818KTHT0-20190818KTHT0-048-01,190818_185009,W,번트파울,B,0-0,0-0,0-1,matched_context,pass,False
2019,20190818KTHT0,20190818KTHT0-20190818KTHT0-048-03,190818_185128,W,번트파울,B,2-0,1-1,1-2,matched_context,pass,False
2019,20190818KTHT0,20190818KTHT0-20190818KTHT0-049-01,190818_185545,W,번트파울,B,0-0,0-0,0-1,matched_context,pass,False
2019,20190828SSHT0,20190828SSHT0-20190828SSHT0-039-01,190828_200313,W,번트파울,B,0-0,0-0,0-1,matched_context,pass,False
2019,20190828SSHT0,20190828SSHT0-20190828SSHT0-043-03,190828_201752,W,번트파울,B,1-1,1-1,1-2,matched_context,pass,False
2019,20190828SSHT0,20190828SSHT0-20190828SSHT0-072-01,190828_213137,W,번트파울,B,0-0,0-0,0-1,matched_context,pass,False
2019,20190901LTHT0,20190901LTHT0-20190901LTHT0-039-01,190901_152214,W,번트파울,B,0-0,0-0,0-1,matched_context,pass,False
2019,20190918LTHT0,20190918LTHT0-20190918LTHT0-030-02,190918_193017,W,번트파울,B,0-1,0-1,0-2,matched_context,pass,False
2019,20190928LGHT0,20190928LGHT0-20190928LGHT0-022-03,190928_174503,W,번트파울,B,1-1,1-1,1-2,matched_context,pass,False
2019,20190928LGHT0,20190928LGHT0-20190928LGHT0-033-01,190928_180917,W,번트파울,B,0-0,0-0,0-1,matched_context,pass,False
2020,20200505WOHT0,20200505WOHT0-20200505WOHT0-018-01,200505_144905,W,번트파울,B,0-0,0-0,0-1,matched_context,pass,False
2020,20200507WOHT0,20200507WOHT0-20200507WOHT0-023-02,200507_192144,W,번트파울,B,0-1,0-1,0-2,matched_context,pass,False
2020,20200507WOHT0,20200507WOHT0-20200507WOHT0-040-02,200507_200501,W,번트파울,B,0-1,0-1,0-2,matched_context,pass,False
2020,20200507WOHT0,20200507WOHT0-20200507WOHT0-070-01,200507_212201,W,번트파울,B,0-0,0-0,0-1,matched_context,pass,False
2020,20200517OBHT0,20200517OBHT0-20200517OBHT0-011-02,200517_142003,W,번트파울,B,0-1,0-1,0-2,matched_context,pass,False
2020,20200517OBHT0,20200517OBHT0-20200517OBHT0-039-02,200517_152629,W,번트파울,B,0-1,0-1,0-2,matched_context,pass,False
2020,20200519LTHT0,20200519LTHT0-20200519LTHT0-015-02,200519_185858,W,번트파울,B,0-1,0-1,0-2,matched_context,pass,False
2020,20200520LTHT0,20200520LTHT0-20200520LTHT0-025-04,200520_192218,W,번트파울,B,2-1,2-1,2-2,matched_context,pass,False
2020,20200520LTHT0,20200520LTHT0-20200520LTHT0-046-01,200520_202125,W,번트파울,B,0-0,0-0,0-1,matched_context,pass,False
2020,20200521LTHT0,20200521LTHT0-20200521LTHT0-014-02,200521_185546,W,번트파울,B,0-1,0-1,0-2,matched_context,pass,False
2020,20200531LGHT0,20200531LGHT0-20200531LGHT0-062-01,200531_163527,W,번트파울,B,0-0,0-0,0-1,matched_context,pass,False
2020,20200604LTHT0,20200604LTHT0-20200604LTHT0-018-05,200604_191105,W,번트파울,B,3-1,3-1,3-2,matched_context,pass,False
2020,20200604LTHT0,20200604LTHT0-20200604LTHT0-041-01,200604_200518,W,번트파울,B,0-0,0-0,0-1,matched_context,pass,False
2020,20200616NCHT0,20200616NCHT0-20200616NCHT0-058-02,200616_210740,W,번트파울,B,1-0,1-0,1-1,matched_context,pass,False
2020,20200617NCHT0,20200617NCHT0-20200617NCHT0-060-01,200617_205952,W,번트파울,B,0-0,0-0,0-1,matched_context,pass,False
2020,20200619SSHT0,20200619SSHT0-20200619SSHT0-031-02,200619_194803,W,번트파울,B,1-0,1-0,1-1,matched_context,pass,False
2020,20200620SSHT0,20200620SSHT0-20200620SSHT0-058-01,200620_193705,W,번트파울,B,0-0,0-0,0-1,matched_context,pass,False
2020,20200701HHHT0,20200701HHHT0-20200701HHHT0-052-02,200701_203556,W,번트파울,B,0-1,0-1,0-2,matched_context,pass,False
2020,20200701HHHT0,20200701HHHT0-20200701HHHT0-053-02,200701_203852,W,번트파울,B,1-0,1-0,1-1,matched_context,pass,False
2020,20200701HHHT0,20200701HHHT0-20200701HHHT0-053-03,200701_203945,W,번트파울,B,2-0,1-1,1-2,matched_context,pass,False
2020,20200702HHHT0,20200702HHHT0-20200702HHHT0-076-01,200702_213803,W,번트파울,B,0-0,0-0,0-1,matched_context,pass,False
2020,20200710WOHT0,20200710WOHT0-20200710WOHT0-053-01,200710_202555,W,번트파울,B,0-0,0-0,0-1,matched_context,pass,False
2020,20200725SSHT0,20200725SSHT0-20200725SSHT0-015-02,200725_183607,W,번트파울,B,1-0,1-0,1-1,matched_context,pass,False
2020,20200730KTHT0,20200730KTHT0-20200730KTHT0-057-01,200730_204918,W,번트파울,B,0-0,0-0,0-1,matched_context,pass,False
2020,20200806LGHT0,20200806LGHT0-20200806LGHT0-036-02,200806_195405,W,번트파울,B,1-0,1-0,1-1,matched_context,pass,False
2020,20200806LGHT0,20200806LGHT0-20200806LGHT0-036-03,200806_195452,W,번트파울,B,2-0,1-1,1-2,matched_context,pass,False
2020,20200821NCHT0,20200821NCHT0-20200821NCHT0-047-02,200821_202324,W,번트파울,B,0-1,0-1,0-2,matched_context,pass,False
2020,20200821NCHT0,20200821NCHT0-20200821NCHT0-073-01,200821_212157,W,번트파울,B,0-0,0-0,0-1,matched_context,pass,False
2020,20200830KTHT2,20200830KTHT2-20200830KTHT2-008-01,200830_180819,W,번트파울,B,0-0,0-0,0-1,matched_context,pass,False
2020,20200901SSHT0,20200901SSHT0-20200901SSHT0-004-04,200901_183644,W,번트파울,B,2-1,2-1,2-2,matched_context,pass,False
2020,20200901SSHT0,20200901SSHT0-20200901SSHT0-062-01,200901_210519,W,번트파울,B,0-0,0-0,0-1,matched_context,pass,False
2020,20200901SSHT0,20200901SSHT0-20200901SSHT0-062-02,200901_210618,W,번트파울,B,1-0,0-1,0-2,matched_context,pass,False
2020,20200901SSHT0,20200901SSHT0-20200901SSHT0-062-03,200901_210731,W,번트파울,B,2-0,0-2,0-3,matched_context,pass,True
2020,20200908LGHT0,20200908LGHT0-20200908LGHT0-044-02,200908_201843,W,번트파울,B,1-0,1-0,1-1,matched_context,pass,False
2020,20200915SKHT0,20200915SKHT0-20200915SKHT0-026-01,200915_193944,W,번트파울,B,0-0,0-0,0-1,matched_context,pass,False
2020,20200919HHHT0,20200919HHHT0-20200919HHHT0-021-01,200919_174532,W,번트파울,B,0-0,0-0,0-1,matched_context,pass,False
2020,20200920HHHT0,20200920HHHT0-20200920HHHT0-023-03,200920_145115,W,번트파울,B,1-1,1-1,1-2,matched_context,pass,False
2020,20200920HHHT0,20200920HHHT0-20200920HHHT0-054-01,200920_162314,W,번트파울,B,0-0,0-0,0-1,matched_context,pass,False
2020,20200922WOHT0,20200922WOHT0-20200922WOHT0-058-01,200922_203923,W,번트파울,B,0-0,0-0,0-1,matched_context,pass,False
2020,20200927LTHT0,20200927LTHT0-20200927LTHT0-067-01,200927_165903,W,번트파울,B,0-0,0-0,0-1,matched_context,pass,False
2020,20200927LTHT0,20200927LTHT0-20200927LTHT0-067-02,200927_165939,W,번트파울,B,1-0,0-1,0-2,matched_context,pass,False
2020,20200927LTHT0,20200927LTHT0-20200927LTHT0-072-02,200927_171459,W,번트파울,B,1-0,1-0,1-1,matched_context,pass,False
2020,20201006HHHT0,20201006HHHT0-20201006HHHT0-031-02,201006_193657,W,번트파울,B,1-0,1-0,1-1,matched_context,pass,False
2020,20201006HHHT0,20201006HHHT0-20201006HHHT0-031-03,201006_193727,W,번트파울,B,2-0,1-1,1-2,matched_context,pass,False
2020,20201011SKHT0,20201011SKHT0-20201011SKHT0-085-02,201011_172943,W,번트파울,B,1-0,1-0,1-1,matched_context,pass,False
2020,20201011SKHT0,20201011SKHT0-20201011SKHT0-085-03,201011_173022,W,번트파울,B,2-0,1-1,1-2,matched_context,pass,False
2020,20201011SKHT0,20201011SKHT0-20201011SKHT0-104-01,201011_180912,W,번트파울,B,0-0,0-0,0-1,matched_context,pass,False
2020,20201011SKHT0,20201011SKHT0-20201011SKHT0-105-03,201011_181441,W,번트파울,B,2-0,2-0,2-1,matched_context,pass,False
2020,20201023LGHT0,20201023LGHT0-20201023LGHT0-074-01,201023_213601,W,번트파울,B,0-0,0-0,0-1,matched_context,pass,False
2020,20201024SSHT0,20201024SSHT0-20201024SSHT0-071-04,201024_193928,W,번트파울,B,2-1,2-1,2-2,matched_context,pass,False
2020,20201027KTHT0,20201027KTHT0-20201027KTHT0-069-01,201027_211613,W,번트파울,B,0-0,0-0,0-1,matched_context,pass,False
2020,20201027KTHT0,20201027KTHT0-20201027KTHT0-069-02,201027_211729,W,번트파울,B,1-0,0-1,0-2,matched_context,pass,False
2020,20201027KTHT0,20201027KTHT0-20201027KTHT0-070-01,201027_211907,W,번트파울,B,0-0,0-0,0-1,matched_context,pass,False
2020,20201028KTHT0,20201028KTHT0-20201028KTHT0-073-01,201028_212128,W,번트파울,B,0-0,0-0,0-1,matched_context,pass,False
2020,20201028KTHT0,20201028KTHT0-20201028KTHT0-073-02,201028_212230,W,번트파울,B,1-0,0-1,0-2,matched_context,pass,False
2020,20201028KTHT0,20201028KTHT0-20201028KTHT0-081-01,201028_214537,W,번트파울,B,0-0,0-0,0-1,matched_context,pass,False
2021,20210409NCHT0,20210409NCHT0-20210409NCHT0-029-01,210409_194652,W,번트파울,B,0-0,0-0,0-1,matched_context,pass,False
2021,20210411NCHT0,20210411NCHT0-20210411NCHT0-063-02,210411_163624,W,번트파울,B,1-0,1-0,1-1,matched_context,pass,False
2021,20210423SSHT0,20210423SSHT0-20210423SSHT0-020-03,210423_191616,W,번트파울,B,1-1,1-1,1-2,matched_context,pass,False
2021,20210424SSHT0,20210424SSHT0-20210424SSHT0-043-01,210424_183909,W,번트파울,B,0-0,0-0,0-1,matched_context,pass,False
2021,20210424SSHT0,20210424SSHT0-20210424SSHT0-048-01,210424_185438,W,번트파울,B,0-0,0-0,0-1,matched_context,pass,False
2021,20210424SSHT0,20210424SSHT0-20210424SSHT0-060-02,210424_193224,W,번트파울,B,1-0,1-0,1-1,matched_context,pass,False
2021,20210425SSHT0,20210425SSHT0-20210425SSHT0-063-01,210425_163330,W,번트파울,B,0-0,0-0,0-1,matched_context,pass,False
2021,20210429HHHT0,20210429HHHT0-20210429HHHT0-014-01,210429_190049,W,번트파울,B,0-0,0-0,0-1,matched_context,pass,False
2021,20210429HHHT0,20210429HHHT0-20210429HHHT0-014-03,210429_190202,W,번트파울,B,2-0,1-1,1-2,matched_context,pass,False
2021,20210429HHHT0,20210429HHHT0-20210429HHHT0-040-01,210429_201055,W,번트파울,B,0-0,0-0,0-1,matched_context,pass,False
2021,20210429HHHT0,20210429HHHT0-20210429HHHT0-071-01,210429_214534,W,번트파울,B,0-0,0-0,0-1,matched_context,pass,False
2021,20210429HHHT0,20210429HHHT0-20210429HHHT0-071-02,210429_214622,W,번트파울,B,1-0,0-1,0-2,matched_context,pass,False
2021,20210508OBHT0,20210508OBHT0-20210508OBHT0-061-01,210508_191237,W,번트파울,B,0-0,0-0,0-1,matched_context,pass,False
2021,20210518SKHT0,20210518SKHT0-20210518SKHT0-021-01,210518_190915,W,번트파울,B,0-0,0-0,0-1,matched_context,pass,False
2021,20210518SKHT0,20210518SKHT0-20210518SKHT0-032-02,210518_193609,W,번트파울,B,1-0,1-0,1-1,matched_context,pass,False
2021,20210519SKHT0,20210519SKHT0-20210519SKHT0-022-01,210519_144948,W,번트파울,B,0-0,0-0,0-1,matched_context,pass,False
2021,20210519SKHT0,20210519SKHT0-20210519SKHT0-048-02,210519_155813,W,번트파울,B,1-0,1-0,1-1,matched_context,pass,False
2021,20210519SKHT0,20210519SKHT0-20210519SKHT0-069-01,210519_165440,W,번트파울,B,0-0,0-0,0-1,matched_context,pass,False
2021,20210528KTHT0,20210528KTHT0-20210528KTHT0-035-03,210528_194956,W,번트파울,B,1-1,1-1,1-2,matched_context,pass,False
2021,20210528KTHT0,20210528KTHT0-20210528KTHT0-079-01,210528_215244,W,번트파울,B,0-0,0-0,0-1,matched_context,pass,False
2021,20210529KTHT0,20210529KTHT0-20210529KTHT0-036-01,210529_183212,W,번트파울,B,0-0,0-0,0-1,matched_context,pass,False
2021,20210529KTHT0,20210529KTHT0-20210529KTHT0-036-02,210529_183257,W,번트파울,B,1-0,0-1,0-2,matched_context,pass,False
2021,20210529KTHT0,20210529KTHT0-20210529KTHT0-072-01,210529_203108,W,번트파울,B,0-0,0-0,0-1,matched_context,pass,False
2021,20210529KTHT0,20210529KTHT0-20210529KTHT0-078-01,210529_204810,W,번트파울,B,0-0,0-0,0-1,matched_context,pass,False
2021,20210529KTHT0,20210529KTHT0-20210529KTHT0-078-02,210529_204949,W,번트파울,B,1-0,0-1,0-2,matched_context,pass,False
2021,20210604LGHT0,20210604LGHT0-20210604LGHT0-040-04,210604_202224,W,번트파울,B,2-1,2-1,2-2,matched_context,pass,False
2021,20210604LGHT0,20210604LGHT0-20210604LGHT0-054-01,210604_211031,W,번트파울,B,0-0,0-0,0-1,matched_context,pass,False
2021,20210604LGHT0,20210604LGHT0-20210604LGHT0-060-03,210604_212948,W,번트파울,B,1-1,1-1,1-2,matched_context,pass,False
2021,20210606LGHT0,20210606LGHT0-20210606LGHT0-004-05,210606_170958,W,번트파울,B,3-1,3-1,3-2,matched_context,pass,False
2021,20210616SKHT2,20210616SKHT2-20210616SKHT2-068-01,210616_214125,W,번트파울,B,0-0,0-0,0-1,matched_context,pass,False
2021,20210701NCHT0,20210701NCHT0-20210701NCHT0-020-01,210701_190654,W,번트파울,B,0-0,0-0,0-1,matched_context,pass,False
2021,20210701NCHT0,20210701NCHT0-20210701NCHT0-060-01,210701_205058,W,번트파울,B,0-0,0-0,0-1,matched_context,pass,False
2021,20210711KTHT0,20210711KTHT0-20210711KTHT0-047-02,210711_193335,W,번트파울,B,1-0,1-0,1-1,matched_context,pass,False
2021,20210810HHHT0,20210810HHHT0-20210810HHHT0-035-03,210810_195539,W,번트파울,B,1-1,1-1,1-2,matched_context,pass,False
2021,20210810HHHT0,20210810HHHT0-20210810HHHT0-066-02,210810_212257,W,번트파울,B,1-0,1-0,1-1,matched_context,pass,False
2021,20210811HHHT0,20210811HHHT0-20210811HHHT0-038-05,210811_195157,W,번트파울,B,3-1,3-1,3-2,matched_context,pass,False
2021,20210820WOHT0,20210820WOHT0-20210820WOHT0-032-01,210820_194512,W,번트파울,B,0-0,0-0,0-1,matched_context,pass,False
2021,20210820WOHT0,20210820WOHT0-20210820WOHT0-046-01,210820_201449,W,번트파울,B,0-0,0-0,0-1,matched_context,pass,False
2021,20210822WOHT0,20210822WOHT0-20210822WOHT0-038-02,210822_183303,W,번트파울,B,1-0,1-0,1-1,matched_context,pass,False
2021,20210824WOHT0,20210824WOHT0-20210824WOHT0-065-03,210824_212036,W,번트파울,B,1-1,1-1,1-2,matched_context,pass,False
2021,20210825LTHT0,20210825LTHT0-20210825LTHT0-072-01,210825_225932,W,번트파울,B,0-0,0-0,0-1,matched_context,pass,False
2021,20210826LTHT0,20210826LTHT0-20210826LTHT0-054-02,210826_211020,W,번트파울,B,1-0,1-0,1-1,matched_context,pass,False
2021,20210826LTHT0,20210826LTHT0-20210826LTHT0-054-04,210826_211125,W,번트파울,B,3-0,2-1,2-2,matched_context,pass,False
2021,20210826LTHT0,20210826LTHT0-20210826LTHT0-058-05,210826_212240,W,번트파울,B,3-1,3-1,3-2,matched_context,pass,False
2021,20210902SSHT0,20210902SSHT0-20210902SSHT0-016-02,210902_191026,W,번트파울,B,1-0,1-0,1-1,matched_context,pass,False
2021,20210902SSHT0,20210902SSHT0-20210902SSHT0-049-03,210902_202208,W,번트파울,B,1-1,1-1,1-2,matched_context,pass,False
2021,20210914LTHT0,20210914LTHT0-20210914LTHT0-030-01,210914_192807,W,번트파울,B,0-0,0-0,0-1,matched_context,pass,False
2021,20210915LTHT1,20210915LTHT1-20210915LTHT1-034-01,210915_161714,W,번트파울,B,0-0,0-0,0-1,matched_context,pass,False
2021,20210915LTHT2,20210915LTHT2-20210915LTHT2-049-02,210915_203106,W,번트파울,B,0-1,0-1,0-2,matched_context,pass,False
2021,20210915LTHT2,20210915LTHT2-20210915LTHT2-074-04,210915_214331,W,번트파울,B,2-1,2-1,2-2,matched_context,pass,False
2021,20210921KTHT0,20210921KTHT0-20210921KTHT0-029-01,210921_150912,W,번트파울,B,0-0,0-0,0-1,matched_context,pass,False
2021,20210923OBHT0,20210923OBHT0-20210923OBHT0-062-01,210923_210408,W,번트파울,B,0-0,0-0,0-1,matched_context,pass,False
2021,20210924OBHT0,20210924OBHT0-20210924OBHT0-001-01,210924_183001,W,번트파울,B,0-0,0-0,0-1,matched_context,pass,False
2021,20210925SKHT0,20210925SKHT0-20210925SKHT0-033-01,210925_181452,W,번트파울,B,0-0,0-0,0-1,matched_context,pass,False
2021,20210926SKHT0,20210926SKHT0-20210926SKHT0-028-02,210926_150314,W,번트파울,B,0-1,0-1,0-2,matched_context,pass,False
2021,20210926SKHT0,20210926SKHT0-20210926SKHT0-049-02,210926_160537,W,번트파울,B,1-0,1-0,1-1,matched_context,pass,False
2021,20210926SKHT0,20210926SKHT0-20210926SKHT0-057-01,210926_163158,W,번트파울,B,0-0,0-0,0-1,matched_context,pass,False
2021,20210926SKHT0,20210926SKHT0-20210926SKHT0-069-02,210926_170439,W,번트파울,B,1-0,1-0,1-1,matched_context,pass,False
2021,20210926SKHT0,20210926SKHT0-20210926SKHT0-076-01,210926_172212,W,번트파울,B,0-0,0-0,0-1,matched_context,pass,False
2021,20210930WOHT0,20210930WOHT0-20210930WOHT0-014-01,210930_190450,W,번트파울,B,0-0,0-0,0-1,matched_context,pass,False
2021,20210930WOHT0,20210930WOHT0-20210930WOHT0-018-01,210930_191317,W,번트파울,B,0-0,0-0,0-1,matched_context,pass,False
2021,20211002HHHT0,20211002HHHT0-20211002HHHT0-003-02,211002_170458,W,번트파울,B,0-1,0-1,0-2,matched_context,pass,False
2021,20211002HHHT0,20211002HHHT0-20211002HHHT0-033-01,211002_182651,W,번트파울,B,0-0,0-0,0-1,matched_context,pass,False
2021,20211002HHHT0,20211002HHHT0-20211002HHHT0-055-01,211002_193038,W,번트파울,B,0-0,0-0,0-1,matched_context,pass,False
2021,20211002HHHT0,20211002HHHT0-20211002HHHT0-055-03,211002_193239,W,번트파울,B,2-0,1-1,1-2,matched_context,pass,False
2021,20211002HHHT0,20211002HHHT0-20211002HHHT0-067-01,211002_200357,W,번트파울,B,0-0,0-0,0-1,matched_context,pass,False
2021,20211002HHHT0,20211002HHHT0-20211002HHHT0-069-01,211002_200855,W,번트파울,B,0-0,0-0,0-1,matched_context,pass,False
2021,20211003HHHT0,20211003HHHT0-20211003HHHT0-003-01,211003_140530,W,번트파울,B,0-0,0-0,0-1,matched_context,pass,False
2021,20211003HHHT0,20211003HHHT0-20211003HHHT0-014-01,211003_143519,W,번트파울,B,0-0,0-0,0-1,matched_context,pass,False
2021,20211003HHHT0,20211003HHHT0-20211003HHHT0-070-01,211003_170532,W,번트파울,B,0-0,0-0,0-1,matched_context,pass,False
2021,20211003HHHT0,20211003HHHT0-20211003HHHT0-080-02,211003_173126,W,번트파울,B,1-0,1-0,1-1,matched_context,pass,False
2021,20211007LGHT0,20211007LGHT0-20211007LGHT0-024-01,211007_191528,W,번트파울,B,0-0,0-0,0-1,matched_context,pass,False
2021,20211007LGHT0,20211007LGHT0-20211007LGHT0-024-02,211007_191603,W,번트파울,B,1-0,0-1,0-2,matched_context,pass,False
2021,20211008LGHT0,20211008LGHT0-20211008LGHT0-052-01,211008_202805,W,번트파울,B,0-0,0-0,0-1,matched_context,pass,False
2021,20211013SSHT0,20211013SSHT0-20211013SSHT0-035-01,211013_194558,W,번트파울,B,0-0,0-0,0-1,matched_context,pass,False
2021,20211013SSHT0,20211013SSHT0-20211013SSHT0-035-02,211013_194715,W,번트파울,B,1-0,0-1,0-2,matched_context,pass,False
2021,20211014SSHT0,20211014SSHT0-20211014SSHT0-031-01,211014_194105,W,번트파울,B,0-0,0-0,0-1,matched_context,pass,False
2021,20211014SSHT0,20211014SSHT0-20211014SSHT0-031-03,211014_194147,W,번트파울,B,2-0,1-1,1-2,matched_context,pass,False
2021,20211019SKHT0,20211019SKHT0-20211019SKHT0-028-01,211019_193955,W,번트파울,B,0-0,0-0,0-1,matched_context,pass,False
2021,20211030WOHT0,20211030WOHT0-20211030WOHT0-049-01,211030_190015,W,번트파울,B,0-0,0-0,0-1,matched_context,pass,False
2022,20220402LGHT0,20220402LGHT0-20220402LGHT0-024-01,220402_145255,W,번트파울,B,0-0,0-0,0-1,matched_context,pass,False
2022,20220405HHHT0,20220405HHHT0-20220405HHHT0-052-03,220405_204910,W,번트파울,B,2-0,2-0,2-1,matched_context,pass,False
2022,20220406HHHT0,20220406HHHT0-20220406HHHT0-011-01,220406_185625,W,번트파울,B,0-0,0-0,0-1,matched_context,pass,False
2022,20220406HHHT0,20220406HHHT0-20220406HHHT0-052-01,220406_204407,W,번트파울,B,0-0,0-0,0-1,matched_context,pass,False
2022,20220406HHHT0,20220406HHHT0-20220406HHHT0-052-02,220406_204450,W,번트파울,B,1-0,0-1,0-2,matched_context,pass,False
2022,20220406HHHT0,20220406HHHT0-20220406HHHT0-074-01,220406_215603,W,번트파울,B,0-0,0-0,0-1,matched_context,pass,False
2022,20220414LTHT0,20220414LTHT0-20220414LTHT0-032-02,220414_194935,W,번트파울,B,1-0,1-0,1-1,matched_context,pass,False
2022,20220421OBHT0,20220421OBHT0-20220421OBHT0-017-02,220421_190659,W,번트파울,B,1-0,1-0,1-1,matched_context,pass,False
2022,20220429SSHT0,20220429SSHT0-20220429SSHT0-075-02,220429_213424,W,번트파울,B,1-0,1-0,1-1,matched_context,pass,False
2022,20220430SSHT0,20220430SSHT0-20220430SSHT0-030-03,220430_150720,W,번트파울,B,1-1,1-1,1-2,matched_context,pass,False
2022,20220501SSHT0,20220501SSHT0-20220501SSHT0-069-02,220501_163247,W,번트파울,B,0-1,0-1,0-2,matched_context,pass,False
2022,20220503WOHT0,20220503WOHT0-20220503WOHT0-045-01,220503_195912,W,번트파울,B,0-0,0-0,0-1,matched_context,pass,False
2022,20220504WOHT0,20220504WOHT0-20220504WOHT0-004-03,220504_183855,W,번트파울,B,1-1,1-1,1-2,matched_context,pass,False
2022,20220505WOHT0,20220505WOHT0-20220505WOHT0-044-01,220505_154100,W,번트파울,B,0-0,0-0,0-1,matched_context,pass,False
2022,20220510KTHT0,20220510KTHT0-20220510KTHT0-002-01,220510_183156,W,번트파울,B,0-0,0-0,0-1,matched_context,pass,False
2022,20220510KTHT0,20220510KTHT0-20220510KTHT0-003-01,220510_183512,W,번트파울,B,0-0,0-0,0-1,matched_context,pass,False
2022,20220510KTHT0,20220510KTHT0-20220510KTHT0-059-02,220510_205413,W,번트파울,B,0-1,0-1,0-2,matched_context,pass,False
2022,20220511KTHT0,20220511KTHT0-20220511KTHT0-013-01,220511_185822,W,번트파울,B,0-0,0-0,0-1,matched_context,pass,False
2022,20220512KTHT0,20220512KTHT0-20220512KTHT0-039-02,220512_195739,W,번트파울,B,1-0,1-0,1-1,matched_context,pass,False
2022,20220512KTHT0,20220512KTHT0-20220512KTHT0-039-04,220512_195859,W,번트파울,B,3-0,2-1,2-2,matched_context,pass,False
2022,20220520NCHT0,20220520NCHT0-20220520NCHT0-014-01,220520_185552,W,번트파울,B,0-0,0-0,0-1,matched_context,pass,False
2022,20220520NCHT0,20220520NCHT0-20220520NCHT0-066-01,220520_211150,W,번트파울,B,0-0,0-0,0-1,matched_context,pass,False
2022,20220527SKHT0,20220527SKHT0-20220527SKHT0-001-02,220527_183108,W,번트파울,B,0-1,0-1,0-2,matched_context,pass,False
2022,20220527SKHT0,20220527SKHT0-20220527SKHT0-040-01,220527_195933,W,번트파울,B,0-0,0-0,0-1,matched_context,pass,False
2022,20220527SKHT0,20220527SKHT0-20220527SKHT0-057-02,220527_204403,W,번트파울,B,0-1,0-1,0-2,matched_context,pass,False
2022,20220528SKHT0,20220528SKHT0-20220528SKHT0-002-01,220528_140305,W,번트파울,B,0-0,0-0,0-1,matched_context,pass,False
2022,20220608LGHT0,20220608LGHT0-20220608LGHT0-053-04,220608_203346,W,번트파울,B,2-1,2-1,2-2,matched_context,pass,False
2022,20220609LGHT0,20220609LGHT0-20220609LGHT0-022-01,220609_192717,W,번트파울,B,0-0,0-0,0-1,matched_context,pass,False
2022,20220610WOHT0,20220610WOHT0-20220610WOHT0-041-02,220610_200502,W,번트파울,B,1-0,1-0,1-1,matched_context,pass,False
2022,20220617SSHT0,20220617SSHT0-20220617SSHT0-036-02,220617_194525,W,번트파울,B,1-0,1-0,1-1,matched_context,pass,False
2022,20220618SSHT0,20220618SSHT0-20220618SSHT0-020-01,220618_173749,W,번트파울,B,0-0,0-0,0-1,matched_context,pass,False
2022,20220619SSHT0,20220619SSHT0-20220619SSHT0-030-01,220619_181856,W,번트파울,B,0-0,0-0,0-1,matched_context,pass,False
2022,20220621LTHT0,20220621LTHT0-20220621LTHT0-035-01,,W,번트파울,B,0-0,0-0,0-1,matched_context,pass,False
2022,20220622LTHT0,20220622LTHT0-20220622LTHT0-040-02,220622_195702,W,번트파울,B,0-1,0-1,0-2,matched_context,pass,False
2022,20220706KTHT0,20220706KTHT0-20220706KTHT0-067-01,220706_210424,W,번트파울,B,0-0,0-0,0-1,matched_context,pass,False
2022,20220709HHHT0,20220709HHHT0-20220709HHHT0-076-01,220709_212456,W,번트파울,B,0-0,0-0,0-1,matched_context,pass,False
2022,20220728NCHT0,20220728NCHT0-20220728NCHT0-031-01,220728_194922,W,번트파울,B,0-0,0-0,0-1,matched_context,pass,False
2022,20220728NCHT0,20220728NCHT0-20220728NCHT0-064-01,220728_211417,W,번트파울,B,0-0,0-0,0-1,matched_context,pass,False
2022,20220729SKHT0,20220729SKHT0-20220729SKHT0-004-04,220729_183612,W,번트파울,B,2-1,2-1,2-2,matched_context,pass,False
2022,20220730SKHT0,20220730SKHT0-20220730SKHT0-076-01,220730_210533,W,번트파울,B,0-0,0-0,0-1,matched_context,pass,False
2022,20220731SKHT0,20220731SKHT0-20220731SKHT0-033-01,220731_181743,W,번트파울,B,0-0,0-0,0-1,matched_context,pass,False
2022,20220805OBHT0,20220805OBHT0-20220805OBHT0-036-01,220805_195216,W,번트파울,B,0-0,0-0,0-1,matched_context,pass,False
2022,20220805OBHT0,20220805OBHT0-20220805OBHT0-050-02,220805_203023,W,번트파울,B,0-1,0-1,0-2,matched_context,pass,False
2022,20220806OBHT0,20220806OBHT0-20220806OBHT0-020-03,220806_184429,W,번트파울,B,1-1,1-1,1-2,matched_context,pass,False
2022,20220813LTHT0,20220813LTHT0-20220813LTHT0-021-01,220813_184358,W,번트파울,B,0-0,0-0,0-1,matched_context,pass,False
2022,20220813LTHT0,20220813LTHT0-20220813LTHT0-021-03,220813_184637,W,번트파울,B,2-0,1-1,1-2,matched_context,pass,False
2022,20220814LTHT0,20220814LTHT0-20220814LTHT0-044-01,220814_183105,W,번트파울,B,0-0,0-0,0-1,matched_context,pass,False
2022,20220818NCHT0,20220818NCHT0-20220818NCHT0-086-01,220818_220642,W,번트파울,B,0-0,0-0,0-1,matched_context,pass,False
2022,20220901SSHT0,20220901SSHT0-20220901SSHT0-029-02,220901_194215,W,번트파울,B,0-1,0-1,0-2,matched_context,pass,False
2022,20220901SSHT0,20220901SSHT0-20220901SSHT0-047-02,220901_203021,W,번트파울,B,1-0,1-0,1-1,matched_context,pass,False
2022,20220901SSHT0,20220901SSHT0-20220901SSHT0-047-03,220901_203055,W,번트파울,B,2-0,1-1,1-2,matched_context,pass,False
2022,20220901SSHT0,20220901SSHT0-20220901SSHT0-075-01,220901_214439,W,번트파울,B,0-0,0-0,0-1,matched_context,pass,False
2022,20220903KTHT0,20220903KTHT0-20220903KTHT0-037-01,220903_181847,W,번트파울,B,0-0,0-0,0-1,matched_context,pass,False
2022,20220903KTHT0,20220903KTHT0-20220903KTHT0-062-02,220903_193927,W,번트파울,B,1-0,1-0,1-1,matched_context,pass,False
2022,20220903KTHT0,20220903KTHT0-20220903KTHT0-066-01,220903_195059,W,번트파울,B,0-0,0-0,0-1,matched_context,pass,False
2022,20220904KTHT0,20220904KTHT0-20220904KTHT0-045-01,220904_154520,W,번트파울,B,0-0,0-0,0-1,matched_context,pass,False
2022,20220904KTHT0,20220904KTHT0-20220904KTHT0-045-02,220904_154553,W,번트파울,B,1-0,0-1,0-2,matched_context,pass,False
2022,20220913WOHT0,20220913WOHT0-20220913WOHT0-070-01,220913_213317,W,번트파울,B,0-0,0-0,0-1,matched_context,pass,False
2022,20220914WOHT0,20220914WOHT0-20220914WOHT0-018-04,220914_190349,W,번트파울,B,2-1,2-1,2-2,matched_context,pass,False
2022,20220915HHHT0,20220915HHHT0-20220915HHHT0-010-01,220915_184804,W,번트파울,B,0-0,0-0,0-1,matched_context,pass,False
2022,20220915HHHT0,20220915HHHT0-20220915HHHT0-031-02,220915_194149,W,번트파울,B,1-0,1-0,1-1,matched_context,pass,False
2022,20220915HHHT0,20220915HHHT0-20220915HHHT0-045-01,220915_201940,W,번트파울,B,0-0,0-0,0-1,matched_context,pass,False
2022,20220915HHHT0,20220915HHHT0-20220915HHHT0-067-01,220915_212454,W,번트파울,B,0-0,0-0,0-1,matched_context,pass,False
2022,20220916HHHT0,20220916HHHT0-20220916HHHT0-045-01,220916_201155,W,번트파울,B,0-0,0-0,0-1,matched_context,pass,False
2022,20220916HHHT0,20220916HHHT0-20220916HHHT0-045-02,220916_201229,W,번트파울,B,1-0,0-1,0-2,matched_context,pass,False
2022,20220916HHHT0,20220916HHHT0-20220916HHHT0-059-02,220916_205246,W,번트파울,B,1-0,1-0,1-1,matched_context,pass,False
2022,20220916HHHT0,20220916HHHT0-20220916HHHT0-073-02,220916_213058,W,번트파울,B,1-0,1-0,1-1,matched_context,pass,False
2022,20220916HHHT0,20220916HHHT0-20220916HHHT0-082-01,220916_220027,W,번트파울,B,0-0,0-0,0-1,matched_context,pass,False
2022,20220916HHHT0,20220916HHHT0-20220916HHHT0-084-02,220916_220851,W,번트파울,B,1-0,1-0,1-1,matched_context,pass,False
2022,20220916HHHT0,20220916HHHT0-20220916HHHT0-100-02,220916_225823,W,번트파울,B,1-0,1-0,1-1,matched_context,pass,False
2022,20221001SKHT0,20221001SKHT0-20221001SKHT0-027-03,221001_175828,W,번트파울,B,1-1,1-1,1-2,matched_context,pass,False
2022,20221006LGHT0,20221006LGHT0-20221006LGHT0-053-02,221006_203304,W,번트파울,B,1-0,1-0,1-1,matched_context,pass,False
2022,20221007KTHT0,20221007KTHT0-20221007KTHT0-017-01,221007_190513,W,번트파울,B,0-0,0-0,0-1,matched_context,pass,False
2023,20230407OBHT0,20230407OBHT0-20230407OBHT0-020-03,230407_192049,W,번트파울,B,1-1,1-1,1-2,matched_context,pass,False
2023,20230407OBHT0,20230407OBHT0-20230407OBHT0-021-02,230407_192502,W,번트파울,B,0-1,0-1,0-2,matched_context,pass,False
2023,20230408OBHT0,20230408OBHT0-20230408OBHT0-017-01,230408_173454,W,번트파울,B,0-0,0-0,0-1,matched_context,pass,False
2023,20230408OBHT0,20230408OBHT0-20230408OBHT0-032-02,230408_182239,W,번트파울,B,1-0,1-0,1-1,matched_context,pass,False
2023,20230408OBHT0,20230408OBHT0-20230408OBHT0-032-03,230408_182336,W,번트파울,B,2-0,1-1,1-2,matched_context,pass,False
2023,20230412HHHT0,20230412HHHT0-20230412HHHT0-032-01,230412_194637,W,번트파울,B,0-0,0-0,0-1,matched_context,pass,False
2023,20230421SSHT0,20230421SSHT0-20230421SSHT0-070-01,230421_212356,W,번트파울,B,0-0,0-0,0-1,matched_context,pass,False
2023,20230422SSHT0,20230422SSHT0-20230422SSHT0-060-01,230422_193041,W,번트파울,B,0-0,0-0,0-1,matched_context,pass,False
2023,20230422SSHT0,20230422SSHT0-20230422SSHT0-067-01,230422_194733,W,번트파울,B,0-0,0-0,0-1,matched_context,pass,False
2023,20230423SSHT0,20230423SSHT0-20230423SSHT0-055-01,230423_161227,W,번트파울,B,0-0,0-0,0-1,matched_context,pass,False
2023,20230426NCHT0,20230426NCHT0-20230426NCHT0-010-01,230426_185623,W,번트파울,B,0-0,0-0,0-1,matched_context,pass,False
2023,20230426NCHT0,20230426NCHT0-20230426NCHT0-046-01,230426_200856,W,번트파울,B,0-0,0-0,0-1,matched_context,pass,False
2023,20230502LTHT0,20230502LTHT0-20230502LTHT0-008-03,230502_184921,W,번트파울,B,2-0,2-0,2-1,matched_context,pass,False
2023,20230509SKHT0,20230509SKHT0-20230509SKHT0-058-03,230509_203429,W,번트파울,B,2-0,2-0,2-1,matched_context,pass,False
2023,20230511SKHT0,20230511SKHT0-20230511SKHT0-064-01,230511_212124,W,번트파울,B,0-0,0-0,0-1,matched_context,pass,False
2023,20230521WOHT0,20230521WOHT0-20230521WOHT0-005-01,230521_140802,W,번트파울,B,0-0,0-0,0-1,matched_context,pass,False
2023,20230521WOHT0,20230521WOHT0-20230521WOHT0-050-02,230521_155908,W,번트파울,B,0-1,0-1,0-2,matched_context,pass,False
2023,20230527LGHT0,20230527LGHT0-20230527LGHT0-039-02,230527_152521,W,번트파울,B,0-1,0-1,0-2,matched_context,pass,False
2023,20230528LGHT0,20230528LGHT0-20230528LGHT0-012-01,230528_143101,W,번트파울,B,0-0,0-0,0-1,matched_context,pass,False
2023,20230528LGHT0,20230528LGHT0-20230528LGHT0-030-03,230528_151517,W,번트파울,B,1-1,1-1,1-2,matched_context,pass,False
2023,20230530KTHT0,20230530KTHT0-20230530KTHT0-047-02,230530_201131,W,번트파울,B,1-0,1-0,1-1,matched_context,pass,False
2023,20230531KTHT0,20230531KTHT0-20230531KTHT0-002-01,230531_183132,W,번트파울,B,0-0,0-0,0-1,matched_context,pass,False
2023,20230531KTHT0,20230531KTHT0-20230531KTHT0-002-04,230531_183344,W,번트파울,B,3-0,2-1,2-2,matched_context,pass,False
2023,20230606SKHT0,20230606SKHT0-20230606SKHT0-051-01,230606_155217,W,번트파울,B,0-0,0-0,0-1,matched_context,pass,False
2023,20230607SKHT0,20230607SKHT0-20230607SKHT0-072-02,230607_212522,W,번트파울,B,0-1,0-1,0-2,matched_context,pass,False
2023,20230607SKHT0,20230607SKHT0-20230607SKHT0-079-01,230607_214046,W,번트파울,B,0-0,0-0,0-1,matched_context,pass,False
2023,20230608SKHT0,20230608SKHT0-20230608SKHT0-002-01,230608_183135,W,번트파울,B,0-0,0-0,0-1,matched_context,pass,False
2023,20230608SKHT0,20230608SKHT0-20230608SKHT0-035-01,230608_195729,W,번트파울,B,0-0,0-0,0-1,matched_context,pass,False
2023,20230616NCHT0,20230616NCHT0-20230616NCHT0-027-02,230616_193136,W,번트파울,B,1-0,1-0,1-1,matched_context,pass,False
2023,20230616NCHT0,20230616NCHT0-20230616NCHT0-050-03,230616_204412,W,번트파울,B,2-0,2-0,2-1,matched_context,pass,False
2023,20230616NCHT0,20230616NCHT0-20230616NCHT0-056-02,230616_210442,W,번트파울,B,1-0,1-0,1-1,matched_context,pass,False
2023,20230616NCHT0,20230616NCHT0-20230616NCHT0-064-01,230616_213230,W,번트파울,B,0-0,0-0,0-1,matched_context,pass,False
2023,20230616NCHT0,20230616NCHT0-20230616NCHT0-074-01,230616_220547,W,번트파울,B,0-0,0-0,0-1,matched_context,pass,False
2023,20230618NCHT0,20230618NCHT0-20230618NCHT0-082-01,230618_204331,W,번트파울,B,0-0,0-0,0-1,matched_context,pass,False
2023,20230618NCHT0,20230618NCHT0-20230618NCHT0-099-01,230618_213116,W,번트파울,B,0-0,0-0,0-1,matched_context,pass,False
2023,20230618NCHT0,20230618NCHT0-20230618NCHT0-099-03,230618_213301,W,번트파울,B,2-0,1-1,1-2,matched_context,pass,False
2023,20230624KTHT0,20230624KTHT0-20230624KTHT0-039-01,230624_183229,W,번트파울,B,0-0,0-0,0-1,matched_context,pass,False
2023,20230628WOHT0,20230628WOHT0-20230628WOHT0-085-03,230628_221506,W,번트파울,B,1-1,1-1,1-2,matched_context,pass,False
2023,20230712SSHT0,20230712SSHT0-20230712SSHT0-057-01,230712_205355,W,번트파울,B,0-0,0-0,0-1,matched_context,pass,False
2023,20230713SSHT0,20230713SSHT0-20230713SSHT0-008-01,230713_184456,W,번트파울,B,0-0,0-0,0-1,matched_context,pass,False
2023,20230713SSHT0,20230713SSHT0-20230713SSHT0-012-01,230713_185439,W,번트파울,B,0-0,0-0,0-1,matched_context,pass,False
2023,20230713SSHT0,20230713SSHT0-20230713SSHT0-018-01,230713_190843,W,번트파울,B,0-0,0-0,0-1,matched_context,pass,False
2023,20230728LTHT0,20230728LTHT0-20230728LTHT0-052-03,230728_204533,W,번트파울,B,1-1,1-1,1-2,matched_context,pass,False
2023,20230729LTHT0,20230729LTHT0-20230729LTHT0-012-02,230729_183045,W,번트파울,B,0-1,0-1,0-2,matched_context,pass,False
2023,20230729LTHT0,20230729LTHT0-20230729LTHT0-016-03,230729_184025,W,번트파울,B,1-1,1-1,1-2,matched_context,pass,False
2023,20230729LTHT0,20230729LTHT0-20230729LTHT0-046-01,230729_200719,W,번트파울,B,0-0,0-0,0-1,matched_context,pass,False
2023,20230805HHHT0,20230805HHHT0-20230805HHHT0-033-01,230805_192411,W,번트파울,B,0-0,0-0,0-1,matched_context,pass,False
2023,20230805HHHT0,20230805HHHT0-20230805HHHT0-035-01,230805_193226,W,번트파울,B,0-0,0-0,0-1,matched_context,pass,False
2023,20230805HHHT0,20230805HHHT0-20230805HHHT0-050-01,230805_201144,W,번트파울,B,0-0,0-0,0-1,matched_context,pass,False
2023,20230806HHHT0,20230806HHHT0-20230806HHHT0-047-02,230806_190438,W,번트파울,B,0-1,0-1,0-2,matched_context,pass,False
2023,20230806HHHT0,20230806HHHT0-20230806HHHT0-091-01,230806_212126,W,번트파울,B,0-0,0-0,0-1,matched_context,pass,False
2023,20230806HHHT0,20230806HHHT0-20230806HHHT0-100-01,230806_214725,W,번트파울,B,0-0,0-0,0-1,matched_context,pass,False
2023,20230809LGHT0,20230809LGHT0-20230809LGHT0-022-01,230809_191651,W,번트파울,B,0-0,0-0,0-1,matched_context,pass,False
2023,20230815WOHT0,20230815WOHT0-20230815WOHT0-009-01,230815_171618,W,번트파울,B,0-0,0-0,0-1,matched_context,pass,False
2023,20230816WOHT0,20230816WOHT0-20230816WOHT0-017-03,230816_190930,W,번트파울,B,2-0,2-0,2-1,matched_context,pass,False
2023,20230817WOHT0,20230817WOHT0-20230817WOHT0-013-01,230817_185958,W,번트파울,B,0-0,0-0,0-1,matched_context,pass,False
2023,20230817WOHT0,20230817WOHT0-20230817WOHT0-054-02,230817_203903,W,번트파울,B,1-0,1-0,1-1,matched_context,pass,False
2023,20230825HHHT0,20230825HHHT0-20230825HHHT0-051-01,230825_203248,W,번트파울,B,0-0,0-0,0-1,matched_context,pass,False
2023,20230826HHHT0,20230826HHHT0-20230826HHHT0-036-01,230826_191742,W,번트파울,B,0-0,0-0,0-1,matched_context,pass,False
2023,20230826HHHT0,20230826HHHT0-20230826HHHT0-043-01,230826_193633,W,번트파울,B,0-0,0-0,0-1,matched_context,pass,False
2023,20230909LGHT2,20230909LGHT2-20230909LGHT2-013-03,230909_183524,W,번트파울,B,1-1,1-1,1-2,matched_context,pass,False
2023,20230913LTHT0,20230913LTHT0-20230913LTHT0-015-01,230913_193738,W,번트파울,B,0-0,0-0,0-1,matched_context,pass,False
2023,20230913LTHT0,20230913LTHT0-20230913LTHT0-015-02,230913_193818,W,번트파울,B,1-0,0-1,0-2,matched_context,pass,False
2023,20230913LTHT0,20230913LTHT0-20230913LTHT0-027-03,230913_201209,W,번트파울,B,2-0,2-0,2-1,matched_context,pass,False
2023,20230913LTHT0,20230913LTHT0-20230913LTHT0-040-01,230913_204743,W,번트파울,B,0-0,0-0,0-1,matched_context,pass,False
2023,20230913LTHT0,20230913LTHT0-20230913LTHT0-041-01,230913_204934,W,번트파울,B,0-0,0-0,0-1,matched_context,pass,False
2023,20230915OBHT0,20230915OBHT0-20230915OBHT0-037-01,230915_200553,W,번트파울,B,0-0,0-0,0-1,matched_context,pass,False
2023,20230915OBHT0,20230915OBHT0-20230915OBHT0-037-02,230915_200626,W,번트파울,B,1-0,0-1,0-2,matched_context,pass,False
2023,20230915OBHT0,20230915OBHT0-20230915OBHT0-038-01,230915_201004,W,번트파울,B,0-0,0-0,0-1,matched_context,pass,False
2023,20230918OBHT0,20230918OBHT0-20230918OBHT0-019-05,230918_190913,W,번트파울,B,3-1,3-1,3-2,matched_context,fail:unjoined_pitch,False
2023,20230918OBHT0,20230918OBHT0-20230918OBHT0-020-01,230918_191202,W,번트파울,B,0-0,0-0,0-1,matched_context,pass,False
2023,20230919LGHT0,20230919LGHT0-20230919LGHT0-056-02,230919_201828,W,번트파울,B,1-0,1-0,1-1,matched_context,pass,False
2023,20230919LGHT0,20230919LGHT0-20230919LGHT0-056-03,230919_201927,W,번트파울,B,2-0,1-1,1-2,matched_context,pass,False
2023,20230922KTHT0,20230922KTHT0-20230922KTHT0-071-01,230922_212821,W,번트파울,B,0-0,0-0,0-1,matched_context,pass,False
2023,20230922KTHT0,20230922KTHT0-20230922KTHT0-071-02,230922_212937,W,번트파울,B,1-0,0-1,0-2,matched_context,pass,True
2023,20230922KTHT0,20230922KTHT0-20230922KTHT0-073-02,230922_213632,W,번트파울,B,1-0,1-0,1-1,matched_context,pass,False
2023,20230922KTHT0,20230922KTHT0-20230922KTHT0-073-03,230922_213725,W,번트파울,B,2-0,1-1,1-2,matched_context,pass,True
2023,20230923KTHT0,20230923KTHT0-20230923KTHT0-033-01,230923_180943,W,번트파울,B,0-0,0-0,0-1,matched_context,pass,False
2023,20230923KTHT0,20230923KTHT0-20230923KTHT0-046-02,230923_184428,W,번트파울,B,0-1,0-1,0-2,matched_context,pass,False
2023,20230924KTHT0,20230924KTHT0-20230924KTHT0-043-01,230924_154209,W,번트파울,B,0-0,0-0,0-1,matched_context,pass,False
2023,20230924KTHT0,20230924KTHT0-20230924KTHT0-070-01,230924_170249,W,번트파울,B,0-0,0-0,0-1,matched_context,pass,False
2023,20231008SSHT0,20231008SSHT0-20231008SSHT0-068-01,231008_163954,W,번트파울,B,0-0,0-0,0-1,matched_context,pass,False
2023,20231009SSHT0,20231009SSHT0-20231009SSHT0-063-01,231009_165209,W,번트파울,B,0-0,0-0,0-1,matched_context,pass,False
2023,20231009SSHT0,20231009SSHT0-20231009SSHT0-063-02,231009_165322,W,번트파울,B,1-0,0-1,0-2,matched_context,pass,False
2023,20231009SSHT0,20231009SSHT0-20231009SSHT0-067-01,231009_170619,W,번트파울,B,0-0,0-0,0-1,matched_context,pass,False
2023,20231010SKHT0,20231010SKHT0-20231010SKHT0-005-02,231010_183925,W,번트파울,B,1-0,1-0,1-1,matched_context,pass,False
2023,20231010SKHT0,20231010SKHT0-20231010SKHT0-005-03,231010_184003,W,번트파울,B,2-0,1-1,1-2,matched_context,pass,False
2023,20231010SKHT0,20231010SKHT0-20231010SKHT0-055-01,231010_205357,W,번트파울,B,0-0,0-0,0-1,matched_context,pass,False
2023,20231012LTHT0,20231012LTHT0-20231012LTHT0-027-01,231012_193412,W,번트파울,B,0-0,0-0,0-1,matched_context,pass,False
2023,20231012LTHT0,20231012LTHT0-20231012LTHT0-080-01,231012_215638,W,번트파울,B,0-0,0-0,0-1,matched_context,pass,False
2023,20231016NCHT0,20231016NCHT0-20231016NCHT0-034-01,231016_195050,W,번트파울,B,0-0,0-0,0-1,matched_context,pass,False
2024,20240326LTHT0,20240326LTHT0-20240326LTHT0-042-01,240326_200326,W,번트파울,B,0-0,0-0,0-1,matched_context,pass,False
2024,20240406SSHT0,20240406SSHT0-20240406SSHT0-079-01,240406_201415,W,번트파울,B,0-0,0-0,0-1,matched_context,pass,True
2024,20240409LGHT0,20240409LGHT0-20240409LGHT0-020-02,240409_190756,W,번트파울,B,1-0,1-0,1-1,matched_context,pass,False
2024,20240409LGHT0,20240409LGHT0-20240409LGHT0-020-05,240409_190936,W,번트파울,B,3-0,3-1,3-2,matched_context,pass,False
2024,20240419NCHT0,20240419NCHT0-20240419NCHT0-079-01,240419_215511,W,번트파울,B,0-0,0-0,0-1,matched_context,pass,False
2024,20240420NCHT0,20240420NCHT0-20240420NCHT0-037-01,240420_182318,W,번트파울,B,0-0,0-0,0-1,matched_context,pass,False
2024,20240421NCHT0,20240421NCHT0-20240421NCHT0-064-02,240421_165300,W,번트파울,B,0-1,0-1,0-2,matched_context,pass,False
2024,20240502KTHT0,20240502KTHT0-20240502KTHT0-052-01,240502_202437,W,번트파울,B,0-0,0-0,0-1,matched_context,pass,False
2024,20240502KTHT0,20240502KTHT0-20240502KTHT0-062-01,240502_204905,W,번트파울,B,0-0,0-0,0-1,matched_context,pass,False
2024,20240502KTHT0,20240502KTHT0-20240502KTHT0-062-02,240502_204951,W,번트파울,B,1-0,0-1,0-2,matched_context,pass,False
2024,20240503HHHT0,20240503HHHT0-20240503HHHT0-008-03,240503_184523,W,번트파울,B,1-1,1-1,1-2,matched_context,pass,False
2024,20240503HHHT0,20240503HHHT0-20240503HHHT0-069-01,240503_211019,W,번트파울,B,0-0,0-0,0-1,matched_context,pass,False
2024,20240503HHHT0,20240503HHHT0-20240503HHHT0-069-04,240503_211157,W,번트파울,B,3-0,2-1,2-2,matched_context,pass,False
2024,20240512SKHT1,20240512SKHT1-20240512SKHT1-040-03,240512_153028,W,번트파울,B,1-1,1-1,1-2,matched_context,pass,False
2024,20240512SKHT1,20240512SKHT1-20240512SKHT1-062-02,240512_163511,W,번트파울,B,1-0,1-0,1-1,matched_context,pass,False
2024,20240512SKHT1,20240512SKHT1-20240512SKHT1-062-03,240512_163553,W,번트파울,B,2-0,1-1,1-2,matched_context,pass,False
2024,20240512SKHT2,20240512SKHT2-20240512SKHT2-002-02,240512_174144,W,번트파울,B,1-0,1-0,1-1,matched_context,pass,False
2024,20240512SKHT2,20240512SKHT2-20240512SKHT2-009-01,240512_180126,W,번트파울,B,0-0,0-0,0-1,matched_context,pass,False
2024,20240512SKHT2,20240512SKHT2-20240512SKHT2-017-01,240512_183238,W,번트파울,B,0-0,0-0,0-1,matched_context,pass,False
2024,20240512SKHT2,20240512SKHT2-20240512SKHT2-041-02,240512_193202,W,번트파울,B,1-0,1-0,1-1,matched_context,pass,False
2024,20240512SKHT2,20240512SKHT2-20240512SKHT2-051-01,240512_195507,W,번트파울,B,0-0,0-0,0-1,matched_context,pass,False
2024,20240512SKHT2,20240512SKHT2-20240512SKHT2-075-01,240512_211054,W,번트파울,B,0-0,0-0,0-1,matched_context,pass,False
2024,20240514OBHT0,20240514OBHT0-20240514OBHT0-011-01,240514_184813,W,번트파울,B,0-0,0-0,0-1,matched_context,pass,False
2024,20240514OBHT0,20240514OBHT0-20240514OBHT0-018-01,240514_190113,W,번트파울,B,0-0,0-0,0-1,matched_context,pass,False
2024,20240515OBHT0,20240515OBHT0-20240515OBHT0-041-02,240515_154441,W,번트파울,B,1-0,1-0,1-1,matched_context,pass,False
2024,20240516OBHT0,20240516OBHT0-20240516OBHT0-017-01,240516_190423,W,번트파울,B,0-0,0-0,0-1,matched_context,pass,False
2024,20240516OBHT0,20240516OBHT0-20240516OBHT0-017-03,240516_190633,W,번트파울,B,2-0,1-1,1-2,matched_context,pass,False
2024,20240516OBHT0,20240516OBHT0-20240516OBHT0-066-04,240516_211346,W,번트파울,B,2-1,2-1,2-2,matched_context,pass,False
2024,20240516OBHT0,20240516OBHT0-20240516OBHT0-096-01,240516_225341,W,번트파울,B,0-0,0-0,0-1,matched_context,pass,False
2024,20240516OBHT0,20240516OBHT0-20240516OBHT0-099-01,240516_230031,W,번트파울,B,0-0,0-0,0-1,matched_context,pass,False
2024,20240524OBHT0,20240524OBHT0-20240524OBHT0-045-01,240524_200803,W,번트파울,B,0-0,0-0,0-1,matched_context,pass,False
2024,20240524OBHT0,20240524OBHT0-20240524OBHT0-062-02,240524_210016,W,번트파울,B,1-0,1-0,1-1,matched_context,pass,False
2024,20240605LTHT0,20240605LTHT0-20240605LTHT0-046-01,240605_202604,W,번트파울,B,0-0,0-0,0-1,matched_context,pass,False
2024,20240605LTHT0,20240605LTHT0-20240605LTHT0-047-02,240605_203237,W,번트파울,B,1-0,1-0,1-1,matched_context,pass,False
2024,20240619LGHT0,20240619LGHT0-20240619LGHT0-020-01,240619_191645,W,번트파울,B,0-0,0-0,0-1,matched_context,pass,False
2024,20240620LGHT0,20240620LGHT0-20240620LGHT0-031-02,240620_194549,W,번트파울,B,0-1,0-1,0-2,matched_context,pass,False
2024,20240620LGHT0,20240620LGHT0-20240620LGHT0-064-01,240620_211014,W,번트파울,B,0-0,0-0,0-1,matched_context,pass,False
2024,20240620LGHT0,20240620LGHT0-20240620LGHT0-064-03,240620_211112,W,번트파울,B,2-0,1-1,1-2,matched_context,pass,False
2024,20240621HHHT0,20240621HHHT0-20240621HHHT0-023-03,240621_191923,W,번트파울,B,1-1,1-1,1-2,matched_context,pass,False
2024,20240621HHHT0,20240621HHHT0-20240621HHHT0-042-01,240621_195915,W,번트파울,B,0-0,0-0,0-1,matched_context,pass,False
2024,20240623HHHT1,20240623HHHT1-20240623HHHT1-077-04,240623_170430,W,번트파울,B,2-1,2-1,2-2,matched_context,pass,False
2024,20240713SKHT0,20240713SKHT0-20240713SKHT0-084-01,240713_214424,W,번트파울,B,0-0,0-0,0-1,matched_context,pass,False
2024,20240714SKHT0,20240714SKHT0-20240714SKHT0-003-04,240714_170653,W,번트파울,B,2-1,2-1,2-2,matched_context,pass,False
2024,20240718SSHT0,20240718SSHT0-20240718SSHT0-048-01,240718_213501,W,번트파울,B,0-0,0-0,0-1,matched_context,pass,False
2024,20240718SSHT0,20240718SSHT0-20240718SSHT0-050-01,240718_214131,W,번트파울,B,0-0,0-0,0-1,matched_context,pass,False
2024,20240723NCHT0,20240723NCHT0-20240723NCHT0-006-01,240723_184303,W,번트파울,B,0-0,0-0,0-1,matched_context,pass,False
2024,20240723NCHT0,20240723NCHT0-20240723NCHT0-030-02,240723_193626,W,번트파울,B,1-0,1-0,1-1,matched_context,pass,False
2024,20240725NCHT0,20240725NCHT0-20240725NCHT0-039-02,240725_200102,W,번트파울,B,1-0,1-0,1-1,matched_context,pass,False
2024,20240730OBHT0,20240730OBHT0-20240730OBHT0-012-01,240730_185800,W,번트파울,B,0-0,0-0,0-1,matched_context,pass,False
2024,20240801OBHT0,20240801OBHT0-20240801OBHT0-031-02,240801_193628,W,번트파울,B,0-1,0-1,0-2,matched_context,pass,False
2024,20240801OBHT0,20240801OBHT0-20240801OBHT0-049-02,240801_202207,W,번트파울,B,1-0,1-0,1-1,matched_context,pass,False
2024,20240801OBHT0,20240801OBHT0-20240801OBHT0-065-01,240801_211324,W,번트파울,B,0-0,0-0,0-1,matched_context,pass,False
2024,20240801OBHT0,20240801OBHT0-20240801OBHT0-065-05,240801_211609,W,번트파울,B,3-0,3-1,3-2,matched_context,pass,False
2024,20240806KTHT0,20240806KTHT0-20240806KTHT0-059-01,240806_204751,W,번트파울,B,0-0,0-0,0-1,matched_context,pass,False
2024,20240806KTHT0,20240806KTHT0-20240806KTHT0-060-01,240806_205126,W,번트파울,B,0-0,0-0,0-1,matched_context,pass,False
2024,20240806KTHT0,20240806KTHT0-20240806KTHT0-060-02,240806_205211,W,번트파울,B,1-0,0-1,0-2,matched_context,pass,False
2024,20240809SSHT0,20240809SSHT0-20240809SSHT0-060-01,240809_205338,W,번트파울,B,0-0,0-0,0-1,matched_context,pass,False
2024,20240811SSHT0,20240811SSHT0-20240811SSHT0-071-02,240811_210803,W,번트파울,B,0-1,0-1,0-2,matched_context,pass,False
2024,20240821LTHT0,20240821LTHT0-20240821LTHT0-063-01,240821_205922,W,번트파울,B,0-0,0-0,0-1,matched_context,pass,False
2024,20240822LTHT0,20240822LTHT0-20240822LTHT0-064-02,240822_215607,W,번트파울,B,0-1,0-1,0-2,matched_context,pass,False
2024,20240829SKHT0,20240829SKHT0-20240829SKHT0-002-01,240829_183146,W,번트파울,B,0-0,0-0,0-1,matched_context,pass,False
2024,20240829SKHT0,20240829SKHT0-20240829SKHT0-056-01,240829_204458,W,번트파울,B,0-0,0-0,0-1,matched_context,pass,False
2024,20240904HHHT0,20240904HHHT0-20240904HHHT0-077-03,240904_213646,W,번트파울,B,1-1,1-1,1-2,matched_context,pass,False
2024,20240908WOHT0,20240908WOHT0-20240908WOHT0-053-02,240908_154901,W,번트파울,B,0-1,0-1,0-2,matched_context,pass,False
2024,20240914WOHT0,20240914WOHT0-20240914WOHT0-021-01,240914_174242,W,번트파울,B,0-0,0-0,0-1,matched_context,pass,False
2024,20240914WOHT0,20240914WOHT0-20240914WOHT0-036-01,240914_181635,W,번트파울,B,0-0,0-0,0-1,matched_context,pass,False
2024,20240923SSHT0,20240923SSHT0-20240923SSHT0-019-02,240923_190547,W,번트파울,B,0-1,0-1,0-2,matched_context,pass,False
