pitch_id,event,A_reported,B_za72,x_relative,x_mid_relative,rep_top_gap_cm,top_gap_cm,rep_bottom_gap_cm,bottom_gap_cm,s_fallback
20250809OBWO0-20250809OBWO0-083-03,Ball,0.0,0.99,1.176,0.931,-6.462,-7.592,45.202,42.807,0
20250614LGHH0-20250614LGHH0-024-01,Ball,0.985,0.0,-0.972,-0.972,-48.616,-53.471,4.206,-5.739,0
20250528HHLG0-20250528HHLG0-006-01,Ball,0.982,0.0,0.312,0.308,-51.298,-55.953,3.688,-5.617,0
20250524LTHH0-20250524LTHH0-031-01,Ball,0.982,0.0,-0.192,-0.189,-48.89,-53.618,3.597,-6.086,0
20250530HHNC0-20250530HHNC0-046-02,Ball,0.981,0.0,0.696,0.7,-50.231,-54.739,3.261,-5.82,0
20250725HTLT0-20250725HTLT0-034-01,Ball,0.978,0.0,0.648,0.649,-47.366,-51.975,3.078,-6.091,0
20250608LTOB0-20250608LTOB0-012-01,Ball,0.977,0.0,0.372,0.367,-46.756,-51.305,3.688,-5.369,0
20250530SKLT0-20250530SKLT0-031-01,Ball,0.975,0.0,0.888,0.884,-50.871,-55.362,3.414,-5.647,0
20250910HHLT0-20250910HHLT0-053-05,Ball,0.967,0.0,0.768,0.769,-50.81,-55.354,3.444,-5.658,0
20250507HTWO0-20250507HTWO0-066-02,Ball,0.961,0.0,0.624,0.623,-49.53,-53.837,2.957,-5.59,0
20250329LGNC0-20250329LGNC0-025-01,Ball,0.96,0.0,-0.516,-0.515,-50.536,-54.883,2.957,-5.661,0
20250916HHHT0-20250916HHHT0-061-02,CalledStrike,0.018,0.976,0.66,0.654,7.041,2.747,59.619,51.021,0
20250426WOSK0-20250426WOSK0-021-01,Ball,0.957,0.0,-0.48,-0.485,-51.084,-55.544,3.018,-5.958,0
20250624LGKT0-20250624LGKT0-075-03,Ball,0.963,0.007,-0.804,-0.804,4.785,3.722,59.771,57.629,0
20250411OBLG0-20250411OBLG0-023-01,Ball,0.956,0.0,0.576,0.572,-50.353,-54.51,3.048,-5.408,0
20250921NCHT0-20250921NCHT0-014-03,CalledStrike,0.023,0.977,0.744,0.749,6.919,2.618,59.558,50.918,0
20250408HHOB0-20250408HHOB0-084-02,CalledStrike,0.011,0.962,-0.468,-0.464,-54.315,-56.163,-0.914,-4.69,0
20250814NCOB0-20250814NCOB0-024-05,Ball,0.951,0.0,0.576,0.578,-50.17,-54.298,2.499,-5.854,0
20250812WOSK0-20250812WOSK0-007-01,Ball,0.948,0.0,0.636,0.641,-49.164,-53.752,2.682,-6.663,0
20250810OBWO0-20250810OBWO0-026-01,Ball,0.948,0.0,0.42,0.423,-50.597,-55.229,2.774,-6.451,0
20250823SKHH0-20250823SKHH0-032-02,Ball,0.944,0.0,-0.876,-0.876,-51.115,-55.231,2.042,-6.385,0
20250611SKLG0-20250611SKLG0-072-05,CalledStrike,0.039,0.982,0.18,0.174,6.767,3.218,59.162,52.104,0
20250824KTOB0-20250824KTOB0-018-03,Ball,0.939,0.0,-0.336,-0.338,-50.993,-54.887,2.256,-5.694,0
20250615LGHH0-20250615LGHH0-038-03,CalledStrike,0.052,0.987,-0.204,-0.202,7.285,3.589,58.156,50.817,0
20250829SSHH0-20250829SSHH0-003-03,CalledStrike,0.053,0.986,-0.78,-0.779,6.767,3.194,62.454,55.128,0
20250328HTHH0-20250328HTHH0-007-01,CalledStrike,0.047,0.98,-0.804,-0.806,7.193,3.225,59.527,51.646,0
20250505HTWO0-20250505HTWO0-007-01,Ball,0.932,0.0,-0.792,-0.789,-50.109,-53.993,2.225,-5.552,0
20250905WOSS0-20250905WOSS0-061-01,Ball,0.931,0.0,-0.576,-0.574,-50.018,-55.015,2.286,-7.825,0
20250417HHSK0-20250417HHSK0-018-01,Ball,0.93,0.0,0.048,0.047,-49.804,-54.316,2.53,-6.625,0
20250503SKLG0-20250503SKLG0-040-03,Ball,0.929,0.0,0.576,0.575,-49.804,-54.069,2.225,-6.418,0
20250614KTSS0-20250614KTSS0-070-01,Ball,0.929,0.0,0.216,0.211,-53.584,-57.662,2.103,-6.091,0
20250529HHLG0-20250529HHLG0-029-02,Ball,0.928,0.0,0.252,0.248,-51.999,-55.972,1.768,-6.299,0
20251004SKNC0-20251004SKNC0-042-01,CalledStrike,0.04,0.967,0.66,0.66,6.614,2.854,61.6,54.11,0
20250408LGWO0-20250408LGWO0-050-01,Ball,0.927,0.0,-0.672,-0.675,-49.804,-53.795,2.225,-5.863,0
20250410LGWO0-20250410LGWO0-063-02,Ball,0.925,0.0,-1.068,-1.074,-39.715,-41.764,9.449,5.292,0
20250505LGOB0-20250505LGOB0-014-03,CalledStrike,0.018,0.941,0.96,0.956,6.462,2.73,58.217,50.763,0
20250719OBSK0-20250719OBSK0-039-01,Ball,0.923,0.0,0.528,0.524,-49.225,-53.455,2.347,-6.056,0
20250805KTHH0-20250805KTHH0-049-01,Ball,0.922,0.0,0.684,0.683,-49.743,-53.714,2.408,-5.695,0
20250514WOLG0-20250514WOLG0-027-06,Ball,0.921,0.0,-0.948,-0.953,-53.431,-56.858,1.554,-5.316,0
20250727SKHH0-20250727SKHH0-067-02,Ball,0.92,0.0,0.444,0.448,-49.378,-53.032,2.103,-5.372,0
