season,game_id,pa_id,core
2021,20210512SSKT0,20210512SSKT0-017,X_NONLAST
2021,20210512SSKT0,20210512SSKT0-019,X_NONLAST
2021,20210606HHNC0,20210606HHNC0-044,X_NONLAST
2021,20210606HHNC0,20210606HHNC0-046,X_NONLAST
2024,20240404LTHH0,20240404LTHH0-048,DUP_TRAJ
2024,20240404LTHH0,20240404LTHH0-059,X_NONLAST+DUP_TRAJ
2024,20240404LTHH0,20240404LTHH0-073,SPLIT_SAME+DUP_TRAJ
2024,20240404LTHH0,20240404LTHH0-074,DUP_TRAJ+DUP_CONSEC
2024,20240504OBLG0,20240504OBLG0-018,DUP_TRAJ
2024,20240504OBLG0,20240504OBLG0-023,DUP_TRAJ
2024,20240504OBLG0,20240504OBLG0-043,SPLIT_SAME+DUP_TRAJ
2024,20240504OBLG0,20240504OBLG0-044,DUP_TRAJ
2024,20240504OBLG0,20240504OBLG0-060,SPLIT_SAME+DUP_TRAJ
2024,20240504OBLG0,20240504OBLG0-061,DUP_TRAJ
2024,20240504OBLG0,20240504OBLG0-073,DUP_TRAJ
2024,20240724WOOB0,20240724WOOB0-029,SPLIT_SAME+DUP_TRAJ
2024,20240724WOOB0,20240724WOOB0-030,DUP_TRAJ+DUP_CONSEC
2024,20240724WOOB0,20240724WOOB0-037,K_CONT+DUP_TRAJ
2024,20240724WOOB0,20240724WOOB0-045,SPLIT_SAME+DUP_TRAJ
2024,20240724WOOB0,20240724WOOB0-046,DUP_TRAJ+DUP_CONSEC
2024,20240724WOOB0,20240724WOOB0-054,X_NONLAST+DUP_TRAJ+DUP_CONSEC
2025,20250614HTNC0,20250614HTNC0-084,DUP_TRAJ
2025,20250614HTNC0,20250614HTNC0-085,DUP_TRAJ+DUP_CONSEC
2025,20250809OBWO0,20250809OBWO0-082,SPLIT_SAME+DUP_TRAJ
2025,20250809OBWO0,20250809OBWO0-083,K_CONT+X_NONLAST+DUP_TRAJ
2026,20260509KTWO0,20260509KTWO0-092,SPLIT_SAME+DUP_TRAJ
2026,20260509KTWO0,20260509KTWO0-093,DUP_TRAJ
2026,20260509KTWO0,20260509KTWO0-095,DUP_TRAJ
2026,20260509KTWO0,20260509KTWO0-096,DUP_TRAJ
