season,batter_id,batter_name,batter_stance,pitches_seen,qualified_300,swing_pct,expected_swing_pct,decision_value,decision_value_per_100,decision_capture_pct,swing_pitches,swing_decision_value_per_100,take_pitches,take_decision_value_per_100,in_zone_pitches,in_zone_decision_value_per_100,out_zone_pitches,out_zone_decision_value_per_100,heart_pitches,heart_decision_value_per_100,heart_swing_decision_value_per_100,heart_take_decision_value_per_100,shadow_pitches,shadow_decision_value_per_100,shadow_swing_decision_value_per_100,shadow_take_decision_value_per_100,chase_pitches,chase_decision_value_per_100,chase_swing_decision_value_per_100,chase_take_decision_value_per_100,waste_pitches,waste_decision_value_per_100,waste_swing_decision_value_per_100,waste_take_decision_value_per_100,zone_awareness_plus,z_zone_awareness_plus,o_zone_awareness_plus
2022,52125,가르시아,,679,True,47.717231,49.766863,43.963894,6.4748,55.910039,324,3.652213,355,9.050908,355,5.135301,324,7.942462,188,7.459995,12.106748,-6.884327,291,2.178008,-0.245305,5.096999,151,10.447125,-21.601635,16.205887,49,15.971307,,15.971307,123.69,124.495,118.334
2022,64906,강민국,,15,False,33.333333,36.257569,2.720729,18.13819,85.438007,5,1.854952,10,26.27981,6,6.294858,9,26.033745,1,10.230535,10.230535,,7,1.11248,-0.238944,2.914378,4,46.617131,,46.617131,3,22.528813,,22.528813,310.606,152.11,279.069
2022,74540,강민호,,1600,True,42.1875,44.448306,93.665778,5.854111,56.067131,675,2.3775,925,8.391097,744,4.08937,856,7.387952,419,5.974645,10.871935,-4.216039,625,1.578939,-0.486143,3.54722,382,8.135121,-15.245615,14.037798,174,15.912346,-14.975904,17.795776,113.743,99.587,113.407
2022,68050,강백호,,1084,True,42.343173,45.077635,41.754111,3.851855,39.621969,459,0.528402,625,6.292599,512,3.239814,572,4.399697,264,5.5129,11.280678,-4.580711,463,0.689832,-1.516718,2.687532,234,5.70285,-15.852131,12.806195,123,8.667857,-30.731992,13.324203,81.655,79.355,86.858
2022,63123,강승호,,1660,True,48.614458,45.175565,73.161538,4.407322,50.995447,807,1.522465,853,7.136605,828,3.580141,832,5.230525,463,5.310355,8.581533,-3.438749,704,0.95227,-1.463854,3.80225,339,6.531892,-12.728906,11.910379,154,12.810065,-10.911984,15.369999,90.557,87.46,94.239
2022,62925,강진성,,373,True,43.699732,43.649799,16.649671,4.463719,40.00805,163,-0.457267,210,8.283341,167,3.24855,206,5.448831,90,5.183736,11.080251,-5.503697,156,0.054012,-3.074766,3.264056,89,5.850156,-17.295844,14.396372,38,17.61424,-29.59115,20.236762,91.461,79.563,96.179
2022,65514,강태율,,139,False,52.517986,52.187952,5.020321,3.611742,37.326716,73,2.070264,66,5.31671,81,3.641184,58,3.570625,45,4.329456,9.242583,-6.549612,63,1.706682,-0.554326,4.92427,22,3.57083,-22.976148,11.378765,9,13.4586,,13.4586,77.807,88.914,79.492
2022,64610,강한울,,963,True,44.652129,46.506326,44.128394,4.582388,43.736264,430,1.384405,533,7.162374,474,3.905953,489,5.238073,249,5.497117,11.571319,-5.049301,398,1.084219,0.113147,2.075008,207,6.970271,-16.386188,15.213727,109,10.731121,-21.815467,16.745164,93.362,95.219,94.306
2022,51269,강현구,,19,False,31.578947,44.718591,1.086574,5.718811,72.848276,6,5.995286,13,5.591207,10,1.866888,9,9.998726,5,4.84274,11.082573,-4.51701,8,1.548847,0.908,1.933355,4,7.344682,,7.344682,2,21.337103,,21.337103,111.575,46.66,136.603
2022,69517,고승민,,976,True,42.827869,46.298827,52.321376,5.360797,56.355898,418,2.189593,558,7.736358,488,3.460891,488,7.260703,265,4.514735,8.693056,-4.647366,417,2.306637,-0.059382,4.384896,200,8.444361,-15.799718,14.131243,94,14.733971,-18.305872,15.823196,105.837,84.62,112.277
2022,67119,고우석,,4,False,50.0,36.732926,0.093842,2.346044,31.647367,2,1.057588,2,3.634499,2,2.127799,2,2.564288,0,,,,3,-0.627215,1.057588,-3.996822,0,,,,1,11.26582,,11.26582,57.523,52.873,70.551
2022,61353,고종욱,,424,True,49.292453,47.070261,21.78546,5.13808,52.182834,209,1.861416,215,8.323303,207,4.858576,217,5.404704,110,6.978887,10.785293,-3.652799,181,2.321161,0.792307,3.90155,99,3.654132,-15.986489,13.474442,34,18.499388,-9.970316,21.25452,102.268,117.905,95.787
2022,68407,공민규,,84,False,40.47619,42.394599,2.45293,2.920155,27.322121,34,-3.762558,50,7.4644,39,0.209744,45,5.269178,15,-1.76328,1.002094,-3.606863,36,-0.82106,-0.892484,-0.694694,24,9.751708,-15.473466,14.796743,9,7.473267,-51.518538,14.847242,66.724,7.196,94.583
2022,62404,구자욱,,1607,True,49.284381,46.457555,74.802915,4.654817,47.062024,792,1.476124,815,7.743805,780,4.143978,827,5.136625,428,5.227136,8.897282,-5.003802,682,2.171311,0.675409,3.966395,340,4.363428,-17.8798,13.242412,157,14.51387,-18.808091,16.302968,94.523,100.887,93.405
2022,52769,권광민,,369,True,41.734417,47.271077,19.377767,5.251427,45.15816,154,1.328977,215,8.060996,178,3.455005,191,6.92558,109,4.607104,10.813294,-6.098573,136,2.296232,-0.614702,4.594337,95,7.526373,-17.923173,16.129037,29,14.079631,-74.416582,17.24021,104.084,84.48,109.299
2022,51640,권다결,,11,False,27.272727,32.834089,1.384347,12.584973,52.436426,3,-9.85754,8,21.000916,3,3.028778,8,16.168547,2,6.535687,22.939347,-9.867972,2,3.309926,-3.985041,10.604894,4,21.421046,-48.526927,44.737037,3,11.019765,,11.019765,221.611,74.33,191.42
2022,51003,권동진,,152,False,53.947368,53.734613,4.503362,2.962738,32.184209,82,1.790999,70,4.335346,84,3.707443,68,2.042808,47,7.246432,10.272269,-3.949165,69,0.974,-0.365587,2.352987,26,-2.397101,-22.041644,9.880738,10,10.48725,,10.48725,67.406,90.492,65.917
2022,68204,권민석,,8,False,75.0,54.389086,0.167026,2.087821,23.589524,6,0.448804,2,7.004874,4,4.26487,4,-0.089227,1,4.286635,4.286635,,5,1.117126,0.939283,1.828498,2,3.415153,-5.350945,12.181251,0,,,,53.385,103.766,46.975
2022,63963,권희동,,1205,True,38.091286,48.49143,77.245066,6.410379,63.56106,459,5.147863,746,7.187181,634,4.031105,571,9.052164,376,5.130499,11.238851,-4.600738,471,3.065915,1.493335,4.148121,256,10.874591,-14.007866,14.685418,102,15.367624,-21.879074,16.112558,122.658,98.199,128.193
2022,71837,김강민,,748,True,47.459893,46.162147,33.330376,4.455933,48.795715,355,1.452841,393,7.168649,372,3.981371,376,4.925446,215,6.085922,9.979173,-3.521615,307,0.760219,-2.667646,4.540262,168,5.320079,-14.184482,11.616827,58,15.472482,,15.472482,91.336,97.015,91.529
2022,69810,김규남,,19,False,63.157895,51.235227,0.36576,1.925052,48.631625,12,0.903839,7,3.675702,13,0.554098,6,4.895452,6,3.141422,4.699354,-4.648234,9,-0.754204,-1.807243,2.931431,3,6.574337,,6.574337,1,4.792278,,4.792278,50.776,15.396,91.262
2022,66614,김규성,,167,False,52.694611,47.55007,8.766428,5.249358,58.989978,88,2.940473,79,7.821281,86,4.836997,81,5.687174,42,7.295804,10.116834,-3.047973,78,1.957995,0.509921,4.039601,30,6.517234,-11.63039,13.116369,17,13.057555,-5.507152,14.217849,104.051,117.391,98.296
2022,66112,김기연,,35,False,71.428571,46.114887,-0.470476,-1.344217,-13.46882,25,-5.362762,10,8.702145,14,3.419366,21,-4.519939,8,4.965722,6.299793,-4.372773,15,-4.906281,-9.01872,6.402925,9,-4.714151,-11.280239,18.267159,3,9.749402,,9.749402,-1.616,83.631,7.61
2022,65462,김기환,,529,True,47.637051,48.24741,25.825256,4.881901,53.236478,252,2.30338,277,7.227704,267,4.05079,262,5.728873,141,6.353856,10.014182,-4.731703,233,2.825805,0.181876,5.273078,118,4.759184,-14.191722,11.810684,37,12.611777,-23.6433,14.683496,98.162,98.668,98.667
2022,69238,김대한,,378,True,58.201058,45.442183,12.694227,3.358261,38.393626,220,0.931301,158,6.737573,182,4.24535,196,2.534535,94,6.112083,8.831506,-6.205304,168,0.573431,-0.745469,3.074791,82,3.236828,-11.431819,9.670444,34,9.797962,-13.417841,16.941287,73.745,103.302,70.286
2022,52605,김도영,,1013,True,47.384008,48.310203,49.379838,4.874614,52.265446,480,2.807835,533,6.735878,515,4.357244,498,5.409645,291,6.466341,10.913926,-4.135463,411,1.020675,-0.676487,2.919048,219,7.306564,-12.612526,13.199786,92,11.267865,-14.021246,13.676352,98.046,105.966,95.831
2022,66838,김동엽,,368,True,57.880435,46.080917,10.492199,2.851141,31.693618,213,-0.154288,155,6.981183,174,3.804652,194,1.99593,91,5.811372,10.305715,-3.797225,143,0.655095,-0.251835,2.695689,93,-0.741488,-12.571029,10.83636,41,12.089387,-11.436457,16.122389,65.618,92.807,65.501
2022,51403,김동진,,11,False,45.454545,49.759442,0.179047,1.627699,17.488071,5,-5.727311,6,7.756874,7,-0.450587,4,5.2647,1,0.168228,,0.168228,8,3.094632,1.075803,5.113461,2,-3.510298,-32.939766,25.91917,0,,,,46.011,-8.53,94.543
2022,77564,김민성,,591,True,48.56176,46.663462,26.140456,4.423089,44.561993,287,2.212846,304,6.509733,297,4.565702,294,4.279021,173,6.567266,11.183987,-4.175487,234,0.435031,-1.180915,2.454964,126,6.062808,-14.238876,12.974019,58,10.555129,-27.253142,13.355741,90.81,110.931,85.785
2022,69500,김민수,,29,False,51.724138,46.403396,2.692644,9.284978,63.307419,15,7.976025,14,10.687429,14,10.293116,15,8.34405,7,19.678297,19.678297,,13,-1.390427,0.263014,-3.31944,8,12.640426,-19.948804,17.296031,1,48.468432,,48.468432,168.725,247.326,121.902
2022,62864,김민식,,1039,True,40.615977,45.402146,62.131657,5.979948,63.943738,422,3.898692,617,7.403432,510,4.336741,529,7.564136,271,6.564992,10.367249,-4.785862,429,2.461416,1.280256,3.307127,228,8.712746,-16.79765,13.495945,111,12.536928,-20.938462,13.788345,115.76,105.478,114.973
2022,64004,김민혁,,1593,True,45.637163,47.722802,77.708019,4.878093,56.332032,727,3.328159,866,6.17925,847,3.784586,746,6.119648,465,5.0007,9.093708,-4.309451,712,2.17897,0.547993,3.738256,314,8.086496,-12.523225,12.366976,102,13.283232,-16.071691,13.870331,98.101,92.329,102.139
2022,65269,김민혁,,371,True,50.673854,44.515973,17.477993,4.711049,49.172576,188,1.100453,183,8.420296,178,3.623607,193,5.713976,102,6.18609,8.544248,-4.115337,146,0.514215,-2.21278,4.208854,85,7.23389,-12.433868,12.517766,38,11.233211,-30.868096,14.841895,95.424,88.495,98.535
2022,64014,김병희,,318,True,53.459119,48.518533,12.091562,3.802378,43.479531,170,0.957928,148,7.069652,161,2.91214,157,4.715298,91,4.100429,7.182578,-4.503904,139,1.901173,-0.085198,4.675243,60,2.231681,-14.697213,10.696128,28,15.63762,-8.769801,17.515114,80.862,71.552,89.662
2022,79402,김상수,,984,True,41.260163,48.176181,54.513216,5.539961,56.758029,406,4.172456,578,6.500526,510,4.334255,474,6.83724,303,5.439418,11.542919,-4.679544,394,3.259038,1.214357,4.859626,192,7.417051,-15.76387,12.950561,95,11.526768,-16.345004,13.743841,108.708,105.419,108.514
2022,67610,김석환,,453,True,47.90287,47.999968,23.611719,5.2123,45.420043,217,1.534072,236,8.594399,217,4.181308,236,6.160288,124,6.402412,12.008433,-8.437054,181,0.790398,-2.821809,5.669221,102,7.062974,-20.251543,14.144516,46,15.299727,-14.557416,16.656869,103.457,101.776,102.5
2022,78603,김선빈,,2283,True,40.122646,44.553762,135.724327,5.944999,59.741105,916,3.452848,1367,7.614941,1099,4.622239,1184,7.172797,578,6.324003,11.75563,-4.681441,975,2.331842,0.076564,4.249042,501,8.857383,-16.443308,13.381742,229,14.00028,-34.245862,15.077203,115.199,112.277,111.496
2022,51604,김선우,,11,False,45.454545,50.723062,1.098073,9.982482,95.455758,5,8.145626,6,11.513196,6,6.3524,5,14.338581,4,4.181526,4.181526,,4,9.329478,24.002028,4.438628,2,18.83059,,18.83059,1,18.102108,,18.102108,179.904,153.48,175.161
2022,67449,김성윤,,175,False,48.571429,44.900376,7.773929,4.442245,53.248646,85,0.814173,90,7.868758,86,2.864081,89,5.967213,39,3.269944,5.598409,-3.482605,77,2.094838,1.617094,2.803749,52,5.723792,-16.753548,11.07554,7,27.275049,,27.275049,91.117,70.407,100.784
2022,63435,김성표,,64,False,39.0625,46.774659,1.938157,3.028371,32.90092,25,1.961551,39,3.71223,35,1.896921,29,4.393914,22,1.741845,7.902335,-7.156641,25,3.081714,1.585842,3.923142,7,7.811805,-10.580248,10.877147,10,2.376968,-28.69196,10.1442,68.458,47.375,86.806
2022,76802,김성현,,1246,True,44.94382,45.113677,73.995607,5.938652,60.630062,560,3.334577,686,8.064428,644,4.22093,602,7.776216,355,5.88788,10.283218,-4.031876,527,2.847219,0.238098,5.547005,261,8.234339,-14.469079,12.837797,103,16.11375,-44.739684,17.318769,115.098,102.72,116.857
2022,52514,김세민,,10,False,40.0,44.685305,0.664415,6.644154,81.779281,4,2.826018,6,9.189577,5,1.80913,5,11.479177,2,-0.270176,2.869649,-3.410001,6,4.006726,2.811475,5.201977,0,,,,2,21.470767,,21.470767,126.404,45.284,149.756
2022,67900,김수윤,,65,False,55.384615,48.255146,1.436434,2.209899,20.608616,36,-1.220493,29,6.468315,34,4.816122,31,-0.64854,20,5.329042,7.751514,-8.398298,29,-0.353404,-3.696098,2.766443,11,-1.916149,-24.793618,17.148409,5,13.677787,,13.677787,55.341,116.894,42.006
2022,68346,김수환,,684,True,40.643275,43.839712,36.537389,5.341723,50.251405,278,0.67908,406,8.534371,295,2.887964,389,7.202544,155,2.904888,9.797615,-5.913748,288,2.252208,-0.384918,4.926218,157,7.887697,-13.142825,15.568409,84,15.672343,-13.949137,17.153417,105.531,70.976,111.76
2022,51303,김시앙,,56,False,58.928571,51.948959,1.73376,3.095999,30.17735,33,1.372529,23,5.568805,29,6.330298,27,-0.377877,15,7.285036,11.359594,-9.013198,23,0.823588,-0.381432,3.577918,12,0.590576,-18.442453,10.10709,6,6.345167,-11.148954,9.843991,69.542,152.954,44.41
2022,52430,김영웅,,71,False,47.887324,54.365566,3.255469,4.585168,49.37794,34,2.145031,37,6.827457,33,3.761,38,5.300893,18,3.55125,10.389204,-7.194106,32,0.970739,-0.283825,3.365816,14,9.034642,-17.694939,13.489572,7,14.867971,,14.867971,93.407,91.767,94.864
2022,65898,김웅빈,,515,True,43.883495,45.247765,24.973139,4.849153,46.07555,226,0.498408,289,8.251466,240,1.893273,275,7.42883,128,3.612143,7.630868,-5.905892,219,1.275571,-1.30885,3.612787,113,8.817853,-12.817829,14.652194,55,13.803494,-16.298714,18.927274,97.638,47.288,113.77
2022,60288,김응민,,262,False,53.435115,46.826869,7.792165,2.974109,33.566636,140,0.738729,122,5.539298,131,4.073195,131,1.875022,84,4.63459,9.288566,-4.673361,98,1.396913,-0.656632,4.251841,55,1.892214,-14.785952,11.422595,25,5.957665,-11.941506,12.918454,67.588,99.202,64.427
2022,63257,김인태,,1167,True,40.874036,44.381349,72.498751,6.212404,60.447743,477,3.091799,690,8.369691,539,4.763267,628,7.456169,285,7.012842,11.637678,-4.05373,473,1.958155,0.366592,3.37783,255,8.070609,-18.247405,14.650112,154,14.720795,-7.758892,15.01658,119.485,115.636,114.013
2022,66715,김인환,,1624,True,55.357143,48.826916,75.838702,4.669871,47.270988,899,2.273706,725,7.641116,838,4.860349,786,4.466791,456,6.686028,10.170897,-7.101932,687,1.105865,-0.158412,3.30198,317,4.769278,-15.885445,13.086002,164,13.801531,-17.937753,15.429187,94.764,117.948,87.454
2022,65132,김재성,,738,True,43.224932,45.075186,47.038146,6.373733,54.502032,319,1.282463,419,10.249902,337,4.96121,401,7.560815,176,7.407235,10.889098,-3.362249,319,1.529133,-2.299793,5.102797,157,7.373874,-21.397568,14.452562,86,20.402904,-21.651473,20.897661,122.07,120.349,114.943
2022,52424,김재혁,,162,False,49.382716,47.061622,6.361293,3.926724,46.658889,80,2.009255,82,5.797425,81,3.48894,81,4.364508,40,5.596853,9.894348,-5.732907,63,1.247107,0.795919,1.932914,44,5.531375,-10.874854,11.000118,15,6.020461,-18.408585,9.778776,82.855,85.288,86.545
2022,62332,김재현,,309,True,53.074434,46.021102,11.344734,3.671435,37.880091,164,0.136092,145,7.67003,155,3.762079,154,3.580202,75,5.324353,8.399715,-8.075441,139,1.216452,-0.882451,3.900296,75,3.869745,-17.504952,13.323938,20,13.791458,-9.30926,16.358205,78.764,91.793,79.577
2022,64499,김재현,,70,False,51.428571,53.028337,3.765154,5.378792,50.095073,36,5.504772,34,5.245401,44,5.926394,26,4.452081,20,9.246105,13.056314,-5.994733,31,1.374394,2.440059,0.375333,16,4.942529,-9.466025,11.491872,3,23.302208,,23.302208,106.126,143.335,87.323
2022,74206,김재호,,1026,True,42.592593,47.217123,64.090499,6.246637,67.26278,437,4.545501,589,7.508771,537,4.551571,489,8.108091,285,6.247351,9.969574,-3.988763,451,3.358177,1.853252,4.504508,206,9.342419,-13.703672,13.424869,84,14.160461,-16.913617,14.918365,120.033,110.594,119.805
2022,78224,김재환,,2023,True,50.914483,45.671795,107.295564,5.303785,50.530891,1030,0.729687,993,10.048317,904,4.741308,1119,5.758189,455,6.753451,9.277194,-5.63583,884,1.951441,-0.901983,6.008776,464,7.589426,-15.99218,14.743396,220,10.955313,-22.396668,15.231207,104.923,115.113,98.927
2022,67504,김정율,,566,True,45.583039,45.127191,18.426349,3.255539,37.059786,258,0.857513,308,5.264275,268,3.157681,298,3.343545,147,4.70597,9.917291,-5.403993,240,0.989121,-1.041325,3.019567,128,2.823052,-14.947785,10.048557,51,10.825837,-15.67797,13.08148,72.099,77.399,77.474
2022,51907,김주원,,1267,True,46.566693,45.959716,64.956687,5.12681,51.111987,590,1.535539,677,8.256574,613,4.254303,654,5.94462,327,6.711213,9.984491,-3.229853,519,1.152289,-0.915801,3.244426,298,6.309899,-14.864934,12.932865,123,14.818814,-21.315226,18.725196,102.087,103.515,100.584
2022,69306,김주형,,480,True,45.625,45.831333,22.264078,4.63835,46.663902,219,1.247748,261,7.483337,244,4.090582,236,5.204686,131,6.277869,10.270402,-2.805142,192,0.856081,-1.432707,3.051449,112,7.458155,-12.774783,15.201625,45,8.985023,-43.552359,12.737694,94.259,99.616,94.01
2022,63920,김준완,,1824,True,33.004386,49.903544,125.623046,6.887228,68.606064,602,7.011166,1222,6.826172,1014,3.674424,810,10.909184,555,5.500772,12.032509,-4.223608,776,3.146583,2.930952,3.243718,348,12.625689,-16.367508,15.064369,145,18.440606,-19.253801,18.967801,130.299,89.705,144.692
2022,62558,김준태,,1140,True,43.157895,46.344616,70.256062,6.162812,62.129154,492,3.652161,648,8.069048,551,4.416954,589,7.796035,292,6.830472,10.596831,-5.817749,475,2.143266,-0.084968,4.288632,255,9.545907,-17.153734,13.240947,118,13.380093,-11.953473,14.040968,118.69,107.388,117.033
2022,50458,김지찬,,1645,True,38.419453,43.360027,77.553213,4.714481,49.443968,632,1.263041,1013,6.867798,770,3.05157,875,6.177843,403,3.898442,10.658864,-4.147929,687,2.30581,0.109776,4.100981,395,7.030645,-13.987706,13.412455,160,11.39408,-23.591746,14.230769,95.479,74.872,102.656
2022,78122,김태군,,819,True,44.810745,43.268168,34.854823,4.255778,44.47016,367,0.462815,452,7.335463,381,3.099865,438,5.261264,186,4.863199,11.011004,-4.441587,356,0.613481,-1.605789,3.271125,177,5.369374,-12.295234,13.124568,100,14.121489,-12.559095,16.129705,88.128,76.022,94.512
2022,69207,김태근,,32,False,53.125,44.305811,2.032188,6.350589,81.323312,17,5.908283,15,6.851869,15,7.618617,17,5.23174,9,12.604063,12.604063,,10,-0.48217,-0.767952,0.184656,6,4.212358,-7.620094,6.578849,7,9.90426,,9.90426,121.699,183.634,94.25
2022,66704,김태연,,1877,True,42.514651,47.86945,105.766275,5.634858,54.138194,798,3.569816,1079,7.162108,994,4.50161,883,6.910563,518,6.421512,11.676366,-4.921281,812,2.107244,0.872014,3.131039,400,8.351859,-21.626746,14.710957,147,14.955499,-15.291576,16.242609,110.229,109.404,109.166
2022,64984,김태진,,1052,True,49.429658,49.050665,54.948519,5.223243,55.722809,520,3.241094,532,7.160682,576,4.379501,476,6.244242,296,6.329161,10.268484,-3.780187,482,1.71202,-0.094109,3.881025,193,8.07911,-10.842443,13.666682,81,15.271091,,15.271091,103.633,106.496,103.246
2022,65040,김태훈,,39,False,69.230769,47.88732,0.814238,2.08779,40.108534,27,1.0044,12,4.525416,18,3.356498,21,1.000325,7,5.412575,6.804528,-2.93914,21,-0.210945,0.070022,-1.896746,8,3.273672,-4.98959,8.231629,3,7.258744,,7.258744,53.384,82.134,56.655
2022,50902,김한별,,77,False,58.441558,46.281282,1.48147,1.923987,27.380695,45,1.17118,32,2.982621,44,3.641893,33,-0.366555,23,5.068785,9.716753,-3.646155,34,0.501141,-0.20478,1.795329,14,3.188447,-10.629485,8.71562,6,-5.018687,-11.506269,7.956477,50.759,88.931,44.511
2022,61404,김헌곤,,855,True,50.292398,43.703097,34.246483,4.005437,42.129214,430,1.008697,425,7.037432,414,4.458769,441,3.57986,234,5.874326,10.300851,-3.696538,348,1.434618,-0.50254,4.083385,190,2.190164,-16.310737,10.938652,83,13.670818,-14.803862,16.708117,84.116,108.384,79.574
2022,76290,김현수,,2274,True,45.030783,43.272876,127.933235,5.625912,55.342535,1024,1.255398,1250,9.206237,1014,4.18315,1260,6.786992,553,6.130411,8.65857,-3.605217,912,1.208083,-1.481815,4.119068,549,8.225237,-15.935779,13.540661,260,14.560691,-19.630216,16.215089,110.086,101.82,108.068
2022,51417,김현준,,1597,True,39.887289,47.090366,79.53503,4.980277,51.859753,637,2.317278,960,6.747289,806,3.081065,791,6.915506,431,4.783416,10.629057,-5.019832,686,1.905313,-0.337288,3.508772,334,8.012265,-15.487617,13.909239,146,13.073352,-18.543211,16.426624,99.739,75.575,109.21
2022,67304,김혜성,,2189,True,44.952033,44.349302,106.58897,4.8693,51.50858,984,1.547815,1205,7.581616,1023,3.945765,1166,5.679571,528,5.122799,9.026177,-3.695944,942,1.629592,-0.210771,3.693783,487,6.937587,-13.996951,12.552841,232,13.105079,-13.757687,15.229111,97.96,96.167,98.229
2022,65653,김호령,,333,True,50.45045,50.275747,17.305343,5.1968,49.111411,168,3.700972,165,6.719824,178,5.053646,155,5.361195,97,7.685636,11.896513,-6.669627,136,2.542052,1.651806,3.486253,73,3.905534,-17.515635,11.442612,27,13.118685,-13.326141,17.717786,103.209,122.551,95.4
2022,66113,김호은,,8,False,37.5,45.756844,0.282996,3.537452,66.125551,3,2.383515,5,4.229814,5,3.547445,3,3.520796,2,6.461012,6.461012,,3,1.605066,,1.605066,2,1.002918,-5.77148,7.777315,1,8.556554,,8.556554,76.617,86.681,79.049
2022,64407,김호재,,124,False,45.16129,45.020674,2.60201,2.098395,24.568989,56,-2.014549,68,5.485525,53,2.654161,71,1.683527,25,4.512956,8.000132,-4.454065,51,-0.556699,-1.658113,0.682393,28,1.841972,-15.381493,10.000455,20,6.209674,-36.807307,10.989338,53.554,65.408,62.725
2022,51344,김휘집,,1674,True,43.07049,46.939181,84.102257,5.02403,49.818817,721,2.12788,953,7.215136,783,3.940168,891,5.976515,433,5.83117,10.056841,-4.698927,674,1.517944,-0.137289,3.068536,383,5.833393,-17.56559,12.011342,184,14.282855,-20.559811,15.457327,100.44,96.034,100.867
2022,62947,나성범,,2394,True,55.096074,43.261532,118.547326,4.951852,47.474556,1319,0.267348,1075,10.699629,1073,5.010327,1321,4.904354,562,7.533006,8.852858,-3.936058,947,0.883572,-1.155717,4.841817,564,4.57253,-17.799497,12.900803,321,13.101352,-17.934132,17.144707,99.283,121.519,91.341
2022,78629,나지완,,5,False,60.0,47.09096,0.402567,8.051345,100.0,3,7.882115,2,8.30519,3,7.882115,2,8.30519,1,5.877355,5.877355,,2,8.884494,8.884494,,1,5.156787,,5.156787,1,11.453593,,11.453593,148.955,189.909,121.557
2022,63704,노수광,,1376,True,45.857558,48.303283,67.000488,4.869222,56.963865,631,2.971042,745,6.476942,754,3.470965,622,6.564214,415,4.942236,8.415683,-4.931359,597,2.259378,0.362923,3.889976,280,7.889442,-16.282331,12.641158,84,12.989623,-30.033411,14.038965,97.959,84.86,106.089
2022,69737,노시환,,1867,True,43.813605,45.404169,112.952417,6.049942,59.735917,818,3.241345,1049,8.240059,938,4.356212,929,7.76008,490,6.624571,10.409693,-4.194322,804,1.625061,-0.158356,3.239434,399,9.956653,-14.960743,14.985164,174,15.919243,-10.739484,16.87134,116.881,105.942,116.713
2022,62931,노진혁,,1775,True,49.690141,46.241342,103.528976,5.832618,55.992875,882,2.790413,893,8.83735,884,5.098302,891,6.561166,495,6.907859,10.195283,-4.205379,721,1.710851,-0.270964,4.279637,406,8.711477,-14.040908,14.294884,153,14.138066,-15.376856,16.878738,113.398,123.614,106.062
2022,66965,도태훈,,610,True,43.770492,45.661592,31.782964,5.210322,57.327988,267,2.92438,343,6.989757,306,3.923524,304,6.505586,171,5.692831,9.500107,-4.063311,260,1.695601,-0.01812,3.210629,127,8.449087,-15.449949,12.916197,52,13.287152,-38.246992,15.348517,103.426,95.637,105.568
2022,52806,라가레스,,769,True,46.944083,46.073015,35.646983,4.635498,46.506074,361,1.27827,408,7.605987,391,3.960494,378,5.333717,208,5.547608,10.376084,-4.179322,321,1.621747,-0.968265,4.726213,161,4.804492,-17.717234,13.011562,79,14.135339,-12.383186,15.549661,94.214,96.518,95.156
2022,52025,라모스,,308,True,58.116883,44.454147,10.056873,3.265218,34.089009,179,-0.282987,129,8.188698,135,3.58571,173,3.015124,71,5.585148,8.888538,-7.864369,120,1.063499,-0.381917,4.719553,86,0.542552,-14.943145,10.667816,31,14.027818,-8.194778,15.560411,72.254,87.593,74.556
2022,52547,렉스,,941,True,46.758767,48.009371,55.212428,5.867421,60.848605,440,3.803944,501,7.679656,472,4.93942,469,6.801357,246,7.726613,11.483902,-4.18208,412,2.264542,0.643904,3.838656,208,7.939176,-12.801544,13.665142,75,13.815409,-5.679484,15.207901,113.956,119.831,108.196
2022,52112,루이즈,,347,True,50.144092,45.699004,15.208248,4.38278,47.469771,174,0.185236,173,8.604588,161,3.616752,186,5.045848,76,5.739839,8.404248,-4.251696,157,0.898086,-1.936996,5.128208,86,5.602454,-13.835021,11.114574,28,16.492374,-27.080789,18.106195,90.164,88.332,92.598
2022,66615,류승현,,11,False,36.363636,46.893776,0.917238,8.338529,83.242981,4,11.584453,7,6.483715,7,6.08142,4,12.28847,2,-4.616058,,-4.616058,6,10.442175,11.584453,8.15762,3,12.767627,,12.767627,0,,,,153.558,147.027,156.947
2022,62234,류지혁,,1853,True,42.957366,47.551167,112.4174,6.066778,62.929076,796,3.740806,1057,7.818409,965,3.985336,888,8.328705,525,5.398137,9.370836,-4.350658,786,2.935423,1.159115,4.436529,367,9.454539,-14.776453,14.09619,175,15.03234,-15.777813,15.753046,117.151,97.11,121.765
2022,52904,마티니,,2196,True,43.715847,47.655003,122.053424,5.557988,57.790365,960,3.108381,1236,7.460596,1126,4.215641,1070,6.970589,620,5.79258,10.035979,-3.95821,932,2.382917,0.623162,3.909919,454,7.601499,-16.793465,13.54986,190,15.484124,-21.118069,16.677673,108.997,102.594,109.699
2022,69102,문보경,,1747,True,44.705209,45.424245,105.5846,6.043766,64.231538,781,3.83945,966,7.825931,885,4.561364,862,7.565723,461,6.072757,9.689359,-4.089596,746,2.448185,1.517829,3.435082,375,8.453984,-15.826359,12.189422,165,16.741389,-12.471426,18.035628,116.782,110.827,114.987
2022,67063,문상인,,11,False,72.727273,60.950678,0.849919,7.726541,64.578681,8,5.175902,3,14.528244,8,7.150034,3,9.263894,7,7.348411,9.199474,-3.757968,1,5.761393,5.761393,,2,23.671349,,23.671349,1,-19.551017,-19.551017,,143.75,172.475,130.074
2022,50007,문상준,,11,False,36.363636,37.770183,-0.018196,-0.165415,-2.663057,4,-4.057195,7,2.058459,6,0.948191,5,-1.501742,1,-2.882565,,-2.882565,5,1.714342,5.991874,-1.137345,5,-1.501742,-14.106263,6.901272,0,,,,17.275,24.781,34.425
2022,64007,문상철,,211,False,49.763033,49.727274,8.282288,3.925255,42.34218,105,0.034953,106,7.778856,96,3.55967,115,4.230439,57,4.191276,7.855144,-5.197387,91,1.052836,-3.266469,7.07713,44,3.603715,-13.206178,9.207012,19,17.629188,,17.629188,82.831,86.972,85.354
2022,68119,문성주,,1483,True,43.627782,42.269155,91.322137,6.157932,59.316309,647,1.488111,836,9.772017,672,4.089709,811,7.871676,364,6.272572,9.648173,-3.707467,585,1.531299,-1.746808,5.029492,373,8.134749,-15.185345,13.333983,161,18.129977,-20.271181,19.360783,118.612,99.595,117.705
2022,79215,박건우,,1796,True,46.492205,46.841238,105.937093,5.898502,59.877417,835,2.95898,961,8.452613,911,4.269346,885,7.57552,515,6.301824,9.533668,-4.571417,747,1.838345,-0.762173,4.459836,375,9.065778,-16.44126,13.637795,159,16.197228,-15.191844,17.428172,114.454,103.873,115.074
2022,73113,박경수,,900,True,40.333333,50.22782,57.683782,6.409309,59.02424,363,5.391396,537,7.097395,459,4.989231,441,7.887349,252,7.764596,13.125347,-4.886776,397,1.996088,0.219334,3.220914,176,10.645624,-16.73507,14.968891,75,15.27498,,15.27498,122.64,121.017,117.844
2022,64468,박계범,,643,True,43.856921,46.639601,33.34882,5.186442,59.309842,282,2.98034,361,6.909768,333,3.668573,310,6.816926,189,4.259799,7.943765,-4.489621,263,2.833237,1.342147,4.225653,124,6.683532,-18.125821,11.172843,67,14.266876,-14.04235,15.593871,103.043,89.566,108.334
2022,64944,박대온,,444,True,58.783784,46.671113,14.3079,3.2225,38.245159,261,1.089333,183,6.264886,237,3.719056,207,2.653979,118,6.59308,9.600415,-4.048259,196,-0.771943,-1.293823,0.329804,95,4.239421,-11.67466,13.109565,35,11.467495,-14.95273,13.06872,71.569,90.768,71.347
2022,79365,박동원,,1799,True,46.414675,43.911602,98.356673,5.467297,50.392984,835,0.77871,964,9.52847,788,4.146394,1011,6.496843,435,6.653918,9.967788,-5.53257,690,0.82477,-1.861759,4.04176,439,5.775177,-16.970875,13.19685,235,16.32689,-25.098325,17.976567,107.544,100.945,105.49
2022,50657,박민,,5,False,80.0,67.926479,0.218074,4.361475,77.311796,4,6.168494,1,-2.866601,5,4.361475,0,,4,5.535152,8.335737,-2.866601,1,-0.333235,-0.333235,,0,,,,0,,,,89.822,106.067,
2022,62907,박민우,,1764,True,41.496599,44.58131,88.444989,5.013888,52.801501,732,1.483119,1032,7.518271,858,3.651195,906,6.304386,459,5.090043,9.336094,-3.157094,732,1.962412,-0.181357,3.712535,395,6.148354,-16.373452,12.794133,178,14.848785,-20.991663,16.982145,100.278,89.152,103.78
2022,75125,박병호,,1925,True,50.233766,45.348478,105.277139,5.468942,53.595643,967,2.153429,958,8.815604,899,5.163563,1026,5.736521,488,6.254045,9.860752,-4.448787,798,2.170458,0.603661,4.585521,423,6.346875,-14.765785,13.229999,216,14.161975,-19.524236,16.496663,107.57,125.168,98.735
2022,66707,박상언,,548,True,43.978102,47.829287,30.339776,5.536455,56.258539,241,4.468801,307,6.374582,302,4.085632,246,7.317547,175,6.707921,11.108177,-3.700376,216,1.438386,-0.848914,3.338008,118,8.544031,-10.306561,12.391091,39,13.877032,,13.877032,108.652,99.498,112.782
2022,74465,박석민,,254,False,40.15748,45.592235,16.276334,6.408005,53.539684,102,1.703506,152,9.564972,120,5.364341,134,7.342631,64,6.936377,11.073969,-1.535836,106,3.086699,-0.120191,5.452437,57,10.804047,-16.579741,17.352344,27,8.91424,-38.212445,14.805076,122.62,129.95,113.005
2022,67893,박성한,,2265,True,38.366446,47.550867,138.407109,6.110689,60.041099,869,4.251085,1396,7.268279,1172,4.390117,1093,7.955621,629,5.750976,11.332805,-4.411458,1022,2.916692,0.734572,4.319984,456,10.178426,-17.782536,14.013471,158,16.462821,-27.839431,18.825607,117.855,106.749,118.451
2022,62244,박세혁,,1565,True,49.265176,45.951754,85.81489,5.48338,56.188051,771,2.18822,794,8.683087,734,5.189823,831,5.74267,392,6.883869,9.382486,-3.853431,662,2.133911,0.350066,4.286418,342,7.222154,-14.298137,13.580422,169,11.836608,-23.690917,14.797235,107.802,125.794,98.789
2022,69418,박승규,,297,False,46.464646,45.458704,12.277448,4.133821,47.256248,138,1.437137,159,6.474339,150,3.734268,147,4.541527,80,4.772134,8.959775,-3.448049,119,1.281286,-0.679299,3.486944,74,5.62222,-9.808723,10.952909,24,11.560697,-15.793871,15.468492,86.174,91.13,88.118
2022,62802,박승욱,,857,True,46.55776,46.9921,42.156446,4.919072,49.729487,399,2.104948,458,7.370678,407,4.433258,450,5.358464,231,6.230883,10.60127,-5.423482,350,0.886919,-1.329311,3.233516,199,7.070273,-11.840772,12.438569,77,13.752008,-25.83845,17.711054,98.758,107.777,95.376
2022,67202,박유연,,74,False,41.891892,44.585635,4.03137,5.447798,56.473107,31,0.38908,43,9.09478,37,2.18324,37,8.712356,13,6.160483,14.540475,-3.616175,40,-1.251483,-3.509224,1.243916,17,17.485432,-5.34271,22.377176,4,18.964432,,18.964432,107.231,54.193,125.174
2022,67609,박정우,,10,False,60.0,56.776275,2.021599,20.215986,96.590385,6,27.05856,4,9.952125,6,26.884602,4,10.213062,3,26.384441,40.729622,-2.305921,5,19.973541,20.223029,18.975588,2,11.569416,,11.569416,0,,,,343.904,642.444,138.507
2022,50709,박정현,,778,True,50.128535,45.77477,33.487535,4.30431,50.462507,390,1.727932,388,6.893969,389,3.818627,389,4.789994,212,5.60736,8.836833,-2.967447,327,1.396554,-0.535936,4.110566,163,5.843746,-12.751377,11.692212,76,9.878806,-14.551884,11.972866,88.906,93.139,90.325
2022,50357,박주홍,,233,False,38.626609,46.648204,7.793365,3.344792,41.367486,90,2.167539,143,4.08572,118,1.812214,115,4.91735,65,1.865422,10.422376,-5.027681,105,2.443478,0.942406,3.808089,45,5.286598,-15.056352,10.372336,18,9.090112,-9.391765,11.400346,73.529,45.358,91.457
2022,66928,박준영,,1055,True,41.421801,49.371095,63.880958,6.055067,53.644031,437,2.68276,618,8.439692,549,4.033948,506,8.247941,314,5.766334,11.54754,-4.955175,438,1.84971,-1.363898,4.381247,212,10.227258,-20.136675,16.438062,91,17.572694,-48.794875,20.624077,116.963,98.267,121.048
2022,64657,박준태,,370,True,47.837838,49.962126,22.80803,6.164333,53.088164,177,2.792171,193,9.256936,189,5.097747,181,7.27806,102,7.253522,10.971684,-4.830506,149,1.241959,-1.340574,4.318212,86,9.611614,-13.101748,14.80324,33,16.039184,-21.681286,18.472763,118.714,123.601,112.431
2022,52348,박찬혁,,686,True,50.58309,47.23208,28.630665,4.173566,43.916808,347,1.533668,339,6.875763,325,4.07071,361,4.266165,170,6.061621,9.996983,-5.561426,297,0.838516,-0.186065,2.229019,153,4.147864,-14.126596,11.291516,66,14.377704,-16.362239,17.451699,86.811,99.143,85.671
2022,64646,박찬호,,2216,True,45.261733,47.031531,105.484063,4.760111,51.468968,1003,2.57024,1213,6.570862,1141,4.042848,1075,5.521411,623,5.595196,10.081817,-4.400901,946,2.034979,0.017248,3.944765,469,6.11318,-15.46057,12.412953,178,12.755212,-18.04913,14.016208,96.211,98.479,96.824
2022,62415,박해민,,2556,True,45.57903,44.941115,113.702493,4.448454,45.742763,1165,1.036824,1391,7.305786,1193,3.88038,1363,4.945675,632,5.593764,10.950407,-3.963243,1059,1.124046,-0.745864,3.254611,592,5.971327,-13.6686,13.94859,273,11.390475,-18.760661,14.429904,91.216,94.61,91.708
2022,64501,배성근,,152,False,53.289474,48.723106,5.641312,3.71139,45.705673,81,2.932608,71,4.599859,79,4.609195,73,2.739793,55,5.229175,8.034931,-3.835575,49,1.204596,1.369608,1.002081,36,3.439377,-12.542296,9.586174,12,7.806986,-5.741176,10.516618,79.404,111.966,72.11
2022,64166,배정대,,2371,True,42.977647,47.932415,115.069642,4.853211,54.042092,1019,2.885842,1352,6.336014,1205,3.653328,1166,6.093228,636,5.566591,9.488472,-4.216563,1030,1.156751,-0.184902,2.291626,513,7.835928,-13.918355,12.402276,192,14.350665,-10.271553,14.874542,97.703,89.203,101.904
2022,78643,백용환,,20,False,50.0,42.044733,1.048252,5.241259,57.241593,10,2.155147,10,8.327371,11,4.667513,9,5.942504,5,1.868048,3.193913,-3.43541,8,6.867742,8.649404,3.898306,5,4.226483,-34.471203,13.900904,2,9.705292,,9.705292,103.921,113.355,100.565
2022,69727,변우혁,,206,False,56.31068,46.722922,5.701031,2.767491,35.235357,116,0.007028,90,6.325421,103,2.247165,103,3.287817,48,5.324032,8.060378,-3.880043,100,-1.155903,-1.721178,-0.233613,34,2.153181,-10.889434,11.283011,24,14.872158,-12.751199,18.818351,64.277,55.716,76.979
2022,78168,서건창,,984,True,44.004065,43.866552,52.498592,5.335223,56.800565,433,1.996061,551,7.959283,447,4.401094,537,6.112794,229,6.110085,9.724961,-4.071815,409,1.698878,0.251125,3.287693,236,7.29476,-16.197101,12.829492,110,13.038595,-20.819094,14.650865,105.427,107.011,102.078
2022,66203,서예일,,95,False,54.736842,46.39544,4.438174,4.671762,47.397974,52,1.9049,43,8.017735,51,5.660946,44,3.525208,30,6.690757,9.571141,-2.77336,40,2.982664,1.006349,5.947137,17,3.069204,-21.339201,10.579482,8,8.951453,-59.877041,18.784095,94.795,137.013,79.088
2022,69995,서호철,,792,True,48.484848,44.403365,28.328657,3.576851,38.724176,384,0.609022,408,6.370101,375,3.910658,417,3.276664,216,6.12994,10.28694,-4.432926,311,-0.098794,-2.727396,3.153864,181,4.459751,-15.18272,11.751275,84,8.717959,-18.443214,11.57703,77.248,95.331,76.88
2022,52804,석정우,,26,False,50.0,45.897012,0.772487,2.971104,53.961986,13,2.422001,13,3.520207,17,1.636391,9,5.492228,10,3.280003,6.30079,-3.768501,10,-0.726422,-2.103252,1.338824,3,8.123853,,8.123853,3,9.113777,,9.113777,67.54,41.171,96.564
2022,52630,소크라테스,,1978,True,53.033367,44.846596,75.483644,3.81616,41.944599,1049,0.70919,929,7.32446,941,4.23363,1037,3.437337,475,6.040652,8.948489,-4.461436,827,1.381096,0.179574,3.163533,479,3.097882,-14.416325,11.556757,197,10.421333,-15.728151,14.574486,81.083,103.023,78.307
2022,77532,손아섭,,2396,True,44.616027,42.64669,123.279357,5.145215,54.425249,1069,1.497927,1327,8.083385,1112,4.289419,1284,5.886372,598,5.745681,9.586701,-3.538613,967,1.92462,-0.358772,4.26056,541,6.310424,-13.539957,12.525713,290,12.472314,-18.992749,15.834992,102.382,104.351,100.066
2022,50150,손호영,,306,True,51.30719,46.817309,13.667914,4.466639,47.898476,157,1.387455,149,7.711148,154,4.314295,152,4.620987,79,5.801068,7.550283,-3.965384,138,1.525203,0.064945,2.985461,73,6.080485,-13.929512,14.161446,16,15.884605,,15.884605,91.508,104.944,88.824
2022,64012,송민섭,,270,False,48.148148,44.682934,13.462989,4.986292,57.350706,130,2.421688,140,7.36771,133,4.114537,137,5.832594,77,5.43202,7.563261,-3.377109,103,0.188203,0.035917,0.392404,57,8.523436,-17.357979,13.376201,33,12.812504,,12.812504,99.835,100.186,99.588
2022,65357,송성문,,2146,True,46.272134,45.219084,113.047568,5.267827,57.478298,993,2.725054,1153,7.457743,1093,4.037712,1053,6.54467,607,5.240368,8.421664,-4.1176,905,1.90005,0.034431,3.88041,436,8.458568,-15.451196,13.031474,198,13.719052,-10.874122,14.226128,104.347,98.357,105.915
2022,69203,송승환,,112,False,55.357143,49.246076,5.131611,4.581796,43.79438,62,2.917117,50,6.645998,61,4.954092,51,4.1365,33,6.107266,9.608821,-6.89851,50,1.881248,3.285844,0.232374,18,4.121788,-17.185904,21.167942,11,13.033346,-20.198646,16.356546,93.353,120.18,84.519
2022,64469,송준석,,107,False,48.598131,43.971934,3.092039,2.889756,27.751844,52,-2.137105,55,7.642425,51,2.428397,56,3.309922,26,3.744642,7.891549,-5.585898,50,-1.216241,-3.98762,2.310968,24,5.07873,-23.58733,14.634083,7,21.537964,,21.537964,66.237,60.032,77.175
2022,68110,송찬의,,301,True,53.156146,49.183352,16.708562,5.551017,49.602494,160,4.14384,141,7.147815,163,6.038025,138,4.975784,95,7.8958,12.557071,-9.583966,111,2.533202,2.212787,2.969512,68,3.683315,-20.0183,14.273399,27,14.411273,,14.411273,108.886,145.993,91.976
2022,65207,신민재,,13,False,38.461538,30.667131,1.033333,7.948718,48.676063,5,-4.328846,8,15.622195,5,5.695739,8,9.356829,3,3.694625,3.632731,3.818413,3,3.580159,7.413416,-4.086354,5,6.51268,-43.736523,19.07498,2,24.47279,,24.47279,147.311,137.842,130.9
2022,66662,신범수,,17,False,70.588235,53.799535,0.316081,1.859299,21.74636,12,-1.028651,5,8.790378,8,6.493403,9,-2.259905,4,3.494435,3.494435,,6,6.723157,7.368382,6.077932,6,-2.002519,-9.433302,12.859046,1,-10.693491,-10.693491,,49.723,156.838,27.689
2022,62556,신본기,,529,True,44.42344,48.30375,25.36536,4.794964,50.494951,235,2.722951,294,6.451165,281,3.315582,248,6.471199,141,6.177075,10.709305,-4.152193,230,1.319815,0.089282,2.508278,109,5.50358,-18.217507,11.502015,49,15.553488,-9.461025,16.617935,96.769,81.16,105.262
2022,64086,신성현,,93,False,50.537634,50.412745,4.350235,4.677672,55.383608,47,2.183978,46,7.225578,51,3.909394,42,5.610582,28,5.163993,7.332836,-4.812685,38,0.115181,-1.340742,1.913673,21,8.795985,-12.61756,12.364909,6,16.889866,,16.889866,94.889,95.301,97.616
2022,69508,신윤후,,258,False,47.286822,43.610361,8.899635,3.449471,36.558783,122,-0.025243,136,6.566494,131,2.187017,127,4.751687,75,4.238125,10.775436,-3.645102,108,0.348142,-2.734268,4.059616,59,6.819762,-13.006077,16.237036,16,8.258672,-12.145084,12.967231,75.207,54.283,89.985
2022,50312,신준우,,197,False,43.147208,41.888958,7.555279,3.835167,36.424781,85,-0.719679,112,7.29197,89,1.804712,108,5.508412,57,2.404856,8.108522,-6.669157,68,-0.715471,-4.066513,3.05445,45,7.895705,-14.703681,14.352672,27,11.548017,-12.884913,15.797223,81.388,45.179,96.708
2022,64006,심우준,,1937,True,41.45586,45.78604,104.416589,5.390634,52.164183,803,2.428053,1134,7.488477,910,4.739708,1027,5.967404,508,6.566533,12.605167,-3.976597,820,2.245859,-0.557319,4.539368,423,5.969016,-16.943235,13.249545,186,14.727752,-20.875803,16.538103,106.315,115.075,100.786
2022,50202,안권수,,1064,True,45.582707,46.8657,53.964597,5.071861,54.344098,485,2.435729,579,7.28002,518,4.111514,546,5.982959,284,5.243252,9.65571,-3.965355,456,1.930346,-0.003698,4.117443,231,7.612017,-13.127986,12.768991,93,13.642604,-13.557122,15.188043,101.207,100.114,100.924
2022,66864,안상현,,158,False,53.797468,46.011427,9.359257,5.92358,57.62199,85,1.529839,73,11.03958,83,3.817438,75,8.254378,52,3.718641,6.894814,-4.11592,57,2.276056,0.369333,6.407287,30,9.443654,-15.360116,16.992627,19,17.342716,-15.977492,21.26274,114.856,93.111,121.105
2022,64011,안승한,,120,False,52.5,46.773739,3.339888,2.78324,27.363295,63,0.845327,57,4.925144,65,2.352158,55,3.292702,32,5.475227,12.094319,-9.086775,55,0.356427,-0.363084,1.435694,24,2.53437,-23.175274,13.120693,9,8.705914,-38.610695,14.62049,64.53,58.216,77.022
2022,65115,안익훈,,21,False,33.333333,37.484988,1.335496,6.359506,59.313549,7,1.749735,14,8.664392,7,6.867499,14,6.10551,3,3.504405,17.554702,-3.520744,11,5.947414,0.602067,10.40187,5,6.99073,-8.316893,10.817636,2,11.330607,,11.330607,121.842,165.747,102.013
2022,51203,안재석,,997,True,47.041123,46.994961,46.927696,4.70689,47.268189,469,1.163932,528,7.85395,480,3.29189,517,6.020624,261,4.491755,9.482941,-5.842936,403,0.789502,-1.220018,3.571915,234,6.551388,-13.63571,12.902385,99,16.860882,-24.676551,18.158927,95.358,80.595,101.259
2022,66406,안주형,,86,False,53.488372,45.267652,5.865978,6.820905,64.805882,46,2.214353,40,12.118441,40,4.878983,46,8.509533,23,8.654436,9.632541,-1.61566,33,0.165601,-1.470962,2.683389,21,14.309274,-12.193025,20.545109,9,9.065137,-22.2318,12.977254,129.237,118.391,123.372
2022,64022,안중열,,348,True,35.632184,47.021656,19.320753,5.55194,60.0208,124,4.682349,224,6.033321,174,2.927382,174,8.176499,95,2.906863,9.496512,-8.389679,143,2.95268,1.40864,3.976055,81,10.690501,-9.924563,12.640574,29,12.681364,,12.681364,108.9,71.915,120.413
2022,79608,안치홍,,2138,True,39.008419,44.867362,99.024143,4.631625,53.419085,834,2.103381,1304,6.248616,1031,3.166239,1107,5.996407,569,4.114549,9.793886,-3.670876,914,2.113091,0.238465,3.533481,474,7.127444,-13.83788,12.804381,181,12.43902,-16.429832,14.127257,94.152,77.603,101.044
2022,52009,알포드,,1312,True,49.618902,46.013865,64.638522,4.926717,49.038884,651,1.844941,661,7.961869,624,4.352418,688,5.447592,316,7.008889,10.448428,-5.078634,546,0.747215,-0.345485,2.317971,311,5.702591,-15.387807,12.642594,139,14.874518,-12.191486,16.095541,98.881,105.851,96.168
2022,64153,양석환,,1692,True,53.841608,45.057661,57.325349,3.388023,34.939037,911,-0.623666,781,8.06747,780,3.829653,912,3.010313,403,5.859525,9.466537,-3.992964,719,0.580989,-1.395606,3.73498,354,1.006482,-15.585123,12.926664,216,12.023706,-16.820453,15.970801,74.222,93.402,74.513
2022,68002,양승혁,,16,False,62.5,50.842736,0.947986,5.92491,62.351756,10,7.315118,6,3.607897,9,8.317921,7,2.848183,5,6.329126,10.749929,-11.354085,7,4.541661,6.389676,-0.078377,3,3.382906,-1.796914,5.972816,1,21.212591,,21.212591,114.878,200.288,73.073
2022,76232,양의지,,1851,True,45.32685,44.159888,108.271228,5.849337,56.602791,839,2.114989,1012,8.945303,867,4.684307,984,6.875842,482,6.436038,9.809622,-3.41044,740,1.462988,-1.175532,4.60111,446,8.986473,-16.304407,13.855306,183,14.395487,-16.782845,15.45238,113.666,113.755,108.857
2022,50293,양찬열,,338,True,51.47929,48.698502,14.117894,4.176892,42.669967,174,1.315337,164,7.212932,172,4.519499,166,3.821901,90,7.161776,10.17531,-2.739835,147,0.164824,-1.203915,1.891541,74,5.745007,-17.284436,13.700632,27,11.77296,-11.525619,15.824887,86.864,109.83,81.724
2022,68330,예진원,,54,False,31.481481,42.608238,3.290259,6.093072,57.704209,17,0.594967,37,8.619228,23,2.821309,31,8.520508,13,4.508959,10.235626,-4.653709,19,-0.354978,-3.567669,1.519092,18,12.787602,-23.398446,17.310858,4,11.74429,,11.74429,117.572,69.389,123.47
2022,78756,오선진,,1210,True,42.231405,46.112614,55.985972,4.62694,50.249888,511,2.102599,699,6.472345,595,4.086662,615,5.149648,311,5.272927,10.554019,-3.36479,504,1.746577,0.638013,2.786921,252,5.542331,-13.844589,11.868589,143,11.760662,-21.650667,14.821242,94.076,99.523,93.521
2022,68904,오영수,,989,True,48.028311,45.708213,45.995116,4.650669,49.551031,475,1.3856,514,7.667999,492,3.575916,497,5.714609,253,6.244144,9.891976,-4.528359,426,1.199038,-1.134628,3.55472,218,4.76218,-13.2797,13.117145,92,15.986929,-17.437954,17.113611,94.457,87.359,98.54
2022,64504,오윤석,,1301,True,44.3505,44.428596,74.073134,5.693554,60.396018,577,3.725838,724,7.261747,651,4.588997,650,6.799809,355,6.218803,10.179894,-4.316882,552,1.908357,0.742161,3.024927,264,8.94426,-13.03115,12.984582,130,13.730315,-17.838777,15.800419,111.17,111.485,108.182
2022,77248,오재원,,115,False,56.521739,54.548613,7.497177,6.519284,68.401802,65,4.845278,50,8.695492,71,5.98713,44,7.377988,39,8.188526,10.482917,-2.300117,49,1.757744,1.299103,2.422772,19,8.103179,-14.546061,14.142977,8,23.784416,,23.784416,124.403,144.781,113.319
2022,75334,오재일,,2098,True,51.429933,46.461588,114.300975,5.448092,50.376824,1079,1.367531,1019,9.768922,991,5.157642,1107,5.708106,505,7.568319,10.148396,-4.657732,905,1.953592,-0.480743,5.332114,473,5.76941,-17.542101,14.142797,215,14.470537,-28.243775,16.77376,107.236,125.027,98.482
2022,61743,오준혁,,230,False,45.652174,46.838505,13.914554,6.049806,63.708611,105,2.734576,125,8.834599,113,3.084502,117,8.913732,61,5.106304,6.826146,-1.916386,100,3.27717,0.935959,5.271535,57,8.788414,-9.040479,12.581795,12,20.942858,,20.942858,116.879,75.657,126.963
2022,79109,오지환,,2323,True,44.511408,46.409093,142.540321,6.136045,64.829909,1034,3.699767,1289,8.090359,1174,4.459632,1149,7.848933,645,6.313637,9.56037,-4.308124,954,2.231022,-0.093258,4.535892,508,9.792871,-13.182506,13.045565,216,14.252607,-11.234213,14.490802,118.261,108.405,117.503
2022,60558,오태곤,,1048,True,53.244275,43.697088,42.988146,4.101922,43.809145,558,0.541244,490,8.156735,480,4.102279,568,4.101621,254,6.522686,9.320265,-4.891435,432,0.849997,-1.001296,3.759173,250,2.690051,-15.17444,10.79139,112,14.306615,-12.614258,17.537119,85.663,99.894,84.209
2022,51996,오태양,,10,False,60.0,41.297486,0.286948,2.869477,43.613495,6,-0.434569,4,7.825547,5,-0.203335,5,5.942289,1,6.188652,6.188652,,6,-2.592648,-1.759214,-6.75982,2,8.065658,,8.065658,1,21.93069,,21.93069,65.912,-2.642,100.563
2022,67760,원혁재,,93,False,44.086022,44.956862,3.91454,4.209182,38.577595,41,-1.382297,52,8.617849,42,1.995765,51,6.031997,20,2.050136,8.795701,-6.194443,39,1.824602,-1.680949,5.514656,23,4.615895,-12.029036,13.493191,11,15.738743,-11.787806,21.855754,87.382,49.729,101.36
2022,61102,유강남,,1847,True,51.055766,43.391336,69.200062,3.74662,38.197387,943,-0.160488,904,7.822286,821,4.006671,1026,3.538528,433,5.087349,9.308609,-5.197785,756,1.244967,-0.549048,4.032963,426,3.674263,-15.42376,13.529115,232,9.529108,-16.776652,13.586216,79.969,97.618,79.206
2022,69766,유로결,,245,False,40.0,45.366517,12.848345,5.244223,65.845673,98,4.252227,147,5.905553,131,3.870184,114,6.823162,73,5.42321,9.980716,-3.3272,104,3.116931,1.391364,4.239919,50,7.439948,-13.258934,11.382592,18,10.710108,-13.33052,12.124263,103.969,94.367,108.389
2022,52705,유상빈,,155,False,60.645161,44.644809,3.549252,2.28984,21.882607,94,0.403388,61,5.196832,79,4.86701,76,-0.38906,47,6.55232,10.729478,-13.811326,58,-0.603174,-1.931947,2.349657,36,0.271843,-20.235195,10.525361,14,5.154563,-20.143666,12.05408,56.622,118.106,44.311
2022,51013,유준규,,58,False,36.206897,49.270814,2.412762,4.159934,47.25449,21,6.682998,37,2.727925,36,2.33206,22,7.151001,21,4.1465,13.480695,-8.299093,23,0.090532,-1.650352,0.852168,10,10.199492,-4.936461,13.983481,4,12.530634,,12.530634,86.592,57.738,111.302
2022,52591,윤동희,,51,False,56.862745,47.471798,1.981126,3.884561,37.776133,29,1.194577,22,7.43045,22,5.961492,29,2.308959,9,12.080184,17.574307,-7.149247,24,1.590773,1.008091,3.005855,16,0.753479,-21.102996,10.68824,2,19.57839,,19.57839,82.179,144.171,68.282
2022,68463,윤정빈,,37,False,54.054054,48.951832,-0.164709,-0.44516,-3.297539,20,-5.990672,17,6.078973,14,-0.219745,23,-0.582368,8,1.812993,6.848117,-6.578879,17,-7.907655,-9.144207,-4.939931,7,7.95808,-19.273117,18.850559,5,9.549745,-5.777303,13.381508,12.792,-3.032,42.594
2022,63905,윤형준,,242,False,58.677686,46.972664,4.586114,1.895088,21.756473,142,-1.442483,100,6.63444,117,3.720244,125,0.186743,65,5.604041,7.912941,-4.593601,106,-1.668197,-3.807936,2.492407,49,2.150025,-18.078213,13.895454,22,7.537562,-32.255107,9.432451,50.296,90.796,49.427
2022,71564,이대호,,2062,True,52.085354,44.009399,81.743795,3.964297,40.883463,1074,0.10387,988,8.160752,945,4.049353,1117,3.892337,468,6.254033,9.450754,-4.531165,883,0.586681,-1.225135,3.398661,478,4.015178,-14.638287,12.881332,233,12.060934,-17.635081,15.157201,83.457,98.634,82.35
2022,65703,이도윤,,468,True,49.358974,45.231004,17.417556,3.7217,41.61241,231,0.39703,237,6.962202,234,2.746177,234,4.697223,129,4.163528,8.31397,-4.433817,204,0.589816,-1.838227,3.855117,95,5.630106,-15.768787,13.693457,40,13.736947,-6.540508,14.256882,79.569,67.6,89.501
2022,69366,이명기,,13,False,69.230769,42.624569,0.01411,0.108537,1.453656,9,-2.13434,4,5.155011,7,3.407871,6,-3.740686,4,5.169733,5.169733,,3,1.058722,2.77871,-2.381254,6,-3.740686,-15.148471,7.667099,0,,,,21.665,83.357,14.533
2022,76849,이명기,,1290,True,43.255814,45.290425,56.273961,4.362323,46.983258,558,1.107948,732,6.843116,649,3.058562,641,5.682354,351,4.249984,9.48809,-3.834918,549,1.592634,-0.682682,3.778563,277,8.022469,-14.30235,14.460324,113,9.195324,-23.738631,13.852651,89.836,75.039,98.254
2022,67363,이병규,,168,False,44.642857,47.523738,11.671384,6.947252,60.043338,75,3.666052,93,9.593382,80,6.166812,88,7.656744,45,10.230985,15.665098,-1.801694,74,-0.633261,-4.642611,4.348053,31,14.749266,-6.772359,17.055155,18,16.465453,,16.465453,131.261,149.06,115.795
2022,69428,이병헌,,19,False,36.842105,58.535804,3.414964,17.973492,93.630321,7,29.344107,12,11.340633,10,24.59757,9,10.613406,6,35.591833,42.900197,-0.949985,8,7.097864,-4.546117,10.979191,4,15.37928,,15.37928,1,9.645319,,9.645319,307.966,587.98,142.064
2022,60566,이상호,,281,False,48.754448,42.547795,12.284204,4.371603,45.757858,137,0.419289,144,8.13179,133,3.188893,148,5.434444,72,4.49051,8.060266,-6.218759,123,1.06133,-2.648766,5.085841,61,6.251646,-10.612709,12.767419,25,15.728387,-13.937366,18.308018,89.984,78.143,96.051
2022,64266,이성곤,,536,True,39.738806,47.567264,28.232236,5.267208,53.221266,213,2.798677,323,6.895063,257,3.887058,279,6.53853,145,5.184882,10.025767,-4.908879,215,1.332485,-0.781184,2.974509,123,8.764787,-12.412401,12.633696,53,13.337032,-38.570003,15.372602,104.337,94.769,105.86
2022,66409,이성규,,133,False,42.105263,42.570956,8.439064,6.345161,55.235066,56,1.155072,77,10.119771,61,3.89403,72,8.421814,33,4.290491,9.494301,-6.117129,49,4.971516,2.318808,7.518116,33,10.694591,-13.761313,16.129237,18,5.877467,-29.31852,15.933463,121.612,94.935,122.593
2022,66702,이시원,,61,False,63.934426,54.723573,2.90194,4.757279,61.109787,39,4.982392,22,4.358216,40,6.119963,21,2.161691,20,7.925732,11.411436,-2.531378,27,3.175779,3.398731,2.538774,12,1.977369,-11.208218,8.570163,2,11.102457,,11.102457,96.165,147.945,66.974
2022,51100,이영빈,,286,False,44.755245,44.644103,9.57944,3.349455,32.592956,128,-0.316877,158,6.319648,143,2.503158,143,4.195751,85,2.758531,9.170084,-7.344523,107,-0.98913,-4.633974,3.013051,69,6.609066,-12.070938,13.707467,25,14.931211,-28.554325,16.743108,73.604,61.812,85.046
2022,74163,이용규,,1436,True,43.593315,50.070588,91.028465,6.33903,64.630875,626,4.475044,810,7.779591,775,4.951035,661,7.966405,412,6.44923,10.40591,-3.769327,629,3.240614,1.893239,4.342659,297,9.595484,-17.508433,13.936346,98,15.893455,-21.423683,17.899753,121.514,120.107,118.547
2022,63260,이우성,,533,True,39.774859,46.956039,25.499347,4.784118,53.840836,212,3.942677,321,5.339835,277,3.428477,256,6.250963,157,5.599256,11.539803,-4.268093,214,1.1456,0.255904,1.897239,120,6.771996,-20.008234,10.892031,42,14.596518,,14.596518,96.595,83.848,103.305
2022,68700,이원석,,160,False,38.75,50.25685,5.637504,3.52344,46.52119,62,3.042173,98,3.827916,88,1.678804,72,5.777996,48,1.864674,8.480777,-7.39787,71,1.833339,0.156059,2.991462,28,6.129655,-10.674551,9.782743,13,13.265282,,13.265282,76.392,42.181,99.103
2022,75566,이원석,,1277,True,44.635865,47.621937,79.111095,6.195074,58.017377,570,2.687854,707,9.022677,641,4.298961,636,8.106094,340,6.652194,10.583192,-4.779329,532,1.632887,-0.815091,4.312169,277,9.867008,-22.929055,14.766005,128,15.996144,-31.143281,17.12749,119.207,104.578,119.788
2022,67207,이유찬,,119,False,56.302521,53.008409,5.003096,4.204283,48.560664,67,5.151759,52,2.983496,71,5.763303,48,1.898231,41,7.919795,11.352081,-6.238385,53,0.844502,1.92287,-0.363271,21,4.569876,-15.992775,10.995704,4,8.718012,-3.327345,12.733131,87.303,139.451,64.633
2022,67993,이재용,,23,False,39.130435,46.752138,1.492839,6.490602,59.398945,9,0.180875,14,10.546856,10,-0.107788,13,11.566287,5,5.136336,10.001561,-2.1615,10,-1.605828,-5.153213,1.941556,6,14.980821,-2.610747,18.499134,2,24.887765,,24.887765,123.943,-0.366,150.53
2022,68106,이재원,,943,True,49.31071,43.05201,38.511515,4.083936,39.100033,465,-0.2806,478,8.329771,424,3.632508,519,4.452732,215,6.072677,10.418675,-6.570227,362,-0.521919,-2.129901,1.912387,231,3.9208,-14.662865,13.212633,135,13.54634,-20.410775,16.262909,85.374,88.707,87.329
2022,76812,이재원,,957,True,50.679206,45.965541,49.029074,5.123205,54.57244,485,2.277638,472,8.047146,470,4.4066,487,5.814796,245,6.239639,10.201342,-4.504979,440,2.114373,0.129199,4.82531,204,6.954711,-14.867046,13.487339,68,15.075157,-11.090219,17.151774,102.03,107.142,99.43
2022,52415,이재현,,841,True,50.653983,46.989191,24.451811,2.907469,32.343799,426,0.992568,415,4.873126,419,4.435272,422,1.390527,240,5.59488,10.680204,-4.203673,351,0.691241,-0.963026,2.62122,175,0.53778,-14.00053,10.229987,75,10.208971,-11.398814,13.155488,66.52,107.825,60.122
2022,51307,이재홍,,12,False,50.0,41.903281,0.38411,3.200917,69.143483,6,1.260986,6,5.140848,5,1.045358,7,4.740602,1,4.0798,4.0798,,7,1.179538,2.126293,-0.082802,3,5.048368,-5.019056,10.08208,1,10.929333,,10.929333,71.223,27.095,89.886
2022,67807,이정범,,38,False,65.789474,51.108343,0.528828,1.391653,13.885466,25,-1.721974,13,7.379396,20,3.908134,18,-1.404438,11,6.244703,8.742525,-4.995494,16,-1.17078,-1.638334,0.231881,7,-7.624643,-25.518018,16.233189,4,14.074013,,14.074013,42.228,95.271,35.29
2022,67341,이정후,,2313,True,40.639862,44.022329,117.866859,5.095843,56.153343,940,2.14986,1373,7.112758,1150,3.359154,1163,6.81312,613,4.370851,9.346353,-3.256882,986,2.28366,0.470119,3.955794,511,7.444335,-16.81198,12.490566,203,15.032562,-23.692533,16.621284,101.591,82.197,108.3
2022,67644,이정훈,,53,False,43.396226,41.562921,0.108164,0.204083,2.567348,23,-5.432623,30,4.525558,16,0.65827,37,0.007678,2,4.573361,11.885779,-2.739058,27,-2.088876,-2.871444,-0.950596,17,0.299378,-15.148834,8.725675,7,7.568561,,7.568561,23.196,17.877,47.836
2022,51302,이주형,,338,True,43.195266,45.705831,15.451755,4.571525,46.845413,146,-0.138526,192,8.153126,135,2.643664,203,5.8536,65,4.653009,10.167537,-4.170236,161,1.347112,-0.668659,3.658529,74,5.922673,-17.579644,12.932136,38,15.46229,-23.522541,18.803847,93.188,65.158,99.775
2022,79456,이지영,,1519,True,52.863726,44.523503,55.348668,3.643757,38.147538,803,0.361042,716,7.325349,740,4.068249,779,3.240517,391,5.768209,10.086543,-3.984028,632,1.252612,-0.587015,4.063561,339,2.364711,-14.765523,12.887569,157,10.740188,-14.978295,14.711424,78.32,99.084,76.559
2022,66657,이진영,,996,True,42.871486,48.791388,54.303172,5.452126,54.192158,427,3.802782,569,6.689858,532,4.018875,464,7.095422,293,5.775273,11.543622,-5.52836,424,1.747199,-0.205223,3.457729,195,9.78281,-17.324043,14.518345,84,12.972639,-12.107236,14.90186,107.301,97.908,110.808
2022,64560,이창진,,1621,True,40.345466,47.247887,102.84568,6.344582,62.457571,654,5.242378,967,7.090024,850,4.59599,771,8.272343,474,6.39787,12.170024,-5.368443,670,2.544272,0.579153,4.156951,348,10.295264,-18.131074,13.373275,129,15.229175,,15.229175,121.603,111.652,121.265
2022,61186,이천웅,,79,False,41.772152,46.024999,6.205442,7.85499,74.277677,33,7.160669,46,8.35309,41,5.880016,38,9.985882,28,8.859268,12.281242,-3.687968,23,1.413086,-0.940104,2.92585,18,12.438379,-12.712162,15.582196,10,11.609289,,11.609289,145.809,142.23,136.489
2022,68466,이태훈,,66,False,56.060606,50.499931,1.608323,2.436853,26.82873,37,0.457317,29,4.962468,34,3.264201,32,1.557796,19,4.144267,10.72382,-7.134968,29,1.125685,-1.842635,6.765492,13,5.784676,-16.059354,12.337885,5,-5.150882,-9.525662,1.411289,58.978,79.936,61.608
2022,69453,이학주,,912,True,51.754386,46.244646,45.678705,5.00863,53.796859,472,2.499588,440,7.700147,466,4.028442,446,6.032772,245,6.05594,9.15425,-6.027468,383,0.848579,-0.157578,2.296931,212,8.327109,-10.018818,13.270623,72,13.80295,-19.802274,16.85797,100.193,98.136,101.367
2022,69416,이해승,,363,True,53.168044,47.314301,10.841528,2.986647,38.112861,193,1.322037,170,4.876468,185,3.75153,178,2.191684,85,5.677341,9.050391,-5.285072,172,1.210961,0.895615,1.590994,80,1.693809,-10.882005,9.239297,26,9.914957,-22.712449,15.847213,67.789,91.542,67.24
2022,60343,이해창,,41,False,48.780488,46.806141,0.33883,0.826414,12.832163,20,-1.292693,21,2.844612,18,2.171569,23,-0.226315,10,1.708437,6.454879,-5.411228,19,0.052371,-1.599574,2.323796,4,0.474009,-15.941999,5.946012,8,1.738442,-15.522912,7.492226,33.17,53.916,45.757
2022,65869,이현석,,53,False,56.603774,51.151511,2.564013,4.837761,63.298669,30,5.447216,23,4.042819,31,5.730753,22,3.579454,15,10.064527,15.303507,-4.342666,29,1.195324,0.241255,2.546923,5,3.336699,-4.511712,8.568974,4,13.521375,,13.521375,97.455,138.676,79.57
2022,78135,이형종,,240,False,50.416667,47.248343,8.935102,3.722959,42.175167,121,0.487946,119,7.012343,123,3.230191,117,4.240997,74,4.770194,8.003653,-3.960144,93,0.546048,-3.902609,5.718905,55,4.848063,-9.873782,10.368755,18,12.393886,-14.959305,15.813034,79.589,79.126,85.448
2022,68504,이호연,,787,True,57.179161,45.579805,29.014491,3.686721,44.860073,450,1.032641,337,7.230744,387,4.603424,400,2.79981,227,6.365555,8.102152,-2.552105,306,0.151481,-1.681324,3.417207,179,4.451709,-10.893838,11.258202,75,8.176787,-16.224416,11.504223,79.009,111.829,72.643
2022,63440,이흥련,,220,False,44.545455,46.144274,8.052718,3.660326,42.186691,98,0.309432,122,6.352028,103,2.803109,117,4.414971,45,4.070026,8.398788,-7.834069,91,1.911336,1.00076,2.625514,70,4.492991,-11.644643,12.912626,14,9.548549,-7.39461,10.851869,78.586,68.955,86.993
2022,66833,임석진,,84,False,47.619048,49.996656,3.906535,4.650637,41.508798,40,3.349503,44,5.833486,47,5.479941,37,3.597197,26,7.495655,13.295095,-5.553086,31,3.059242,2.727029,3.370692,18,5.755725,-10.389355,13.828265,9,-0.297008,-83.900893,10.153478,94.456,132.703,79.728
2022,50704,임종찬,,192,False,39.0625,47.618938,7.592226,3.954284,49.09183,75,3.047754,117,4.535394,104,1.015446,88,7.427457,50,3.278801,9.576308,-8.945772,88,0.472255,-0.970842,1.425244,33,7.117779,-7.804847,10.433918,21,15.182734,-6.628062,16.273274,83.297,26.383,113.758
2022,64340,임지열,,611,True,42.389525,49.185178,29.654799,4.853486,48.27303,259,2.253478,352,6.76656,298,3.920194,313,5.742052,156,6.381262,12.010631,-4.877477,272,0.590653,-1.462657,2.362688,140,9.026872,-14.666956,14.688229,43,12.687982,-42.576193,15.383796,97.707,95.558,98.784
2022,68507,장두성,,117,False,45.299145,47.148518,7.035535,6.013278,50.408929,53,0.571446,64,10.519794,57,3.65574,60,8.252938,32,3.839012,8.794643,-4.420372,47,1.146856,-2.059716,6.312999,23,7.797621,-21.46861,13.958932,15,23.16384,,23.16384,116.294,89.26,121.092
2022,78548,장성우,,1698,True,40.753828,45.790265,104.891861,6.177377,59.547209,692,3.350715,1006,8.121761,799,4.113357,899,8.011806,438,5.537087,10.310286,-5.528057,717,2.465021,0.361288,4.179964,381,9.910873,-14.87274,14.635249,162,15.558513,-15.116827,16.137293,118.924,100.158,118.95
2022,63202,장승현,,362,True,47.790055,48.256466,13.615278,3.761127,45.751848,173,2.236424,189,5.156754,202,2.77923,160,5.000771,110,3.126158,7.866281,-7.934131,157,1.434056,-0.483865,3.376565,71,5.934076,-10.622174,11.146229,24,15.466013,,15.466013,80.201,68.387,92.198
2022,63700,장운호,,564,True,46.453901,46.595244,38.791702,6.877961,65.174711,262,5.013956,302,8.495079,286,5.595372,278,8.197459,174,7.936181,11.084499,-3.331482,224,1.817881,-0.208241,3.88051,125,10.871028,-13.654563,13.475516,41,17.85831,-6.449446,18.466004,130.151,135.452,120.599
2022,64115,장준원,,219,False,46.118721,46.664897,11.615902,5.304065,58.834618,101,5.124305,118,5.457927,109,5.371546,110,5.237197,72,6.159255,9.934704,-3.656914,83,2.296341,3.134585,1.622101,43,6.353005,-10.518925,10.209447,21,12.111827,-7.719517,16.778025,104.928,130.121,94.299
2022,66706,장진혁,,513,True,45.419103,48.97861,33.481349,6.526579,59.604763,233,4.498693,280,8.21407,258,5.171122,255,7.897982,141,8.022874,13.466575,-6.732421,216,1.883524,-0.319775,4.128006,112,9.60732,-14.516939,14.851724,44,16.682926,-13.66756,17.388751,124.52,125.348,117.939
2022,68869,전경원,,2,False,100.0,54.366893,-0.031288,-1.564397,-58.683021,2,-1.564397,0,,1,1.101446,1,-4.230241,0,,,,1,1.101446,1.101446,,1,-4.230241,-4.230241,,0,,,,-5.145,28.431,10.184
2022,78361,전민수,,158,False,48.101266,44.200321,5.317034,3.365212,45.462708,76,1.690393,82,4.917482,75,2.817578,83,3.860061,42,5.109112,8.206609,-3.620196,68,-0.678414,-2.115907,1.037303,34,6.423908,-5.955806,10.233051,14,10.345715,,10.345715,73.856,69.3,82.063
2022,68205,전민재,,136,False,65.441176,47.672704,3.235825,2.379283,30.868888,89,1.1345,47,4.736425,70,4.109044,66,0.544689,41,3.631331,6.470368,-6.463019,58,1.377078,1.167087,1.928306,25,-1.851924,-10.896086,7.945918,12,11.760456,-6.724885,15.457524,58.056,100.056,52.607
2022,65586,전병우,,904,True,46.570796,47.900999,51.871747,5.738025,53.252925,421,2.759936,483,8.333834,445,4.758672,459,6.687507,232,6.359616,10.41495,-6.090968,390,2.53219,0.714277,4.38778,200,7.376422,-14.44812,13.712579,82,15.230552,-37.807608,17.950458,111.883,115.526,107.184
2022,50820,전의산,,990,True,53.535354,45.99435,50.126456,5.063278,49.823363,530,2.043977,460,8.542039,485,4.32785,505,5.769581,248,6.829553,9.924197,-9.262596,422,0.949191,-0.571344,3.389557,222,6.6105,-13.123748,13.589685,98,14.804355,-17.799559,16.191756,101.069,105.266,99.029
2022,78513,전준우,,1798,True,47.385984,44.257633,79.667901,4.430918,45.562396,852,0.409668,946,8.052593,878,3.566821,920,5.255566,453,5.09226,8.52727,-3.351048,756,0.965063,-1.573256,4.27726,412,6.342491,-17.099743,13.082133,177,13.092105,-15.021391,14.775547,90.935,87.143,94.462
2022,51009,전진영,,11,False,63.636364,55.780181,0.699856,6.36233,99.834554,7,6.588078,4,5.967271,7,6.228782,4,6.59604,2,10.24732,10.24732,,7,4.403447,5.124382,2.601112,1,6.911653,,6.911653,1,11.755208,,11.755208,121.888,150.536,106.371
2022,51764,정민규,,98,False,41.836735,47.540918,3.386666,3.455781,46.273224,41,2.607619,57,4.065863,47,3.507731,51,3.407906,27,6.572224,10.411966,-4.398468,38,-0.580529,-1.827789,0.326569,23,2.44962,-14.416462,7.134643,10,12.693537,,12.693537,75.308,85.736,78.046
2022,76720,정범모,,21,False,71.428571,54.284125,0.238162,1.134106,25.152775,15,0.31792,6,3.17457,13,0.812295,8,1.657048,9,1.746814,3.893054,-5.765028,9,-1.006966,-2.592309,4.541734,2,0.902906,-4.336412,6.142225,1,15.351781,,15.351781,38.101,21.545,62.49
2022,68518,정보근,,820,True,43.414634,45.441907,36.420118,4.441478,44.294968,356,1.717463,464,6.531455,397,2.933924,423,5.856369,205,5.515476,12.576767,-6.222772,347,0.728048,-1.144175,2.632926,175,5.745726,-13.323786,12.346711,93,13.475317,-24.82604,17.08015,91.104,72.071,99.8
2022,79231,정수빈,,1719,True,45.840605,46.630998,78.956019,4.593137,51.258085,788,1.928562,931,6.848437,875,3.682574,844,5.537144,494,5.054515,9.093802,-4.033879,737,1.149247,-1.215027,3.638649,347,8.114863,-15.1435,13.174577,141,12.310773,-32.032609,14.28159,93.535,89.899,96.963
2022,68743,정은원,,2547,True,36.238712,46.545451,163.048248,6.40158,64.119862,923,4.664545,1624,7.388824,1251,4.387009,1296,8.346201,695,6.05224,11.456341,-4.193036,1078,2.911994,0.722293,4.188516,556,9.689922,-16.779843,13.378332,218,16.384366,-17.660277,16.859408,122.517,106.675,121.921
2022,61869,정진기,,243,False,48.971193,42.621883,10.371211,4.267988,45.329876,119,-0.449448,124,8.795205,105,2.73968,138,5.430831,58,4.56844,6.652086,-5.433059,91,1.42033,-1.367223,4.269827,67,4.495126,-11.39214,11.255665,27,12.656599,-16.409868,19.262614,88.324,67.445,96.019
2022,60523,정훈,,1384,True,40.679191,46.595161,79.359435,5.734063,56.890769,563,3.654016,821,7.160454,697,4.42672,687,7.060436,376,6.359074,12.364827,-4.118115,604,2.218779,-0.229833,4.184979,285,7.605052,-14.883472,12.862109,119,17.120581,-32.450205,17.540673,111.819,107.621,110.497
2022,68089,조대현,,16,False,56.25,52.70202,-0.348111,-2.175693,-24.997218,9,-6.222652,7,3.027541,7,0.324452,9,-4.12025,2,0.39658,4.258211,-3.465051,9,-3.569717,-4.185937,-2.337278,2,-17.57323,-17.57323,,3,10.556557,,10.556557,-14.941,9.927,11.161
2022,52405,조민성,,79,False,53.164557,47.086195,4.711397,5.963794,57.022141,42,3.98575,37,8.209141,37,6.819403,42,5.210042,19,9.247708,14.506864,-5.477929,30,1.645175,1.034619,3.324203,23,6.118388,-9.742707,11.716422,7,15.050723,,15.050723,115.501,164.601,94.057
2022,52516,조세진,,345,True,45.797101,48.656723,9.426901,2.732435,30.10914,158,0.910126,187,4.27214,179,3.867506,166,1.508473,101,4.364298,10.491126,-3.57273,142,0.608812,-0.345712,1.677309,72,1.410259,-17.115819,10.673298,30,10.463536,-8.743097,11.835439,63.715,94.303,61.17
2022,66209,조수행,,517,True,42.553191,45.096577,29.949816,5.793001,59.693572,220,3.78465,297,7.280669,263,3.925312,254,7.726868,140,5.031382,9.353592,-5.053776,211,2.192315,1.655338,2.734406,104,8.140529,-17.230524,12.087137,62,15.828948,-9.133709,16.661037,112.764,95.68,116.418
2022,64868,조용호,,2105,True,41.045131,46.452749,113.151073,5.375348,57.406699,864,3.704854,1241,6.538367,1105,3.671009,1000,7.258643,607,5.687407,10.480881,-4.28886,894,1.46599,-0.457782,2.961407,416,8.639593,-14.526849,12.620306,188,15.735029,-15.518421,16.071088,106.07,89.624,112.258
2022,51865,조형우,,43,False,65.116279,44.312614,0.949266,2.207594,40.709926,28,-0.010657,15,6.34833,24,2.067688,19,2.384318,12,3.228735,4.743574,-1.315781,18,0.882551,-0.074609,4.232608,8,-1.72482,-8.389209,9.382495,5,10.818876,,10.818876,55.304,51.442,68.952
2022,64717,지시완,,814,True,44.471744,43.0332,43.193274,5.306299,48.971573,362,1.881019,452,8.049554,368,4.953903,446,5.597065,189,6.046232,11.722095,-5.580133,321,2.249351,0.948693,3.732102,210,5.482397,-15.35831,12.696489,94,13.864302,-14.065493,17.189277,104.964,120.175,97.496
2022,79192,채은성,,1953,True,49.615975,43.448503,75.213033,3.851154,38.210337,969,0.109372,984,7.535896,899,4.22031,1054,3.536286,470,5.714839,11.160701,-4.074746,780,1.27697,-0.164125,3.427101,462,2.764005,-14.45793,12.152552,241,10.632042,-22.466531,16.635214,81.644,102.705,79.186
2022,67905,천재환,,138,False,53.623188,45.258016,4.81421,3.488558,42.318457,74,1.072853,64,6.281717,69,4.540548,69,2.436568,39,4.187552,7.578215,-4.443227,53,2.243302,1.048064,4.382148,34,0.895209,-14.036091,9.039555,12,14.064532,,14.064532,75.833,110.332,69.416
2022,69802,최경모,,262,False,51.908397,48.004105,9.805332,3.742493,41.204439,136,2.099292,126,5.516106,150,4.095887,112,3.269198,82,6.439273,11.030446,-4.656061,122,0.657314,-3.063743,5.34309,44,5.198738,-14.592759,11.019766,14,10.255424,,10.255424,79.902,99.742,76.814
2022,65157,최민창,,16,False,56.25,51.298758,0.4724,2.952502,45.892766,9,1.925897,7,4.272424,8,3.622784,8,2.282221,3,9.06615,15.588638,-3.978825,10,2.213379,0.078963,5.415001,2,-7.275669,-14.317985,-0.233353,1,12.45914,,12.45914,67.242,88.476,68.045
2022,68805,최상민,,72,False,38.888889,44.701752,7.780424,10.806144,75.131091,28,8.48487,44,12.283319,37,6.057266,35,15.826387,21,11.94223,17.997174,-3.195132,23,-1.169902,-1.600084,-0.77557,19,16.500323,-7.390168,19.310969,9,26.739685,,26.739685,193.103,146.451,188.38
2022,65905,최승민,,108,False,52.777778,48.361689,5.985634,5.542254,58.230292,57,4.225446,51,7.013979,56,5.105207,52,6.012919,30,5.703996,10.010104,-6.1378,45,3.271998,3.182667,3.43391,21,5.050755,-11.944865,11.849003,12,14.511478,,14.511478,108.745,123.779,101.191
2022,61197,최영진,,357,True,47.058824,47.97172,18.032314,5.051068,45.338927,168,0.460083,189,9.131944,164,4.638773,193,5.401412,86,7.66522,12.362542,-3.796245,166,1.376448,-2.72312,5.678465,82,6.450673,-20.243452,16.238519,23,16.807688,,16.807688,100.873,112.671,95.757
2022,64213,최용제,,5,False,40.0,28.610495,0.806464,16.129286,96.453643,2,1.981007,3,25.561472,1,5.444596,4,18.800458,0,,,,2,1.981007,1.981007,,0,,,,3,25.561472,,25.561472,278.411,131.861,214.803
2022,78288,최재훈,,1772,True,38.261851,46.607315,95.185894,5.371664,56.541544,678,3.204318,1094,6.714865,900,3.95963,872,6.829039,451,5.583366,11.498714,-3.745982,776,2.171136,0.426235,3.475882,389,8.017958,-14.957435,12.457988,156,14.081433,-28.615582,16.087333,106.011,96.497,108.441
2022,75847,최정,,1975,True,48.962025,44.23098,123.353263,6.245735,62.686616,967,2.869542,1008,9.484602,864,5.720768,1111,6.65399,457,7.649354,10.640803,-4.059111,829,2.747684,0.992796,5.067873,450,7.555701,-11.590138,13.749943,239,13.228768,-13.909002,15.842957,120.019,138.438,106.886
2022,65464,최정용,,79,False,54.43038,50.588584,2.671486,3.381628,50.153214,43,2.953636,36,3.892841,45,3.308648,34,3.478219,27,3.960685,8.761757,-4.201139,37,1.597431,-0.273421,5.051312,10,4.789188,-7.690713,7.909164,5,10.642658,,10.642658,74.119,80.995,78.671
2022,76267,최주환,,1355,True,46.863469,46.671356,73.049342,5.391095,52.004907,635,1.833088,720,8.52906,660,4.572552,695,6.168417,354,5.827733,10.150903,-4.15192,580,1.85395,-0.504681,4.50633,305,7.227865,-14.574555,14.21219,116,16.914886,-15.686808,19.008573,106.323,111.094,102.572
2022,68868,최준우,,58,False,39.655172,41.170781,2.350158,4.051997,37.928319,23,-2.239422,35,8.186359,25,0.855178,33,6.47383,12,3.025204,5.946933,-5.739982,23,0.080823,-2.561282,1.779319,19,7.685142,-16.395514,16.285377,4,12.709191,,12.709191,84.863,22.566,105.286
2022,50854,최지훈,,2311,True,44.006923,44.881112,103.925095,4.496975,50.643095,1017,1.574801,1294,6.793614,1174,3.478172,1137,5.548932,617,5.477583,9.550999,-3.47127,1013,1.592724,-1.158351,4.021646,486,6.116108,-15.408321,12.12029,195,12.44607,-22.046013,14.707846,91.994,85.032,97.068
2022,62884,최항,,95,False,49.473684,53.013483,5.284815,5.562963,63.651938,47,4.461629,48,6.641352,49,5.128055,46,6.026234,21,9.861117,13.481902,-1.725393,47,1.933107,1.346256,2.659683,23,7.483605,-8.203303,11.841079,4,14.604776,,14.604776,109.077,124.323,101.309
2022,72443,최형우,,2204,True,43.874773,45.484497,143.83037,6.525879,56.784365,967,2.016525,1237,10.050976,1005,4.947803,1199,7.848619,505,6.675222,11.381264,-4.46241,921,2.724425,0.338978,5.401182,555,8.384925,-17.599849,15.028091,223,17.261083,-22.222385,19.506588,124.509,120.03,117.5
2022,51817,추신수,,2030,True,43.103448,44.922218,119.214177,5.87262,59.407978,875,2.160045,1155,8.685176,955,3.855559,1075,7.66452,480,5.222638,9.333858,-5.283815,888,2.16931,-0.259832,4.565846,442,9.073371,-12.772944,14.124191,220,15.808064,-25.90033,16.977458,114.04,94.019,115.864
2022,68362,추재현,,250,False,44.4,47.594342,11.161814,4.464726,46.167896,111,2.456581,139,6.068352,125,4.408829,125,4.520623,61,7.674218,13.307473,-3.873955,113,1.090352,-0.008745,2.170167,58,6.78087,-16.281583,12.797162,18,7.308549,-38.528618,13.038195,91.477,107.195,87.932
2022,52827,크론,,1006,True,56.063618,43.918056,22.971725,2.283472,21.722664,564,-2.05355,442,7.81759,419,4.375914,587,0.789889,217,6.336116,9.089796,-4.806683,393,-0.28694,-1.200466,1.439356,266,-0.770773,-18.157873,11.874391,130,9.538679,-18.934526,15.024342,56.52,106.411,54.786
2022,52712,터크먼,,2538,True,48.660362,47.015392,134.936548,5.316649,55.383017,1235,2.512566,1303,7.974394,1254,4.665536,1284,5.952549,651,7.326243,10.15705,-3.699003,1125,1.842481,-0.103285,4.0191,505,6.949076,-15.824058,13.071502,257,12.226442,-25.237982,14.713707,105.13,113.308,100.654
2022,69209,페르난데스,,2074,True,49.614272,44.769071,93.861402,4.525622,46.623994,1029,0.427887,1045,8.560617,926,4.44087,1148,4.593985,475,6.132665,8.850493,-4.738649,866,1.833139,-0.385839,4.566828,496,3.362703,-16.097779,12.043326,237,13.5769,-15.305615,15.950805,92.453,107.958,88.584
2022,52366,푸이그,,2099,True,50.071463,44.233556,105.588592,5.030424,48.070857,1051,0.763047,1048,9.310016,956,4.586912,1143,5.401375,484,6.690934,9.538609,-4.670412,858,1.528691,-0.43535,4.379356,524,5.702961,-16.531284,13.266016,233,12.963429,-20.420061,16.619716,100.543,111.436,95.757
2022,51463,피렐라,,2119,True,49.834828,42.812697,80.698206,3.808316,39.616197,1056,-0.407303,1063,7.996173,961,3.397701,1158,4.149076,513,5.091777,8.722937,-4.395266,840,0.281089,-1.977994,3.506486,493,2.773186,-13.569477,12.171523,273,14.118838,-22.426045,15.653166,80.957,83.115,84.631
2022,52526,피터스,,1282,True,56.00624,45.207358,60.943491,4.753782,48.486536,718,0.97387,564,9.565799,573,4.47537,709,4.97879,305,6.69346,8.603145,-5.958205,516,0.411517,-0.598693,2.560509,292,5.33835,-13.210673,13.339889,169,13.501201,-14.851022,16.062047,96.109,108.779,92.003
2022,69813,하재훈,,415,True,52.53012,46.865858,11.130679,2.682091,31.155348,218,0.660373,197,4.919323,211,3.490671,204,1.845766,107,4.801752,9.645638,-4.751466,186,1.534656,0.180899,3.178505,88,-0.897431,-12.532317,9.725725,34,11.553184,-10.991118,13.73489,62.909,85.329,64.167
2022,62700,하주석,,1801,True,54.136591,45.82637,82.769884,4.595774,41.334812,975,0.336291,826,9.623614,844,4.540091,957,4.644881,441,6.45139,9.867438,-5.504774,783,1.076444,-1.26927,5.086074,403,5.223931,-16.526308,14.229293,174,14.274857,-23.976196,19.242526,93.577,110.321,89.036
2022,68525,한동희,,1720,True,46.104651,44.448292,80.354879,4.671795,47.649978,793,1.363721,927,7.50168,827,3.785095,893,5.492961,446,5.81422,9.479748,-4.031206,702,0.847106,-0.989237,2.780099,383,5.495798,-15.225842,12.427078,189,14.512099,-15.140117,16.522418,94.795,92.341,96.571
2022,64101,한석현,,34,False,47.058824,50.859446,0.697456,2.051341,43.194584,16,2.261211,18,1.86479,21,2.061487,13,2.034952,9,2.627412,4.762616,-4.845802,20,0.927221,0.315674,1.427578,3,5.68332,,5.68332,2,5.252258,,5.252258,52.8,51.294,65.848
2022,63722,한승택,,441,True,43.764172,47.525161,24.915403,5.649751,58.329591,193,4.004172,248,6.930383,226,4.76516,215,6.579601,121,6.210356,11.556326,-5.926441,189,1.672247,0.264271,3.125641,95,9.273472,-17.83183,13.192311,36,15.084798,-9.314156,15.781911,110.468,115.681,106.225
2022,62895,한유섬,,2197,True,42.831133,45.16568,127.07893,5.784203,52.604784,941,1.658038,1256,8.875541,1013,4.364069,1184,6.999232,555,6.676752,11.93269,-4.831941,903,1.569166,-1.605468,4.667387,489,8.004699,-17.763435,14.463208,250,14.684163,-33.08036,17.950114,112.623,106.129,109.954
2022,52568,한태양,,285,False,35.087719,50.194988,13.994154,4.91023,55.117724,100,5.015461,185,4.853348,155,3.153145,130,7.005215,72,4.352618,13.389349,-4.195641,149,2.148152,2.261152,2.07613,42,9.988481,-14.032571,14.792691,22,15.747093,,15.747093,98.616,77.291,110.007
2022,79240,허경민,,1872,True,39.476496,46.510972,96.471614,5.153398,56.915703,739,3.37482,1133,6.313477,977,3.511616,895,6.9456,528,4.656887,10.697201,-3.540682,804,2.104894,0.547807,3.263422,400,8.548923,-10.345678,13.95606,140,14.831577,-8.363228,15.339492,102.513,85.828,109.477
2022,69706,허관회,,95,False,44.210526,48.305146,4.683647,4.930154,55.28907,42,3.975254,53,5.686868,56,4.403562,39,5.686287,33,4.725823,8.638627,-4.273628,40,4.817895,3.933094,5.348776,14,4.517208,-15.060728,9.856646,8,7.056972,-45.541995,14.57111,98.936,107.069,98.289
2022,77243,허도환,,364,True,54.120879,49.19716,12.367035,3.397537,39.835777,197,1.280394,167,5.895006,188,3.832048,176,2.9334,99,5.163575,8.930961,-5.987888,168,0.774482,-0.392183,2.533184,64,3.558607,-17.086401,12.275388,33,11.140784,-14.800485,13.734911,74.374,93.459,73.83
2022,52764,허인서,,69,False,52.173913,47.270265,1.93819,2.808971,29.909139,36,-0.737777,33,6.67815,34,2.461656,35,3.146362,16,1.391226,6.232056,-4.832698,33,0.919094,0.642208,1.403644,16,6.907055,-15.311572,17.006431,4,7.679092,-19.577,16.764456,64.942,60.824,75.722
2022,66233,홍성호,,64,False,50.0,41.801963,2.021453,3.15852,41.866939,32,-0.773295,32,7.090336,28,2.206394,36,3.899063,14,2.687266,4.195785,-2.84397,27,3.726826,1.432246,5.857508,14,0.860348,-10.748671,12.469366,9,5.761599,-14.277591,8.266498,70.544,54.745,82.41
2022,66108,홍창기,,2145,True,39.254079,48.83861,138.969363,6.478758,70.951481,842,5.570409,1303,7.065734,1152,4.381292,993,8.912072,616,6.245589,10.058232,-4.175634,935,3.451199,2.168861,4.211426,428,10.203037,-13.970742,12.902965,166,14.794475,,14.794475,123.753,106.539,126.949
2022,67005,홍현빈,,384,True,40.104167,46.499404,24.120635,6.281415,56.570025,154,3.619262,230,8.063901,195,4.112202,189,8.519492,107,5.088811,10.222185,-4.232314,166,2.156664,0.73169,3.359975,75,9.78735,-22.619209,14.206426,36,21.541757,,21.541757,120.591,100.131,123.461
2022,65610,황대인,,1817,True,51.458448,42.805852,81.381486,4.478893,41.841564,935,-0.192256,882,9.430735,845,3.946205,972,4.941981,442,6.397406,10.182724,-4.755762,744,0.537941,-2.146474,4.76427,426,4.832162,-16.558455,14.648403,205,13.911053,-21.536238,16.911882,91.704,96.178,91.676
2022,50500,황성빈,,1229,True,49.308381,45.641941,56.256204,4.577397,48.974521,606,1.723664,623,7.353258,653,4.279799,576,4.914777,367,5.704525,9.550726,-3.399325,490,1.030826,-1.275925,3.885299,255,5.874431,-14.186378,13.316344,117,13.068162,-11.863881,14.898036,93.282,104.122,91.434
2022,76313,황재균,,2221,True,46.375507,46.310802,107.274595,4.830013,50.406444,1030,2.011856,1191,7.267211,1089,3.867829,1132,5.755648,578,5.231933,9.48983,-4.654218,942,1.786508,0.541827,3.182569,489,6.430254,-15.508619,13.408117,212,13.566594,-20.149241,15.235695,97.331,94.311,98.905
