season,batter_id,batter_name,team,batter_stance,pitches_seen,qualified_300,swing_aggression,za_raw,za_percentile,dv_per_100,swing_pct,z_swing_pct,o_swing_pct,z_minus_o_swing,heart_swing_pct,meatball_swing_pct,shadow_swing_pct,chase_swing_pct,waste_swing_pct,z_swing_residual,o_swing_residual,heart_swing_residual,meatball_swing_residual,waste_swing_residual,shadow_swing_residual,cluster_id,cluster_distance,cluster_distance_outlier,z_swing_residual_z,o_swing_residual_z,heart_swing_residual_z,meatball_swing_residual_z,waste_swing_residual_z,shadow_swing_residual_z
2024,69064,강민성,KT,,5,False,4.060256,-17.828519,0.0,4.840246,40.0,100.0,25.0,75.0,100.0,,0.0,33.333333,,,,,,,,,,,,,,,,
2024,74540,강민호,SAM,,1562,True,3.758889,3.162017,82.258,6.922754,48.207426,70.555556,29.097387,41.458169,73.280423,75.238095,59.111792,22.713864,6.770833,0.607109,2.351872,-2.675447,-3.922661,0.962334,4.339262,1,1.92173,False,0.115446,0.436176,-0.48231,-0.541547,0.25186,0.690288
2024,68050,강백호,KT,,2454,True,0.246563,-3.521077,8.065,5.732251,43.643032,60.379242,32.093664,28.285578,63.873371,70.186335,51.910828,30.564263,13.05638,-1.382473,0.067031,-1.868266,1.771961,2.895743,-0.628246,1,1.681892,False,-0.262887,0.012432,-0.336797,0.24463,0.757868,-0.099941
2024,54567,강성우,LOT,,7,False,32.522722,19.277673,100.0,4.080194,85.714286,100.0,66.666667,33.333333,100.0,100.0,50.0,100.0,,,,,,,,,,,,,,,,
2024,54506,강승구,LOT,,8,False,-2.971043,-27.791068,0.0,-5.081394,50.0,33.333333,60.0,-26.666667,,,57.142857,,0.0,,,,,,,,,,,,,,,
2024,63123,강승호,DOO,,2139,True,6.818733,-0.258134,41.613,5.740597,51.846657,72.863248,35.494597,37.368651,74.850299,75.342466,61.511628,33.935743,12.857143,7.104456,6.046408,4.121681,1.681296,4.821387,7.882095,2,0.856088,False,1.350961,1.121362,0.743027,0.232113,1.261843,1.253881
2024,62925,강진성,SSG,,103,False,6.80578,-5.718332,1.935,4.157934,49.514563,64.285714,39.344262,24.941452,59.090909,55.555556,61.904762,34.482759,20.0,,,,,,,,,,,,,,,
2024,65514,강태율,LOT,,34,False,14.650786,6.288188,98.065,1.570216,64.705882,82.352941,47.058824,35.294117,90.909091,100.0,75.0,37.5,0.0,,,,,,,,,,,,,,,
2024,64610,강한울,SAM,,95,False,-1.604444,-1.639281,24.516,4.948706,45.263158,62.790698,30.769231,32.021467,65.384615,50.0,45.714286,40.0,0.0,,,,,,,,,,,,,,,
2024,50066,강현우,KT,,143,False,-6.554706,-5.633325,3.226,10.486945,34.265734,51.724138,22.352941,29.371197,56.666667,45.454545,41.818182,21.621622,4.761905,,,,,,,,,,,,,,,
2024,51868,고명준,SSG,,1397,True,3.67134,1.247814,60.968,5.702938,50.035791,71.339564,31.92053,39.419034,75.072464,75.892857,58.545455,29.179331,12.716763,3.735999,3.662372,2.042202,-0.18987,5.661704,4.412642,2,1.254776,False,0.710426,0.679221,0.368153,-0.026213,1.481769,0.701962
2024,69517,고승민,LOT,,2055,True,-2.021058,-2.698712,13.871,5.8518,42.871046,60.540541,28.40708,32.133461,66.239316,67.768595,48.938679,26.722338,10.769231,-2.228564,-2.969704,-0.759198,-1.968138,1.144131,-3.875225,1,0.9663,False,-0.423777,-0.550759,-0.136863,-0.271713,0.29944,-0.61647
2024,54344,고영우,KIW,,1142,True,1.532641,2.614594,78.387,7.177147,47.022767,71.283096,28.725038,42.558058,75.09434,72.463768,56.956522,25.818182,3.521127,2.005237,1.546938,-0.024866,-5.816734,-2.643863,2.366938,1,1.75446,False,0.38131,0.286894,-0.004483,-0.803035,-0.691946,0.376532
2024,61353,고종욱,KIA,,127,False,10.685774,-3.883391,7.097,4.856257,54.330709,74.468085,42.5,31.968085,92.592593,85.714286,56.0,35.294118,25.0,,,,,,,,,,,,,,,
2024,68407,공민규,SAM,,73,False,1.068888,-4.53669,5.161,4.752048,43.835616,59.259259,34.782609,24.47665,61.538462,50.0,54.545455,35.294118,0.0,,,,,,,,,,,,,,,
2024,69100,구본혁,LG,,1481,True,1.219107,1.417123,63.548,7.470043,45.779878,67.80924,27.530864,40.278376,74.787535,76.842105,53.88601,23.746702,7.058824,-0.001727,-0.593502,1.498506,0.48713,0.114022,-0.303385,1,1.458467,False,-0.000328,-0.11007,0.27014,0.067251,0.029842,-0.048262
2024,62404,구자욱,SAM,,2159,True,-0.019729,0.783764,55.806,6.269232,45.437703,66.352201,28.879668,37.472533,73.267327,80.0,53.24826,25.631068,7.220217,-0.682907,0.254808,0.946305,4.663463,-0.137039,-0.72947,1,1.671813,False,-0.129859,0.047256,0.170593,0.643819,-0.035866,-0.116044
2024,52769,권광민,HAN,,203,False,-2.836313,-2.955377,10.968,4.472721,43.842365,62.222222,29.20354,33.018682,69.565217,64.285714,47.191011,24.489796,15.789474,,,,,,,,,,,,,,,
2024,51003,권동진,KT,,41,False,-7.480947,3.138828,81.935,3.941563,41.463415,60.0,23.809524,36.190476,80.0,100.0,23.809524,44.444444,0.0,,,,,,,,,,,,,,,
2024,50203,권휘,DOO,,5,False,35.906639,-21.782287,0.0,-0.419027,60.0,100.0,50.0,50.0,100.0,,,100.0,0.0,,,,,,,,,,,,,,,
2024,63963,권희동,NC,,2316,True,-11.746113,-1.06075,28.71,8.595622,35.276339,54.502814,18.88,35.622814,58.77193,57.575758,44.195953,10.922787,3.26087,-10.27278,-11.202432,-10.729994,-14.79481,-5.297563,-9.16535,1,3.164066,True,-1.95344,-2.077594,-1.934325,-2.042513,-1.386467,-1.458021
2024,71837,김강민,HAN,,308,True,2.426733,-0.015941,45.484,6.300891,45.779221,66.41791,29.885057,36.532853,70.27027,63.157895,56.521739,26.506024,5.555556,0.362434,0.628254,-0.828508,-10.89272,-2.322481,2.811266,1,1.802522,False,0.068919,0.116515,-0.149357,-1.503806,-0.607835,0.447215
2024,51005,김건형,KT,,103,False,-0.169976,2.417923,75.484,6.241626,50.485437,71.111111,34.482759,36.628352,63.636364,66.666667,68.085106,21.428571,0.0,,,,,,,,,,,,,,,
2024,53312,김건희,KIW,,1061,True,9.956243,-2.774209,13.226,5.462657,55.513666,75.434783,40.266223,35.16856,79.116466,84.0,63.613861,42.592593,14.492754,12.758161,8.82978,12.233339,14.384666,4.818489,10.825188,2,2.51101,False,2.426052,1.637564,2.205337,1.98589,1.261085,1.722067
2024,66614,김규성,KIA,,63,False,7.37979,-3.324182,9.677,5.704354,49.206349,69.230769,35.135135,34.095634,90.0,100.0,58.333333,29.411765,25.0,,,,,,,,,,,,,,,
2024,66112,김기연,DOO,,1060,True,3.223966,1.868982,70.0,6.758981,47.830189,70.063694,30.050934,40.01276,74.703557,85.185185,54.566745,29.752066,9.42029,1.699204,2.283636,0.723921,8.103623,2.769746,0.22634,2,1.556472,False,0.323115,0.423521,0.130503,1.118754,0.724892,0.036006
2024,54164,김대원,LG,,7,False,42.031364,-7.232904,0.645,-2.848895,85.714286,100.0,75.0,25.0,100.0,100.0,66.666667,100.0,,,,,,,,,,,,,,,,
2024,69238,김대한,DOO,,343,True,0.442569,1.40102,62.903,6.774377,45.189504,68.421053,26.701571,41.719482,79.761905,77.419355,51.538462,21.276596,2.857143,0.629812,-1.43552,6.497488,1.090273,-4.098146,-2.645552,1,2.096043,False,0.119763,-0.26623,1.17132,0.150519,-1.072558,-0.420854
2024,52605,김도영,KIA,,2382,True,-0.499744,5.046718,93.226,7.66711,43.366919,68.949343,22.644377,46.304966,75.528169,78.527607,51.4862,19.115044,3.583062,-3.307847,-2.611809,-3.30822,-3.663739,-0.99809,-3.916188,1,0.293896,False,-0.62901,-0.484384,-0.596382,-0.505801,-0.261218,-0.622986
2024,69442,김도환,SAM,,13,False,-2.195857,-1.773952,22.581,9.060409,46.153846,100.0,30.0,70.0,100.0,100.0,50.0,0.0,0.0,,,,,,,,,,,,,,,
2024,66838,김동엽,SAM,,76,False,4.779258,-5.433926,3.871,6.495147,51.315789,66.666667,35.135135,31.531532,50.0,71.428571,66.666667,38.461538,30.769231,,,,,,,,,,,,,,,
2024,51403,김동진,SAM,,128,False,-6.260331,-2.477208,18.065,5.287846,39.84375,55.223881,22.95082,32.273061,60.526316,57.142857,37.254902,28.0,14.285714,,,,,,,,,,,,,,,
2024,53344,김동헌,KIW,,20,False,-2.228563,1.012204,58.71,4.873607,35.0,50.0,20.0,30.0,66.666667,100.0,28.571429,20.0,0.0,,,,,,,,,,,,,,,
2024,52504,김동혁,LOT,,69,False,-5.143286,-2.296938,19.355,3.387349,44.927536,60.606061,30.555556,30.050505,76.923077,100.0,55.882353,13.333333,0.0,,,,,,,,,,,,,,,
2024,54614,김두현,KIA,,19,False,1.375946,7.906389,100.0,5.452637,47.368421,66.666667,30.0,36.666667,75.0,100.0,50.0,25.0,0.0,,,,,,,,,,,,,,,
2024,53554,김민석,LOT,,287,False,4.863691,-4.921473,3.871,3.433452,50.522648,62.589928,39.189189,23.400739,64.788732,80.952381,60.0,39.622642,13.953488,,,,,,,,,,,,,,,
2024,77564,김민성,LOT,,353,True,-3.738632,-0.174264,42.903,6.571151,43.626062,63.057325,28.061224,34.996101,63.414634,59.259259,52.380952,27.848101,6.666667,-2.804207,-1.320689,-7.442168,-14.536774,-1.314472,-1.27661,1,1.811269,False,-0.533239,-0.244934,-1.34162,-2.006889,-0.344021,-0.203083
2024,64793,김민수,SAM,,25,False,10.344196,12.646233,100.0,5.998043,60.0,91.666667,30.769231,60.897436,100.0,100.0,66.666667,25.0,0.0,,,,,,,,,,,,,,,
2024,62864,김민식,SSG,,526,True,-7.650721,0.681208,54.516,7.345247,39.923954,58.898305,24.482759,34.415546,63.963964,70.0,47.083333,22.522523,1.5625,-8.011173,-4.223142,-8.200315,-5.171628,-5.861542,-6.860123,1,1.758849,False,-1.52338,-0.783221,-1.478293,-0.713974,-1.53407,-1.091306
2024,64004,김민혁,KT,,1429,True,0.867528,-0.650105,35.161,6.806396,45.976207,66.076696,27.829561,38.247135,69.786096,71.428571,54.434783,22.291022,7.006369,0.798065,-1.928371,-0.343445,-1.602312,-1.284645,0.936245,1,1.20721,False,0.151758,-0.357634,-0.061914,-0.221209,-0.336215,0.148938
2024,65269,김민혁,DOO,,42,False,-5.200142,2.307573,71.613,9.447373,35.714286,56.25,23.076923,33.173077,71.428571,100.0,46.666667,30.0,0.0,,,,,,,,,,,,,,,
2024,53144,김범석,LG,,703,True,5.115485,-0.773989,31.935,5.579657,49.644381,70.0,33.587786,36.412214,79.617834,82.051282,56.944444,29.94012,10.989011,4.873126,3.731958,9.677633,9.219604,2.617321,3.487307,2,1.055258,False,0.926658,0.692126,1.744613,1.272822,0.685,0.55476
2024,69980,김범준,NC,,15,False,15.971571,-14.442032,0.0,0.956111,53.333333,57.142857,50.0,7.142857,66.666667,100.0,57.142857,25.0,100.0,,,,,,,,,,,,,,,
2024,52002,김병준,KT,,58,False,-3.87143,-1.663871,24.516,5.598296,41.37931,64.0,24.242424,39.757576,70.588235,62.5,47.058824,25.0,0.0,,,,,,,,,,,,,,,
2024,50304,김병휘,KIW,,276,False,-8.635591,-5.89942,1.935,5.993785,39.130435,52.307692,27.39726,24.910432,51.351351,50.0,48.148148,20.289855,16.0,,,,,,,,,,,,,,,
2024,79402,김상수,KT,,1636,True,-6.715394,-1.875573,20.968,7.272592,39.853301,56.774194,24.622532,32.151662,59.619952,64.233577,48.823529,17.032967,4.093567,-7.003249,-6.10379,-8.636622,-6.82676,-4.995492,-4.265464,1,1.63199,False,-1.331716,-1.132004,-1.556947,-0.942475,-1.307409,-0.678549
2024,78603,김선빈,KIA,,1769,True,-0.693807,-0.632169,35.806,6.232472,43.866591,63.177806,28.17623,35.001576,67.285383,72.033898,49.789621,29.545455,6.113537,-2.122796,-1.567529,-2.871571,-1.025826,-2.165797,-3.714911,1,0.480013,False,-0.403664,-0.290713,-0.517666,-0.141621,-0.566828,-0.590967
2024,52105,김성우,LG,,22,False,11.656564,-7.223759,0.645,0.129411,59.090909,75.0,50.0,25.0,100.0,100.0,69.230769,100.0,0.0,,,,,,,,,,,,,,,
2024,62934,김성욱,NC,,1651,True,-0.749105,2.546885,77.097,7.626171,46.517262,68.701299,27.128263,41.573036,74.452555,79.130435,54.4919,21.553885,3.703704,-0.493617,-0.103342,-0.563167,0.958808,-2.505379,-0.075056,1,1.204768,False,-0.093865,-0.019166,-0.101524,0.132369,-0.655702,-0.01194
2024,67449,김성윤,SAM,,297,False,10.653635,2.251915,70.968,7.029307,52.861953,79.365079,33.333333,46.031746,82.857143,88.888889,66.086957,26.760563,9.756098,,,,,,,,,,,,,,,
2024,69105,김성진,LG,,63,False,13.648644,1.005536,58.71,6.460176,58.730159,77.777778,44.444444,33.333334,93.75,80.0,57.142857,36.363636,25.0,,,,,,,,,,,,,,,
2024,76802,김성현,SSG,,685,True,-6.169422,1.628122,66.774,7.489293,42.335766,63.548387,24.8,38.748387,64.197531,62.5,54.385965,18.902439,0.0,-4.521052,-3.15763,-9.413982,-14.19426,-6.807396,0.126055,1,2.34888,False,-0.859709,-0.585612,-1.697084,-1.959603,-1.781617,0.020053
2024,54905,김세훈,NC,,22,False,14.589113,-4.699798,3.871,5.286291,59.090909,66.666667,53.846154,12.820513,50.0,,90.909091,20.0,0.0,,,,,,,,,,,,,,,
2024,67900,김수윤,NC,,36,False,-4.212524,7.366113,98.71,4.840133,44.444444,63.157895,23.529412,39.628483,54.545455,50.0,61.538462,11.111111,33.333333,,,,,,,,,,,,,,,
2024,50115,김수인,LG,,15,False,-8.176831,-12.030583,0.0,2.743134,40.0,42.857143,37.5,5.357143,40.0,0.0,66.666667,40.0,0.0,,,,,,,,,,,,,,,
2024,68346,김수환,KIW,,17,False,-7.943193,-11.621458,0.0,5.972878,41.176471,57.142857,30.0,27.142857,100.0,100.0,20.0,33.333333,0.0,,,,,,,,,,,,,,,
2024,51303,김시앙,KIW,,17,False,15.682178,-4.77585,3.871,0.199811,47.058824,57.142857,40.0,17.142857,100.0,100.0,57.142857,16.666667,0.0,,,,,,,,,,,,,,,
2024,52430,김영웅,SAM,,1955,True,5.795699,0.922904,56.452,5.47817,50.946292,71.724138,34.285714,37.438424,75.657895,79.699248,59.306804,34.792123,11.406844,4.518585,5.770806,3.124215,4.138975,4.140198,5.282574,2,0.535085,False,0.85924,1.070249,0.563211,0.57141,1.083564,0.84035
2024,65898,김웅빈,KIW,,174,False,-4.467035,-0.797883,31.613,9.10678,41.37931,66.666667,22.222222,44.444445,77.5,69.230769,40.298507,30.232558,4.166667,,,,,,,,,,,,,,,
2024,63257,김인태,DOO,,88,False,-8.189408,-3.514739,8.387,4.51025,42.045455,47.826087,35.714286,12.111801,60.869565,60.0,41.666667,35.0,11.111111,,,,,,,,,,,,,,,
2024,66715,김인환,HAN,,531,True,1.189758,4.493917,89.355,7.426234,46.13936,71.2,23.843416,47.356584,73.809524,78.947368,59.624413,16.27907,6.349206,-0.380013,-1.849604,-4.181981,-2.355076,1.408061,4.406768,1,1.64617,False,-0.072262,-0.343026,-0.753897,-0.325132,0.368515,0.701027
2024,53400,김재상,SAM,,328,True,8.800725,-2.580864,16.452,4.523478,56.097561,74.342105,40.340909,34.001196,81.318681,88.0,56.0,40.789474,25.0,11.428637,9.057251,14.140052,18.073768,15.451644,3.146712,2,4.20291,True,2.173234,1.679751,2.549066,2.495193,4.043971,0.500578
2024,65132,김재성,SAM,,92,False,-9.24213,9.181096,100.0,7.937582,39.130435,63.043478,15.217391,47.826087,67.857143,70.0,43.243243,6.25,0.0,,,,,,,,,,,,,,,
2024,52424,김재혁,SAM,,221,False,0.277329,-2.146759,20.0,3.560596,48.41629,62.5,37.6,24.9,65.217391,84.615385,57.0,30.434783,20.689655,,,,,,,,,,,,,,,
2024,62332,김재현,KIW,,1116,True,4.156106,-4.264251,6.129,4.82538,48.835125,63.61829,36.704731,26.913559,65.357143,73.417722,57.589286,35.742972,10.791367,2.766957,4.090826,0.75135,6.198368,0.146763,5.298577,2,1.300309,False,0.526156,0.758681,0.135448,0.855722,0.038411,0.842896
2024,74206,김재호,DOO,,625,True,-4.328478,2.29218,71.29,7.921448,42.08,63.843648,21.069182,42.774466,68.944099,65.217391,51.219512,17.006803,1.408451,-5.039256,-6.363696,-5.682339,-12.544671,-4.9665,-3.262323,1,1.715404,False,-0.958249,-1.180206,-1.024371,-1.731868,-1.299822,-0.518969
2024,78224,김재환,DOO,,2230,True,-0.608345,4.935574,91.29,7.810014,45.695067,70.891089,24.836066,46.055023,78.26087,84.96732,52.380952,20.458891,4.059041,-1.22995,-0.507948,-0.40565,2.954693,-0.594489,-2.984292,1,1.226266,False,-0.233883,-0.094204,-0.073128,0.407913,-0.155588,-0.47474
2024,67504,김정율,LG,,66,False,12.929951,0.41277,50.968,4.342346,57.575758,70.588235,43.75,26.838235,73.333333,75.0,71.428571,38.888889,0.0,,,,,,,,,,,,,,,
2024,66162,김주성,LG,,34,False,5.422393,11.949842,100.0,11.985088,44.117647,92.307692,14.285714,78.021978,90.0,100.0,45.454545,16.666667,0.0,,,,,,,,,,,,,,,
2024,51907,김주원,NC,,1938,True,0.855561,2.928196,80.968,7.181873,47.47162,71.331058,27.667611,43.663447,73.672055,73.109244,59.0743,22.169811,8.461538,1.66904,0.737326,-1.926451,-5.675529,2.500771,4.379911,1,2.109009,False,0.317379,0.136744,-0.347287,-0.783541,0.654496,0.696755
2024,69306,김주형,KIW,,94,False,-3.313144,-2.485279,18.065,3.598277,43.617021,57.777778,30.612245,27.165533,58.333333,85.714286,55.555556,38.888889,0.0,,,,,,,,,,,,,,,
2024,62558,김준태,KT,,114,False,-10.693213,-0.392837,40.645,8.980442,36.842105,60.344828,12.5,47.844828,69.444444,62.5,35.416667,0.0,0.0,,,,,,,,,,,,,,,
2024,50458,김지찬,SAM,,2018,True,-5.345594,-2.98216,10.645,6.738114,37.41328,55.051078,23.746702,31.304376,58.556701,65.789474,44.348894,20.824295,5.426357,-7.370805,-7.854068,-8.0086,-3.491476,-4.383329,-8.370283,1,1.77528,False,-1.401609,-1.456609,-1.443732,-0.482019,-1.147195,-1.331542
2024,66917,김찬형,SSG,,37,False,-0.21283,-6.324528,1.29,4.718718,48.648649,58.823529,40.0,18.823529,66.666667,50.0,46.153846,36.363636,50.0,,,,,,,,,,,,,,,
2024,69825,김창평,SSG,,38,False,-15.703433,1.646534,67.742,3.696112,31.578947,47.058824,19.047619,28.011205,54.545455,50.0,33.333333,20.0,0.0,,,,,,,,,,,,,,,
2024,78122,김태군,KIA,,906,True,5.815295,-6.388387,0.968,4.90719,48.896247,62.626263,38.235294,24.390969,66.507177,61.666667,53.243243,40.47619,18.803419,4.376978,3.942853,5.147847,-2.137087,6.775543,1.66241,2,1.555149,False,0.832312,0.731238,0.928016,-0.295038,1.77328,0.264456
2024,69207,김태근,DOO,,108,False,0.591676,-3.861997,7.097,3.367619,44.444444,60.0,33.333333,26.666667,65.384615,54.545455,47.368421,38.235294,0.0,,,,,,,,,,,,,,,
2024,66704,김태연,HAN,,1814,True,-0.901375,1.7993,69.355,7.090228,45.203969,66.666667,26.938776,39.727891,75.058824,76.859504,52.489906,23.185012,5.479452,-1.612464,-0.883586,1.185688,-0.11001,-1.21647,-1.827211,1,1.092225,False,-0.306621,-0.163869,0.213747,-0.015188,-0.318372,-0.290672
2024,64984,김태진,KIW,,710,True,7.109739,-4.628204,4.194,4.309725,50.422535,64.590164,39.753086,24.837078,68.553459,65.853659,56.040268,45.679012,8.791209,4.18467,6.851578,4.50392,-0.780461,-2.090407,3.87119,2,1.716598,False,0.795744,1.270688,0.811934,-0.107747,-0.547097,0.615828
2024,65040,김태훈,SAM,,72,False,10.595152,-4.777202,3.871,3.573359,50.0,72.413793,34.883721,37.530072,78.947368,66.666667,54.166667,26.315789,30.0,,,,,,,,,,,,,,,
2024,50902,김한별,NC,,195,False,0.254886,-1.873719,21.29,7.189125,53.333333,71.428571,35.051546,36.377025,67.924528,84.615385,67.46988,29.411765,8.0,,,,,,,,,,,,,,,
2024,61404,김헌곤,SAM,,1282,True,-2.76974,-7.350733,0.323,5.236759,43.213729,55.403087,33.04721,22.355877,55.590062,50.0,50.909091,30.639731,19.047619,-1.667332,-2.005696,-4.298448,-12.256307,6.393048,-0.350131,1,2.597297,False,-0.317055,-0.371975,-0.774893,-1.692057,1.673175,-0.055699
2024,76290,김현수,LG,,2186,True,-0.286002,5.943957,97.742,7.422907,45.974382,70.729367,23.426573,47.302794,78.533095,82.926829,53.469852,16.699411,4.60251,-2.626933,-1.120596,-1.674606,-0.707272,0.605655,-2.232389,1,0.918927,False,-0.499529,-0.207825,-0.301886,-0.097643,0.158511,-0.355128
2024,54166,김현종,LG,,43,False,17.407866,-6.268777,1.29,2.578315,55.813953,77.777778,40.0,37.777778,81.818182,100.0,53.846154,50.0,20.0,,,,,,,,,,,,,,,
2024,51417,김현준,SAM,,790,True,-2.431969,-5.670977,2.903,4.946689,43.164557,56.266667,31.325301,24.941366,59.90099,61.904762,49.354839,30.27027,11.827957,-2.861439,-2.400228,-2.554807,-3.052584,0.26727,-2.465749,1,0.635985,False,-0.544122,-0.445144,-0.460562,-0.421428,0.069949,-0.392251
2024,68912,김형준,NC,,1746,True,-1.785977,0.317073,50.0,6.649534,44.272623,65.057179,27.21585,37.841329,70.87156,76.315789,50.36075,24.433249,8.181818,-1.406236,-1.777798,-0.736186,1.729689,0.520646,-3.461014,1,1.12965,False,-0.267405,-0.329709,-0.132714,0.238794,0.136262,-0.550577
2024,67304,김혜성,KIW,,2134,True,1.051106,1.110283,59.032,6.052984,45.407685,65.460186,28.791774,36.668412,70.760234,75.177305,54.436451,26.640927,5.204461,-1.974905,0.424936,-2.05983,-0.684273,-1.94016,0.3496,1,1.010986,False,-0.375542,0.078808,-0.371331,-0.094468,-0.507774,0.055614
2024,65653,김호령,KIA,,304,True,-1.440568,-1.246859,26.774,6.270571,43.092105,65.625,26.704545,38.920455,77.777778,100.0,49.21875,24.691358,14.634146,1.077388,-3.524955,8.560297,27.928695,5.954516,-4.080356,2,4.030265,True,0.204873,-0.653735,1.543188,3.855725,1.558403,-0.649102
2024,54460,김호진,SAM,,102,False,2.109167,-4.384621,5.161,4.532684,50.980392,68.627451,33.333333,35.294118,73.333333,100.0,50.0,34.782609,27.272727,,,,,,,,,,,,,,,
2024,51344,김휘집,KIW · NC,,2324,True,-4.625747,-0.285677,40.968,6.884663,43.244406,63.041475,25.90799,37.133485,68.793103,69.281046,49.219563,22.770398,5.078125,-2.683577,-3.561964,-1.893419,-4.335835,-2.975568,-4.400765,1,0.438535,False,-0.510301,-0.660599,-0.341332,-0.598588,-0.778759,-0.700072
2024,62947,나성범,KIA,,1640,True,9.126466,5.78662,96.452,7.483659,54.939024,83.988764,32.650862,51.337902,89.502762,91.176471,67.019667,29.487179,8.370044,10.825201,7.979362,9.53553,7.795367,4.270728,11.370008,2,1.698125,False,2.058486,1.479846,1.718996,1.076197,1.117726,1.808737
2024,51551,나승엽,LOT,,1985,True,-7.101014,2.798218,80.323,7.578017,39.496222,61.857923,20.373832,41.484091,68.951613,72.661871,45.928753,14.859438,3.414634,-7.644873,-6.659165,-6.448238,-5.913898,-2.630777,-8.722198,1,1.535235,False,-1.453725,-1.235003,-1.162441,-0.816449,-0.688521,-1.387524
2024,69737,노시환,HAN,,2359,True,2.462163,0.302497,49.355,6.170047,47.265791,69.175992,31.613372,37.56262,73.887814,75.657895,58.102345,27.946128,7.096774,2.730432,2.608205,2.302345,1.095233,-0.573891,4.285452,2,1.494374,False,0.51921,0.483716,0.41505,0.151204,-0.150198,0.681728
2024,62931,노진혁,LOT,,607,True,2.245345,2.068567,70.645,6.442067,48.105437,71.102662,30.523256,40.579406,77.697842,84.615385,54.307116,25.0,7.692308,2.493682,2.913674,3.413167,7.212891,1.171737,-0.099989,2,1.355413,False,0.474191,0.540368,0.615301,0.995783,0.306664,-0.015906
2024,54944,데이비슨,NC,,2150,True,9.672186,3.608965,84.194,6.840163,55.348837,80.890337,36.208299,44.682038,86.09407,85.714286,65.162037,35.234216,10.784314,10.394382,9.815971,9.455098,5.83484,5.266874,10.240139,2,1.718519,False,1.976563,1.820462,1.704496,0.805535,1.378435,1.628998
2024,53327,도슨,KIW,,1529,True,1.809965,4.938262,91.935,6.758069,47.024199,70.935252,27.098321,43.836931,74.094708,84.883721,59.076433,22.005571,1.639344,-1.18908,1.756431,-4.57592,2.866772,-3.012436,3.710291,1,1.759868,False,-0.226112,0.325746,-0.824914,0.395775,-0.788408,0.590232
2024,66965,도태훈,NC,,732,True,-6.075256,0.930771,57.097,7.355225,39.754098,62.121212,21.393035,40.728177,59.574468,73.684211,51.70068,14.705882,2.5,-5.093978,-7.115657,-12.971235,-1.888713,-4.761522,-2.326179,1,2.082864,False,-0.968655,-1.319664,-2.33836,-0.260748,-1.246175,-0.370048
2024,54400,디아즈,SAM,,465,True,1.967853,-0.818827,31.29,5.516129,48.602151,66.824645,33.464567,33.360078,70.909091,68.75,58.064516,29.508197,8.510638,1.752697,3.573307,1.037419,-4.009579,0.109749,4.622364,2,1.895382,False,0.333287,0.662703,0.187018,-0.553547,0.028723,0.735324
2024,52025,라모스,DOO,,1301,True,12.687648,4.150906,86.774,6.258477,56.110684,80.457746,37.244202,43.213544,87.188612,90.140845,66.852886,35.802469,6.289308,9.297918,11.280127,9.721355,9.389961,1.124789,11.749874,2,1.988831,False,1.768063,2.092003,1.752495,1.296341,0.294377,1.869166
2024,54529,레이예스,LOT,,2442,True,7.644673,-1.745579,23.548,5.573606,52.538903,71.290944,38.675214,32.61573,73.684211,75.757576,64.83971,38.032787,5.732484,7.354259,8.051616,5.228958,4.48821,-3.271921,11.707274,2,2.071575,False,1.398463,1.493246,0.942639,0.619624,-0.85632,1.862389
2024,67025,로하스,KT,,2680,True,-2.447494,-0.725272,33.226,6.381354,41.007463,60.810811,27.006369,33.804442,62.773723,69.811321,51.95277,24.296296,5.337079,-4.375741,-2.810962,-7.240936,-3.098694,-3.002885,-1.520648,1,0.859105,False,-0.832077,-0.521319,-1.305343,-0.427793,-0.785909,-0.241904
2024,53404,류승민,SAM,,17,False,-2.250105,-3.610279,7.742,9.850592,29.411765,50.0,26.666667,23.333333,100.0,,33.333333,40.0,0.0,,,,,,,,,,,,,,,
2024,62234,류지혁,SAM,,1357,True,-1.878118,1.537233,65.484,7.537322,44.657332,65.732087,25.734266,39.997821,71.757925,72.815534,52.523364,22.923588,4.022989,-2.226014,-2.295187,-1.714676,-3.732577,-2.843596,-1.706172,1,0.51584,False,-0.423292,-0.425664,-0.309109,-0.515305,-0.74422,-0.271417
2024,54219,류현준,DOO,,12,False,7.723921,-7.538739,0.0,8.158579,50.0,66.666667,33.333333,33.333334,75.0,0.0,40.0,0.0,50.0,,,,,,,,,,,,,,,
2024,50868,류효승,SSG,,9,False,3.691141,-24.101255,0.0,3.367315,33.333333,33.333333,33.333333,0.0,50.0,,50.0,0.0,33.333333,,,,,,,,,,,,,,,
2024,54424,맥키넌,SAM,,1170,True,0.436909,0.244132,48.71,6.188085,45.128205,64.96063,29.909366,35.051264,68.888889,69.230769,52.842105,28.62069,5.925926,-1.413433,0.858078,-2.607377,-5.238043,-1.782747,-0.955283,1,0.957437,False,-0.268774,0.159138,-0.470039,-0.723143,-0.466577,-0.151966
2024,69102,문보경,LG,,2436,True,-1.227332,3.921954,85.484,7.391153,45.525452,70.641373,24.604966,46.036407,77.317881,83.908046,52.258727,20.970537,4.270463,-0.23799,-1.540031,0.200547,3.525315,-1.043153,-2.76777,1,1.31383,False,-0.045255,-0.285613,0.036153,0.486691,-0.273012,-0.440296
2024,64007,문상철,KT,,1624,True,-0.493247,2.391484,75.161,6.849172,43.780788,67.313433,27.253669,40.059764,73.065903,76.470588,53.424658,23.604061,5.357143,-1.691118,-0.100737,-1.712309,-1.451155,-0.95314,-1.090364,1,0.863986,False,-0.321578,-0.018683,-0.308683,-0.200341,-0.249454,-0.173455
2024,68119,문성주,LG,,1405,True,-3.741513,1.515359,64.839,7.405883,39.145907,61.030596,21.811224,39.219372,67.975831,67.647059,45.344828,16.467066,4.375,-6.900709,-6.235514,-5.463338,-8.865879,-2.505829,-8.877397,1,1.539292,False,-1.312217,-1.156434,-0.984891,-1.223988,-0.65582,-1.412213
2024,62869,문승원,SSG,,5,False,-27.516255,-25.399853,0.0,-5.421472,40.0,33.333333,50.0,-16.666667,0.0,0.0,66.666667,0.0,,,,,,,,,,,,,,,,
2024,53764,문현빈,HAN,,1052,True,4.932669,2.334265,73.226,7.194356,51.235741,74.845361,31.040564,43.804797,79.230769,83.050847,59.529412,28.286853,7.758621,5.910903,3.640942,4.540009,5.221112,1.411076,5.033512,2,0.622117,False,1.123999,0.675246,0.81844,0.720806,0.369304,0.800729
2024,79215,박건우,NC,,1340,True,4.982887,5.808747,97.097,6.97226,50.522388,77.317881,28.532609,48.785272,86.461538,89.52381,57.642726,21.895425,9.638554,4.127213,3.878594,6.460488,6.107126,5.553648,1.985672,2,0.929613,False,0.784818,0.719321,1.16465,0.843126,1.453489,0.31588
2024,73113,박경수,KT,,11,False,-9.470215,-10.611994,0.0,4.36378,45.454545,57.142857,25.0,32.142857,60.0,100.0,50.0,0.0,,,,,,,,,,,,,,,,
2024,64468,박계범,DOO,,94,False,-8.915766,4.566002,90.323,7.727587,38.297872,67.391304,10.416667,56.974637,78.26087,87.5,40.540541,9.677419,0.0,,,,,,,,,,,,,,,
2024,79365,박동원,LG,,2007,True,1.708306,5.115038,93.871,7.428357,46.238166,72.887324,26.580087,46.307237,78.924731,79.710145,53.875476,24.539877,6.390977,0.546443,1.377889,-0.016076,-2.591059,1.854316,-1.549744,1,1.62737,False,0.10391,0.255542,-0.002898,-0.357711,0.485308,-0.246533
2024,50657,박민,KIA,,104,False,3.108641,-5.230013,3.871,4.368708,45.192308,58.695652,34.482759,24.212893,56.0,44.444444,52.272727,45.0,6.666667,,,,,,,,,,,,,,,
2024,69056,박민석,KT,,64,False,2.152512,5.533543,94.839,8.409929,57.8125,75.0,29.166667,45.833333,78.26087,71.428571,60.714286,25.0,0.0,,,,,,,,,,,,,,,
2024,62907,박민우,NC,,2071,True,-4.815625,1.648236,68.065,6.657499,42.153549,63.664278,22.943327,40.720951,70.955166,75.177305,48.0,17.575758,6.57277,-4.4298,-4.998409,-2.687088,-1.549299,-0.221528,-6.266632,1,0.806664,False,-0.842357,-0.927001,-0.484409,-0.21389,-0.057978,-0.996894
2024,53204,박민준,DOO,,19,False,9.048999,2.321981,71.613,3.289372,63.157895,71.428571,58.333333,13.095238,50.0,0.0,80.0,50.0,0.0,,,,,,,,,,,,,,,
2024,75125,박병호,KT · SAM,,1678,True,0.433926,4.852816,90.645,7.971969,46.185936,72.593583,24.946237,47.647346,79.480519,82.45614,54.239766,21.497585,4.615385,0.573922,-0.463174,0.940484,0.576588,-0.092039,-1.097821,1,1.407657,False,0.109135,-0.0859,0.169544,0.079601,-0.024088,-0.174641
2024,66707,박상언,HAN,,209,False,-7.40536,0.997308,58.065,6.77408,41.148325,63.0,21.100917,41.899083,67.857143,50.0,46.153846,13.333333,0.0,,,,,,,,,,,,,,,
2024,53305,박성빈,KIW,,32,False,7.761909,-0.560012,37.419,4.190023,43.75,62.5,37.5,25.0,75.0,0.0,53.333333,22.222222,25.0,,,,,,,,,,,,,,,
2024,67893,박성한,SSG,,2383,True,-10.189582,-2.588082,15.806,7.295793,37.977339,55.488332,21.451876,34.036456,58.196721,56.17284,45.096057,16.023166,7.894737,-7.416294,-9.837486,-8.970877,-13.741786,-1.658319,-7.754819,1,2.416291,False,-1.410259,-1.824452,-1.617204,-1.897137,-0.434012,-1.233634
2024,62244,박세혁,NC,,672,True,4.091213,0.594439,53.226,5.451408,49.702381,72.125436,32.987013,39.138423,76.190476,72.972973,60.854093,26.347305,9.090909,5.32225,4.212545,4.158812,-2.05913,1.610362,6.939634,2,1.175414,False,1.012062,0.781255,0.74972,-0.284275,0.42146,1.103955
2024,52305,박수종,KIW,,529,True,-3.214508,-2.603099,15.161,6.102761,41.965974,58.649789,28.424658,30.225131,64.0,63.636364,50.990099,23.913043,9.375,-4.236441,-2.87657,-3.144646,-6.254114,-0.187835,-1.855758,1,0.704842,False,-0.805588,-0.533486,-0.566894,-0.863418,-0.04916,-0.295213
2024,62802,박승욱,LOT,,1817,True,1.334675,3.978855,86.129,7.149423,48.266373,72.255018,27.319588,44.93543,78.555799,79.411765,56.824513,23.459716,5.0,1.305951,1.219555,1.351499,-1.062462,-0.276561,1.779,1,1.744141,False,0.248336,0.226178,0.243638,-0.146679,-0.072381,0.283003
2024,50996,박시원,NC,,624,True,5.111355,1.339044,61.613,6.497923,50.641026,71.326165,33.913043,37.413122,79.562044,83.783784,62.403101,26.351351,8.641975,3.610844,5.726977,6.392349,7.554359,1.646326,8.239799,2,0.76249,False,0.686627,1.062121,1.152366,1.042925,0.430873,1.310785
2024,50906,박영빈,NC,,31,False,5.421328,8.539666,100.0,6.661415,51.612903,84.615385,27.777778,56.837607,66.666667,100.0,73.333333,14.285714,0.0,,,,,,,,,,,,,,,
2024,67609,박정우,KIA,,266,False,1.159738,4.228771,87.097,6.160287,47.368421,73.6,24.113475,49.486525,80.882353,81.818182,52.136752,17.647059,3.333333,,,,,,,,,,,,,,,
2024,50357,박주홍,KIW,,262,False,1.526014,2.460909,76.129,7.470768,45.801527,70.731707,23.741007,46.9907,82.142857,76.923077,57.575758,20.833333,5.714286,,,,,,,,,,,,,,,
2024,66928,박준영,DOO,,917,True,-4.204922,-2.070981,20.323,6.256964,43.620502,60.648148,28.453608,32.19454,64.19214,73.333333,49.222798,30.25641,3.738318,-2.889922,-2.42713,-3.765779,2.587212,-5.477994,-3.800891,1,1.233474,False,-0.549539,-0.450134,-0.678867,0.35718,-1.433689,-0.604645
2024,69363,박준형,KIW,,16,False,5.88017,-8.222766,0.0,1.304478,56.25,71.428571,44.444444,26.984127,75.0,100.0,62.5,25.0,,,,,,,,,,,,,,,,
2024,54805,박지환,SSG,,919,True,6.454528,0.395283,50.645,5.438127,51.142546,70.432692,35.188867,35.243825,76.651982,77.777778,57.027027,33.027523,12.5,3.87347,6.257022,4.924702,3.065916,4.889759,3.179125,2,0.742825,False,0.736567,1.160422,0.887789,0.423268,1.279737,0.505734
2024,64646,박찬호,KIA,,2174,True,-4.20208,-1.594041,24.839,6.692045,41.444342,59.863946,24.89083,34.973116,68.139963,79.861111,45.278726,22.580645,8.203125,-4.258371,-5.61302,-0.546896,8.348072,-0.702596,-7.904354,1,1.91199,False,-0.809758,-1.040986,-0.09859,1.152502,-0.183882,-1.257422
2024,53992,박한결,NC,,289,False,-5.155523,-1.522383,25.161,4.955583,39.792388,53.435115,28.481013,24.954102,62.5,66.666667,40.384615,32.051282,8.571429,,,,,,,,,,,,,,,
2024,62415,박해민,LG,,2261,True,-1.79154,-1.67938,24.194,7.124936,44.714728,63.739377,27.953411,35.785966,69.572954,74.096386,50.536481,25.793651,7.224335,-0.278401,-2.617876,1.016524,2.720572,-1.73696,-2.618079,1,1.263697,False,-0.05294,-0.485509,0.183252,0.375591,-0.454593,-0.416483
2024,64166,배정대,KT,,1892,True,-4.051195,0.156932,48.065,6.63577,41.807611,61.648352,23.421589,38.226763,67.43215,67.2,48.641656,17.924528,7.407407,-4.618892,-5.698606,-3.930842,-7.128594,-0.358052,-5.12659,1,0.923912,False,-0.878314,-1.056859,-0.708624,-0.984145,-0.093709,-0.815536
2024,54507,백두산,LOT,,4,False,0.130586,-6.096521,1.29,0.127716,50.0,0.0,66.666667,-66.666667,,,66.666667,,0.0,,,,,,,,,,,,,,,
2024,65109,백승현,LG,,3,False,25.799928,15.757831,100.0,1.236254,100.0,100.0,100.0,0.0,100.0,,100.0,,,,,,,,,,,,,,,,,
2024,68305,변상권,KIW,,880,True,4.968238,0.942802,57.742,5.715354,53.181818,72.439024,36.382979,36.056045,79.912664,77.61194,58.522727,33.333333,10.869565,5.209096,7.883795,7.348573,2.019671,3.615877,4.491847,2,0.779459,False,0.990545,1.462122,1.324747,0.278828,0.94634,0.714562
2024,69727,변우혁,KIA,,686,True,10.104912,2.555902,77.742,5.731997,53.93586,77.104377,36.246787,40.85759,80.141844,83.333333,65.467626,34.104046,17.021277,7.898416,9.022307,5.112341,5.147207,10.818066,10.897656,2,2.299546,False,1.501938,1.67327,0.921616,0.710603,2.831281,1.733596
2024,78168,서건창,KIA,,1017,True,-10.782408,1.353152,62.258,8.247154,35.594887,56.956522,17.953321,39.003201,62.745098,68.75,41.330166,11.453744,1.754386,-10.776081,-10.221596,-10.446159,-7.50211,-5.232075,-12.837851,1,2.968647,True,-2.049146,-1.895689,-1.883158,-1.035712,-1.369327,-2.042241
2024,53569,서동욱,LOT,,103,False,3.904487,-1.020579,29.032,7.851211,53.398058,68.518519,36.734694,31.783825,64.285714,40.0,72.093023,25.0,8.333333,,,,,,,,,,,,,,,
2024,66203,서예일,DOO,,96,False,3.719393,4.428923,89.032,5.69751,53.125,78.947368,36.206897,42.740471,85.0,100.0,65.116279,20.0,12.5,,,,,,,,,,,,,,,
2024,69995,서호철,NC,,2143,True,3.733386,-3.424279,8.71,5.8655,48.343444,65.404837,34.731544,30.673293,69.625247,71.812081,54.716981,35.508637,12.734082,3.524545,2.781402,3.735667,3.242056,2.636481,2.145558,2,0.929117,False,0.670216,0.515837,0.673439,0.447585,0.690014,0.341315
2024,52630,소크라테스,KIA,,2204,True,4.138077,-2.363293,18.387,5.333853,48.956443,65.909091,35.679612,30.229479,68.714012,66.451613,58.249158,31.918819,11.6,2.729101,4.567883,1.202854,-3.824472,2.19333,5.323159,2,1.594609,False,0.518957,0.847156,0.216842,-0.527991,0.574034,0.846806
2024,51528,손성빈,LOT,,716,True,0.749832,2.451856,75.806,6.783091,46.648045,69.254658,28.172589,41.082069,83.018868,88.0,52.684564,20.454545,10.843373,0.176152,0.86589,8.148386,9.981179,4.572406,-1.850634,2,1.956913,False,0.033497,0.160587,1.468932,1.377962,1.19668,-0.294398
2024,77532,손아섭,NC,,1349,True,3.414604,-0.716294,33.871,6.648072,47.739066,66.83087,32.027027,34.803843,71.019108,74.683544,55.88785,31.626506,10.119048,1.63332,2.216791,0.990728,1.759093,1.78493,2.411432,2,1.461816,False,0.310587,0.411124,0.178601,0.242853,0.467148,0.38361
2024,50150,손호영,LG · LOT,,1402,True,18.143319,-2.183836,19.677,4.388275,60.271041,80.445969,45.909646,34.536323,84.444444,86.315789,70.731707,49.112426,16.666667,17.046146,14.939728,16.659009,15.751138,7.376862,17.745734,2,4.374362,True,3.241442,2.77071,3.003165,2.17454,1.930656,2.822986
2024,64012,송민섭,KT,,90,False,-1.775948,2.35612,74.194,7.429039,46.666667,70.588235,32.142857,38.445378,73.684211,75.0,60.0,25.925926,0.0,,,,,,,,,,,,,,,
2024,65357,송성문,KIW,,2298,True,-1.607182,2.480367,76.452,6.703883,43.907746,65.580058,25.896414,39.683644,70.055453,74.285714,52.890792,22.527473,4.693141,-3.533374,-1.387755,-4.858605,-3.778952,-1.55926,-1.653934,1,0.541617,False,-0.671895,-0.257372,-0.875874,-0.521707,-0.408086,-0.263107
2024,69203,송승환,NC,,15,False,16.664484,-4.017343,7.097,0.960327,46.666667,75.0,36.363636,38.636364,50.0,,66.666667,33.333333,0.0,,,,,,,,,,,,,,,
2024,54394,송지후,KIW,,1,False,59.649922,57.590338,100.0,-1.499482,100.0,100.0,,,,,100.0,,,,,,,,,,,,,,,,,
2024,68110,송찬의,LG,,68,False,9.834174,3.581055,83.871,6.26782,54.411765,77.777778,39.02439,38.753388,75.0,100.0,67.741935,42.857143,12.5,,,,,,,,,,,,,,,
2024,65207,신민재,LG,,1764,True,-3.279373,1.245515,60.323,7.229431,40.079365,63.706564,21.47923,42.227334,69.212411,70.909091,49.194729,17.176471,3.375527,-3.894185,-6.780744,-3.814337,-5.169939,-3.681029,-4.937316,1,0.900022,False,-0.740506,-1.257551,-0.687621,-0.713741,-0.963391,-0.785427
2024,66662,신범수,SSG,,110,False,5.359758,-1.409497,25.806,5.206349,50.0,68.292683,39.130435,29.162248,69.565217,80.0,56.818182,40.625,9.090909,,,,,,,,,,,,,,,
2024,62556,신본기,KT,,563,True,-4.529849,-3.617427,7.419,8.13381,40.497336,59.615385,24.092409,35.522976,60.0,64.102564,48.847926,20.155039,8.955224,-2.028302,-8.010362,-5.594379,-4.15688,-1.268158,-3.658948,1,1.041132,False,-0.385696,-1.485595,-1.008514,-0.573882,-0.3319,-0.582064
2024,53991,신용석,NC,,6,False,29.268094,23.853586,100.0,1.72239,83.333333,100.0,75.0,25.0,100.0,100.0,100.0,50.0,,,,,,,,,,,,,,,,
2024,69508,신윤후,LOT,,148,False,2.871405,-7.825803,0.0,4.522698,49.324324,65.079365,37.647059,27.432306,70.967742,83.333333,59.677419,29.032258,20.833333,,,,,,,,,,,,,,,
2024,64006,심우준,KT,,786,True,-7.815812,-4.029013,6.774,6.152762,40.458015,53.664921,27.970297,25.694624,59.223301,60.416667,44.984802,24.137931,7.792208,-7.474577,-4.457718,-5.742023,-7.180949,-2.699205,-7.384522,1,1.289748,False,-1.421342,-0.826725,-1.03513,-0.991373,-0.70643,-1.174727
2024,66864,안상현,SSG,,281,False,2.143725,-1.117723,27.742,5.843295,48.398577,68.309859,28.057554,40.252305,72.289157,79.166667,53.703704,29.090909,5.714286,,,,,,,,,,,,,,,
2024,64011,안승한,DOO,,19,False,14.892013,7.40129,98.71,4.287346,57.894737,87.5,36.363636,51.136364,80.0,100.0,75.0,20.0,0.0,,,,,,,,,,,,,,,
2024,65115,안익훈,LG,,226,False,-10.633809,-2.135947,20.0,6.140344,35.840708,55.045872,17.948718,37.097154,50.847458,66.666667,47.126437,15.09434,7.407407,,,,,,,,,,,,,,,
2024,66406,안주형,SAM,,622,True,3.604955,-0.065356,44.194,5.204835,47.749196,67.391304,32.080925,35.310379,75.167785,78.947368,56.153846,24.183007,3.333333,1.396361,2.785073,4.144531,4.976212,-4.576883,2.459888,2,2.309751,False,0.265528,0.516517,0.747146,0.686996,-1.197852,0.391318
2024,64022,안중열,NC,,108,False,-4.623449,-3.454172,8.387,6.514291,41.666667,59.183673,27.118644,32.065029,65.217391,66.666667,48.780488,30.30303,0.0,,,,,,,,,,,,,,,
2024,67006,안치영,KT,,198,False,-6.278085,-1.540231,25.161,6.019249,38.888889,57.471264,24.324324,33.14694,63.461538,70.588235,44.285714,19.298246,10.526316,,,,,,,,,,,,,,,
2024,79608,안치홍,HAN,,2037,True,-1.489247,-4.618102,4.839,5.667933,43.348061,55.851064,32.634458,23.216606,56.198347,61.47541,52.855407,32.051282,9.923664,-4.566805,-0.259067,-7.866631,-5.174954,-0.951374,0.682953,1,1.273306,False,-0.868409,-0.048046,-1.418139,-0.714434,-0.248992,0.108644
2024,52001,안현민,KT,,107,False,2.75085,-6.505587,0.645,4.17522,50.46729,65.217391,39.344262,25.873129,70.833333,66.666667,58.695652,34.782609,14.285714,,,,,,,,,,,,,,,
2024,54408,양도근,SAM,,119,False,-8.166666,-1.053869,29.032,8.972572,36.134454,51.020408,25.714286,25.306122,60.869565,66.666667,46.808511,22.580645,0.0,,,,,,,,,,,,,,,
2024,64153,양석환,DOO,,2402,True,6.219365,-0.865737,30.0,5.888649,50.20816,69.950249,36.005727,33.944522,72.447013,72.519084,61.505832,34.210526,12.650602,4.935766,6.077398,2.647037,-0.165064,4.219165,8.079357,2,1.033085,False,0.93857,1.127109,0.477189,-0.022788,1.104231,1.285261
2024,69403,양우현,SAM,,58,False,3.920437,-6.559467,0.645,8.451912,48.275862,64.0,36.363636,27.636364,61.538462,50.0,68.0,15.384615,14.285714,,,,,,,,,,,,,,,
2024,76232,양의지,DOO,,1794,True,-1.198095,0.580902,52.581,6.637908,44.648829,63.946407,28.365879,35.580528,67.28972,65.925926,54.08971,21.985816,5.405405,-2.840197,-0.419286,-4.721254,-9.08441,-2.083958,0.179775,1,1.147726,False,-0.540083,-0.07776,-0.851113,-1.254158,-0.545409,0.028599
2024,50293,양찬열,DOO,,57,False,-5.691501,6.293065,98.065,13.447488,35.087719,68.0,9.375,58.625,72.727273,0.0,46.153846,0.0,0.0,,,,,,,,,,,,,,,
2024,53827,에레디아,SSG,,2033,True,10.510501,4.96974,92.581,6.399768,53.22184,79.649123,34.040747,45.608376,85.074627,86.805556,64.949749,29.835391,7.446809,7.486231,8.723732,6.355889,4.737991,2.815528,9.573087,2,1.002199,False,1.423558,1.617896,1.145793,0.654108,0.736874,1.522884
2024,54205,여동건,DOO,,34,False,13.170102,-0.412549,40.645,5.305673,50.0,90.909091,30.434783,60.474308,100.0,100.0,46.666667,71.428571,0.0,,,,,,,,,,,,,,,
2024,68330,예진원,KIW,,81,False,2.891166,-5.077951,3.871,4.042831,46.91358,70.0,33.333333,36.666667,63.157895,40.0,55.882353,23.529412,27.272727,,,,,,,,,,,,,,,
2024,50208,오명진,DOO,,9,False,6.032775,2.578191,78.065,38.181918,33.333333,66.666667,16.666667,50.0,,,75.0,0.0,0.0,,,,,,,,,,,,,,,
2024,69636,오선우,KIA,,26,False,-0.304961,-14.020292,0.0,-3.801468,42.307692,44.444444,41.176471,3.267973,0.0,0.0,53.333333,42.857143,0.0,,,,,,,,,,,,,,,
2024,78756,오선진,LOT,,101,False,6.100381,-1.244699,27.097,5.682583,54.455446,70.731707,43.333333,27.398374,76.923077,77.777778,69.230769,25.0,12.5,,,,,,,,,,,,,,,
2024,53123,오스틴,LG,,2287,True,-0.67092,-2.573389,17.097,5.96839,42.850896,61.020408,29.227238,31.79317,64.59144,72.666667,50.989011,29.338104,6.578947,-1.902216,-2.050513,-2.598614,2.728415,-2.964541,-1.866775,1,0.957955,False,-0.361719,-0.380287,-0.468459,0.376674,-0.775873,-0.296966
2024,68904,오영수,NC,,141,False,-1.280616,1.612209,66.452,6.688631,42.553191,67.857143,25.882353,41.97479,78.787879,85.714286,51.162791,22.916667,5.882353,,,,,,,,,,,,,,,
2024,64504,오윤석,KT,,766,True,-1.395187,0.058663,46.774,6.612499,44.64752,64.183381,28.297362,35.886019,68.292683,61.702128,50.841751,27.272727,3.409091,-1.963484,-0.900487,-2.920117,-12.46845,-4.420362,-2.893654,1,1.511417,False,-0.37337,-0.167004,-0.526417,-1.721345,-1.156888,-0.460322
2024,75334,오재일,SAM · KT,,1292,True,5.841803,7.605318,99.677,6.89811,50.851393,79.482759,27.52809,51.954669,84.262295,84.415584,63.00813,23.809524,6.289308,4.091307,4.293763,1.515422,-1.889978,3.374358,6.750671,2,1.274465,False,0.77799,0.796318,0.273189,-0.260923,0.88313,1.073895
2024,79109,오지환,LG,,1760,True,-1.332562,5.684273,95.806,8.208446,44.772727,70.828183,22.607781,48.220402,77.676538,78.26087,54.122939,17.339667,5.579399,-2.210006,-2.144596,-2.13427,-4.955661,1.413433,-1.492517,1,1.021423,False,-0.420248,-0.397735,-0.384751,-0.684159,0.369921,-0.237429
2024,60558,오태곤,SSG,,1140,True,2.820311,0.611706,53.871,6.364114,47.368421,69.138277,30.421217,38.71706,71.936759,79.518072,58.686441,26.642336,5.673759,2.313939,1.660394,-0.121295,4.458203,-1.795544,4.766212,2,1.895881,False,0.440011,0.307935,-0.021866,0.615482,-0.469926,0.758207
2024,54307,원성준,KIW,,505,True,-7.132828,-0.482553,39.032,6.178872,42.574257,61.570248,25.095057,36.475191,69.767442,67.857143,44.878049,24.8,4.347826,-3.913632,-4.530472,-0.618181,-5.443163,-3.834076,-8.676484,1,1.159494,False,-0.744204,-0.840218,-0.111441,-0.751462,-1.003446,-1.380252
2024,61102,유강남,LOT,,596,True,1.548729,2.744311,79.677,7.738807,46.979866,69.892473,26.81388,43.078593,75.177305,85.714286,58.823529,21.830986,4.0,0.455712,-0.261715,-0.140156,7.225199,-2.080516,4.190594,1,2.149731,False,0.086657,-0.048537,-0.025266,0.997482,-0.544508,0.666638
2024,69766,유로결,HAN,,156,False,-0.525194,0.901956,56.129,6.730581,44.230769,65.217391,27.586207,37.631184,84.375,85.714286,40.57971,29.268293,14.285714,,,,,,,,,,,,,,,
2024,52667,윤도현,KIA,,95,False,16.843705,-9.002303,0.0,-0.175525,57.894737,73.529412,49.180328,24.349084,71.428571,83.333333,62.5,50.0,46.666667,,,,,,,,,,,,,,,
2024,52591,윤동희,LOT,,2618,True,-4.888516,-0.058396,44.839,7.135944,41.252865,60.690789,24.393723,36.297066,65.746753,69.277108,49.29972,21.521036,4.472843,-5.31268,-4.896629,-5.287138,-4.70524,-3.432841,-4.396564,1,0.785036,False,-1.010243,-0.908125,-0.953127,-0.649587,-0.898436,-0.699404
2024,68463,윤정빈,SAM,,791,True,-2.682525,0.481376,51.29,6.826159,45.132743,64.754098,28.235294,36.518804,70.873786,68.571429,55.197133,24.637681,6.060606,-1.910587,-0.628519,-0.985076,-6.27887,-1.49357,1.320459,1,1.097944,False,-0.363311,-0.116565,-0.177582,-0.866836,-0.390894,0.210058
2024,50092,윤준혁,KT,,53,False,13.78884,-5.300766,3.871,3.940936,62.264151,75.862069,45.833333,30.028736,66.666667,100.0,73.684211,60.0,16.666667,,,,,,,,,,,,,,,
2024,53296,윤준호,DOO,,18,False,-3.326857,-3.610879,7.742,6.599966,55.555556,64.285714,25.0,39.285714,87.5,100.0,37.5,0.0,0.0,,,,,,,,,,,,,,,
2024,65703,이도윤,HAN,,1373,True,0.057166,-2.872596,11.935,6.083926,44.282593,62.153344,29.868421,32.284923,64.375,64.210526,52.293578,27.616279,13.414634,-0.402754,-1.645769,-2.357755,-5.246603,3.676298,-0.462215,1,1.692221,False,-0.076586,-0.305223,-0.425039,-0.724325,0.962153,-0.073529
2024,76849,이명기,HAN,,29,False,4.1243,-11.295876,0.0,2.370985,48.275862,50.0,46.666667,3.333333,60.0,100.0,50.0,33.333333,40.0,,,,,,,,,,,,,,,
2024,69428,이병헌,SAM,,662,True,1.202508,1.50459,64.194,6.202766,48.338369,68.421053,31.284916,37.136137,81.595092,91.176471,51.893939,28.0,9.411765,0.50294,3.229668,8.172382,14.680849,2.523923,-2.324688,2,2.131986,False,0.095637,0.598972,1.473258,2.02678,0.660556,-0.369811
2024,52704,이상혁,HAN,,57,False,-7.042496,3.859015,85.161,7.209772,36.842105,62.5,18.181818,44.318182,66.666667,100.0,37.037037,21.428571,0.0,,,,,,,,,,,,,,,
2024,66409,이성규,SAM,,1444,True,6.342739,-1.846669,21.613,5.484277,50.484765,71.875,36.290323,35.584677,77.419355,77.777778,59.688581,33.136095,14.678899,8.06215,5.586841,9.118605,6.670964,5.608663,6.589928,2,1.066604,False,1.533073,1.036131,1.643836,0.920967,1.467887,1.048324
2024,53302,이승원,KIW,,146,False,-2.36247,-2.96381,10.968,3.483039,43.150685,58.208955,30.379747,27.829208,62.857143,60.0,49.230769,19.354839,20.0,,,,,,,,,,,,,,,
2024,51100,이영빈,LG,,283,False,-1.882268,-2.213887,19.355,7.337858,47.70318,63.043478,33.103448,29.94003,64.935065,75.0,55.172414,29.6875,7.692308,,,,,,,,,,,,,,,
2024,74163,이용규,KIW,,895,True,-1.94851,0.152846,47.419,7.170097,42.011173,63.51706,26.070039,37.447021,71.144279,81.034483,50.0,20.873786,3.448276,-2.745179,-3.053385,-0.212468,6.712459,-4.319844,-3.76688,1,1.602606,False,-0.522015,-0.566278,-0.038302,0.926696,-1.13058,-0.599234
2024,63260,이우성,KIA,,1797,True,-2.815918,3.843592,84.839,7.239187,43.795214,67.905824,24.141414,43.76441,76.674365,78.070175,50.810811,17.179487,5.128205,-2.877547,-2.065507,-0.323203,-2.18655,-0.236442,-4.189498,1,0.751234,False,-0.547185,-0.383067,-0.058265,-0.301866,-0.061881,-0.666464
2024,68700,이원석,HAN,,588,True,-4.12759,1.001692,58.387,6.638217,42.006803,65.543071,22.429907,43.113164,72.297297,62.790698,44.957983,22.857143,1.612903,-1.758997,-6.022741,-0.3568,-12.896266,-5.602435,-9.092578,1,2.033151,False,-0.334485,-1.116973,-0.064321,-1.780407,-1.466257,-1.446444
2024,75566,이원석,KIW,,401,True,-3.282872,7.585367,99.032,8.96796,44.638404,69.0,20.39801,48.60199,77.570093,82.926829,49.090909,15.555556,2.564103,-6.367013,-2.852083,-5.146288,-3.346651,-0.36384,-7.159883,1,1.010881,False,-1.210731,-0.528945,-0.927735,-0.462025,-0.095223,-1.138992
2024,67207,이유찬,DOO,,1006,True,-0.896803,-1.452306,25.484,6.267467,45.526839,63.675214,29.739777,33.935437,68.163265,66.101695,51.447661,25.888325,7.826087,-0.620727,-0.652071,-0.740217,-5.639253,-0.987333,-1.782786,1,0.950512,False,-0.118035,-0.120933,-0.133441,-0.778533,-0.258403,-0.283605
2024,50608,이인한,LOT,,15,False,-1.708202,5.835057,97.419,19.438017,33.333333,57.142857,12.5,44.642857,75.0,100.0,33.333333,0.0,0.0,,,,,,,,,,,,,,,
2024,54305,이재상,KIW,,313,True,8.478298,-5.50698,3.548,3.634511,56.86901,70.921986,45.348837,25.573149,75.324675,81.481481,62.406015,47.142857,12.121212,11.592985,11.752902,12.61823,16.260429,0.667323,10.53062,2,2.802209,False,2.204486,2.179684,2.274723,2.24485,0.17465,1.675208
2024,76812,이재원,HAN,,493,True,6.984054,-3.398198,9.355,4.720073,52.941176,68.534483,39.08046,29.454023,72.868217,77.5,62.755102,34.821429,8.928571,6.622242,7.150928,6.938775,8.888037,-1.152046,10.174963,2,1.532205,False,1.259265,1.326205,1.250872,1.227047,-0.301511,1.61863
2024,52415,이재현,SAM,,2004,True,-6.468419,-0.467399,39.677,7.409968,38.872255,59.413754,22.56043,36.853324,65.778689,65.306122,43.899371,20.169851,5.6,-6.08869,-7.053124,-4.630095,-8.018551,-2.572033,-9.660227,1,1.530163,False,-1.157806,-1.308067,-0.83468,-1.107009,-0.673147,-1.536746
2024,67644,이정훈,LOT,,475,True,-2.146876,3.407474,83.548,7.436756,45.894737,69.856459,27.067669,42.78879,71.962617,70.0,55.121951,24.324324,1.923077,-0.392671,0.516119,-4.368402,-9.55545,-3.725577,0.26739,1,1.451919,False,-0.074669,0.095719,-0.787504,-1.319188,-0.97505,0.042536
2024,51560,이주찬,LOT,,93,False,1.85712,4.962689,92.258,6.156598,51.612903,72.916667,28.888889,44.027778,76.666667,88.888889,55.172414,34.782609,9.090909,,,,,,,,,,,,,,,
2024,52154,이주헌,LG,,20,False,14.725465,1.026275,58.71,5.018422,55.0,87.5,33.333333,54.166667,83.333333,100.0,60.0,75.0,0.0,,,,,,,,,,,,,,,
2024,50167,이주형,KIW,,1982,True,1.918649,3.11881,81.613,6.36486,48.536831,71.336207,28.462998,42.873209,79.157895,81.632653,55.717762,24.886878,7.407407,1.440688,1.68334,3.268061,2.541374,1.570771,0.959671,2,1.438571,False,0.273957,0.312191,0.589142,0.350852,0.411099,0.152664
2024,79456,이지영,SSG,,1380,True,11.072729,-5.701571,2.258,4.625621,53.333333,66.022544,42.951252,23.071292,69.453376,76.315789,60.815603,45.141066,17.741935,6.931915,9.201547,7.044338,11.407638,6.161325,9.005239,2,1.495231,False,1.318151,1.706512,1.269902,1.574893,1.612529,1.43255
2024,66657,이진영,HAN,,444,True,-4.666663,1.686331,68.71,6.399971,41.666667,65.174129,22.222222,42.951907,61.818182,64.285714,53.846154,17.894737,3.508772,-2.966616,-5.689411,-11.882296,-12.502146,-3.260718,-0.433209,1,2.150288,False,-0.564122,-1.055154,-2.142054,-1.725997,-0.853388,-0.068915
2024,51407,이창용,SAM,,62,False,26.423829,-5.527972,3.226,2.642586,74.193548,88.0,64.864865,23.135135,90.0,100.0,78.125,68.75,25.0,,,,,,,,,,,,,,,
2024,64560,이창진,KIA,,990,True,-8.01058,5.577198,95.161,9.106018,37.373737,64.43418,16.337522,48.096658,68.032787,72.580645,45.876289,9.166667,3.389831,-8.472843,-8.499467,-11.614371,-10.46371,-0.845864,-9.703383,1,2.521128,False,-1.611169,-1.576304,-2.093754,-1.444578,-0.221378,-1.543611
2024,69453,이학주,LOT,,443,True,7.948223,0.700439,55.161,5.937494,55.530474,75.728155,37.974684,37.753471,83.018868,77.777778,65.363128,31.428571,15.09434,8.79512,9.283979,10.825197,2.575227,7.682822,11.413245,2,2.056263,False,1.672452,1.721799,1.951488,0.355526,2.010732,1.815615
2024,78135,이형종,KIW,,497,True,-2.776552,4.514712,90.0,7.572232,39.235412,66.666667,17.625899,49.040768,73.214286,81.25,48.93617,13.821138,5.405405,-4.93882,-8.050689,-4.809001,-0.085883,0.477802,-6.288424,1,1.347881,False,-0.939151,-1.493074,-0.866932,-0.011857,0.125049,-1.00036
2024,68504,이호연,KT,,171,False,-0.33194,-9.188304,0.0,2.776676,44.444444,54.320988,35.555556,18.765432,64.444444,58.333333,38.333333,46.666667,14.285714,,,,,,,,,,,,,,,
2024,54598,이호준,LOT,,32,False,3.161323,-2.645544,14.839,8.747816,53.125,71.428571,38.888889,32.539682,62.5,50.0,61.538462,50.0,20.0,,,,,,,,,,,,,,,
2024,64346,임병욱,KIW,,344,True,10.204082,3.237175,82.903,4.75137,57.55814,81.045752,38.743455,42.302297,82.926829,80.769231,70.769231,35.164835,14.634146,11.005237,12.057331,6.85609,1.487621,8.874591,15.971583,2,2.811303,False,2.092721,2.236143,1.235966,0.205375,2.322639,2.540754
2024,54236,임종성,DOO,,20,False,1.677573,0.13007,47.097,4.278674,50.0,71.428571,38.461538,32.967033,75.0,100.0,66.666667,25.0,0.0,,,,,,,,,,,,,,,
2024,50704,임종찬,HAN,,222,False,2.897358,2.838162,80.645,6.33964,50.0,75.490196,28.333333,47.156863,81.481481,90.47619,60.714286,22.95082,8.695652,,,,,,,,,,,,,,,
2024,64340,임지열,KIW,,234,False,-2.063189,0.560219,52.258,8.362361,44.444444,65.714286,27.131783,38.582503,74.242424,70.0,50.0,20.833333,3.125,,,,,,,,,,,,,,,
2024,50244,장규빈,DOO,,19,False,17.324154,-10.030861,0.0,2.739486,63.157895,80.0,57.142857,22.857143,100.0,100.0,85.714286,40.0,0.0,,,,,,,,,,,,,,,
2024,51762,장규현,HAN,,27,False,-1.21633,1.024643,58.71,9.432858,44.444444,75.0,20.0,55.0,100.0,100.0,66.666667,14.285714,0.0,,,,,,,,,,,,,,,
2024,68507,장두성,LOT,,133,False,1.876425,-0.435025,40.645,3.882721,48.87218,61.538462,36.764706,24.773756,69.69697,45.454545,56.25,32.352941,22.222222,,,,,,,,,,,,,,,
2024,78548,장성우,KT,,2000,True,-8.240958,1.541733,66.129,7.544837,39.15,59.432933,21.975993,37.45694,67.670683,73.134328,43.272727,17.436975,2.985075,-8.53068,-6.049904,-5.808796,-3.421019,-3.878579,-10.958313,1,1.796987,False,-1.622167,-1.12201,-1.047167,-0.472292,-1.015093,-1.743245
2024,63202,장승현,DOO,,85,False,0.202536,0.35864,50.323,3.772209,49.411765,60.465116,38.095238,22.369878,63.157895,80.0,53.488372,41.176471,0.0,,,,,,,,,,,,,,,
2024,51359,장재영,KIW,,569,True,-2.940324,0.487504,51.935,6.831959,43.40949,63.909774,25.412541,38.497233,73.188406,86.111111,51.339286,19.379845,7.692308,-2.762418,-3.446429,1.320178,11.250959,0.142123,-2.539435,1,2.236097,False,-0.525293,-0.639172,0.237992,1.553263,0.037196,-0.403972
2024,64115,장준원,KT,,79,False,-8.896035,2.718774,79.355,6.777491,35.443038,57.575758,19.565217,38.010541,73.684211,100.0,37.5,9.52381,0.0,,,,,,,,,,,,,,,
2024,66706,장진혁,HAN,,1267,True,-0.482745,1.154618,59.677,5.867391,46.17206,67.372134,29.0,38.372134,73.404255,72.580645,54.578755,25.0,5.298013,-0.117267,0.668197,0.516431,-3.352223,-1.817737,0.477087,1,1.299819,False,-0.022299,0.123923,0.093098,-0.462795,-0.475734,0.075895
2024,54214,전다민,DOO,,153,False,-1.830284,0.64688,54.194,8.352641,43.79085,69.117647,23.529412,45.588235,73.333333,66.666667,54.098361,25.0,5.555556,,,,,,,,,,,,,,,
2024,68205,전민재,DOO,,1011,True,6.811208,-2.323098,19.032,5.739946,53.016815,70.021413,38.419118,31.602295,73.469388,78.461538,61.057692,38.528139,10.92437,6.792184,7.339152,5.896797,8.120819,1.543876,8.11826,2,0.853748,False,1.29158,1.361113,1.063032,1.121128,0.40406,1.29145
2024,65586,전병우,SAM,,550,True,-2.067595,2.665982,79.032,6.732824,44.545455,68.163265,25.57377,42.589495,75.78125,84.375,52.444444,20.0,5.970149,-1.177544,-1.563722,0.583504,6.011866,-0.161376,-2.162314,1,1.611411,False,-0.223918,-0.290007,0.10519,0.829974,-0.042235,-0.34398
2024,50820,전의산,SSG,,260,False,3.539101,2.098684,70.968,7.505155,51.538462,74.380165,31.654676,42.725489,75.0,70.37037,65.217391,29.230769,3.225806,,,,,,,,,,,,,,,
2024,78513,전준우,LOT,,1849,True,0.83887,2.333483,72.581,6.656426,45.321796,67.591425,28.598485,38.99294,75.696203,79.411765,54.947917,21.676892,5.583756,-1.342075,1.198245,1.006638,1.583288,-0.764298,0.452279,1,1.510494,False,-0.255205,0.222226,0.181469,0.218582,-0.20003,0.071948
2024,67123,전준호,LG,,5,False,41.693444,-33.650112,0.0,1.873771,100.0,100.0,100.0,0.0,,,100.0,100.0,100.0,,,,,,,,,,,,,,,
2024,53568,정대선,LOT,,8,False,4.578823,-12.432778,0.0,1.832581,50.0,50.0,50.0,0.0,,,60.0,0.0,50.0,,,,,,,,,,,,,,,
2024,68518,정보근,LOT,,476,True,8.129823,-2.875982,11.29,3.752257,52.731092,68.518519,39.615385,28.903134,67.924528,71.428571,61.032864,38.095238,17.307692,5.966568,8.098519,1.196948,1.976887,7.567151,8.278203,2,1.583936,False,1.134584,1.501945,0.215777,0.272921,1.980458,1.316894
2024,79231,정수빈,DOO,,2494,True,-7.104253,-0.698506,34.516,7.035834,38.692863,57.276596,22.137983,35.138613,62.1875,67.058824,45.01992,18.472469,3.832753,-7.942744,-7.658197,-7.868067,-5.89423,-4.489781,-8.462443,1,1.851127,False,-1.510367,-1.420283,-1.418398,-0.813734,-1.175056,-1.346203
2024,69159,정우영,LG,,3,False,-14.523538,-14.413077,0.0,13.342478,66.666667,66.666667,,,66.666667,100.0,,,,,,,,,,,,,,,,,,
2024,68743,정은원,HAN,,341,True,-11.960599,-0.983453,29.355,7.66704,32.258065,51.333333,17.277487,34.055846,63.333333,66.666667,32.55814,12.162162,4.166667,-13.536949,-12.743864,-6.28673,-5.828194,-4.341429,-20.828995,1,3.94095,True,-2.574144,-2.363467,-1.133326,-0.804617,-1.136229,-3.31347
2024,53058,정준영,KT,,298,False,-4.316155,-5.489136,3.871,5.739931,42.61745,56.953642,27.891156,29.062486,64.0,70.0,47.826087,23.684211,18.75,,,,,,,,,,,,,,,
2024,54812,정준재,SSG,,949,True,-4.938578,-0.865644,30.645,6.353112,42.044257,59.862385,26.900585,32.9618,60.816327,63.768116,52.957746,25.652174,2.521008,-5.152212,-3.027671,-8.983791,-8.916181,-5.910369,-0.46876,1,1.764295,False,-0.979728,-0.561509,-1.619532,-1.230933,-1.546849,-0.07457
2024,54815,정현승,SSG,,114,False,14.231679,-3.20513,10.323,4.113435,56.140351,76.470588,39.68254,36.788048,71.875,85.714286,71.794872,35.714286,20.0,,,,,,,,,,,,,,,
2024,60523,정훈,LOT,,1299,True,-2.201001,-0.543051,38.387,6.899863,42.879138,63.333333,25.321888,38.011445,69.86755,82.051282,50.465549,22.614841,6.214689,-2.076438,-4.351448,-0.42561,8.848257,-2.00661,-3.068766,1,1.768652,False,-0.394849,-0.807016,-0.076726,1.221555,-0.525166,-0.488178
2024,54295,제러드,DOO,,685,True,2.830544,6.735087,98.387,8.070875,46.569343,77.430556,24.18136,53.249196,84.563758,88.095238,57.677903,18.229167,5.194805,3.105129,0.259358,3.146919,3.189004,1.713146,1.711271,2,1.373,False,0.590462,0.0481,0.567304,0.440261,0.448361,0.272228
2024,68089,조대현,KT,,163,False,-0.335546,-0.313996,40.645,7.721214,47.852761,63.157895,34.482759,28.675136,63.414634,66.666667,56.716418,33.333333,0.0,,,,,,,,,,,,,,,
2024,66209,조수행,DOO,,1384,True,-3.351229,1.634118,67.419,6.876597,40.823699,62.420382,22.883598,39.536784,69.822485,72.631579,46.397188,17.484663,5.298013,-5.656402,-5.069294,-3.798192,-4.072323,-1.505479,-7.864726,1,0.942241,False,-1.075604,-0.940147,-0.68471,-0.562209,-0.394011,-1.251118
2024,64868,조용호,KT,,613,True,-5.033459,-0.456552,40.323,6.323999,41.435563,62.105263,23.47561,38.629653,68.707483,73.809524,48.120301,19.230769,0.0,-3.410468,-6.129373,-1.717879,0.467409,-8.164969,-5.442922,1,1.836766,False,-0.648524,-1.136749,-0.309687,0.064529,-2.136918,-0.865858
2024,51865,조형우,SSG,,128,False,7.367206,3.720702,84.516,6.305941,50.0,73.684211,30.985915,42.698296,76.470588,77.777778,69.565217,17.647059,0.0,,,,,,,,,,,,,,,
2024,69332,주성원,KIW,,258,False,5.956618,1.830816,69.677,6.786978,50.0,72.321429,32.876712,39.444717,75.862069,88.235294,60.204082,24.193548,27.5,,,,,,,,,,,,,,,
2024,79192,채은성,HAN,,1882,True,4.690255,-0.247321,42.258,6.623725,47.980871,68.836045,32.594645,36.2414,72.705314,74.107143,58.210948,30.463576,10.526316,3.064007,3.155001,1.96017,0.428585,2.497601,4.577801,2,1.129589,False,0.582642,0.585124,0.353365,0.059169,0.653667,0.728235
2024,50054,천성호,KT,,922,True,4.427393,-0.55035,37.742,5.27656,49.457701,66.284404,34.36214,31.922264,69.421488,73.239437,57.534247,31.775701,9.90099,0.883574,4.683036,-0.860516,0.048149,1.674938,4.002371,2,1.674253,False,0.168018,0.868512,-0.155128,0.006647,0.438361,0.636696
2024,67905,천재환,NC,,879,True,5.737339,-2.681177,14.516,5.379556,50.170648,67.16792,36.041667,31.126253,70.0,68.518519,58.152174,35.2657,13.461538,4.377335,4.67874,2.974686,-1.24641,3.847857,5.33241,2,1.050313,False,0.83238,0.867715,0.536255,-0.172074,1.007053,0.848278
2024,69802,최경모,SSG,,180,False,-8.387374,-1.311168,25.806,6.795371,33.888889,49.367089,21.782178,27.584911,52.380952,60.0,40.540541,20.0,0.0,,,,,,,,,,,,,,,
2024,54112,최명경,LG,,11,False,-1.357074,-5.097218,3.871,-1.365287,54.545455,50.0,60.0,-10.0,33.333333,50.0,57.142857,,100.0,,,,,,,,,,,,,,,
2024,65157,최민창,SSG,,16,False,-0.247808,-0.87156,29.677,-0.084495,62.5,71.428571,55.555556,15.873015,80.0,100.0,80.0,40.0,0.0,,,,,,,,,,,,,,,
2024,68805,최상민,SSG,,48,False,-5.193541,-4.542178,5.161,3.947641,45.833333,65.217391,28.0,37.217391,50.0,40.0,60.869565,22.222222,0.0,,,,,,,,,,,,,,,
2024,65905,최승민,LG,,55,False,1.023414,4.301423,87.742,10.360719,49.090909,73.333333,20.0,53.333333,61.538462,66.666667,60.714286,28.571429,0.0,,,,,,,,,,,,,,,
2024,52103,최원영,LG,,161,False,11.806646,-7.304255,0.645,3.340992,55.279503,70.491803,46.0,24.491803,77.419355,88.888889,65.625,48.837209,8.695652,,,,,,,,,,,,,,,
2024,66606,최원준,KIA,,2031,True,-3.939176,-1.079443,28.065,6.569384,42.491384,59.699893,27.868852,31.831041,66.101695,73.913043,47.35658,24.772727,9.130435,-5.052802,-2.228352,-3.37166,1.572533,0.559829,-5.998476,1,1.096998,False,-0.960825,-0.413268,-0.607818,0.217098,0.146517,-0.954236
2024,50707,최인호,HAN,,955,True,-6.963062,-4.277283,5.484,5.588623,37.801047,52.546296,25.621415,26.924881,58.577406,55.357143,42.622951,25.700935,7.352941,-8.289073,-7.002788,-6.008469,-11.841256,-3.30015,-9.663403,1,2.056059,False,-1.576224,-1.298732,-1.083163,-1.634757,-0.863708,-1.537251
2024,78288,최재훈,HAN,,1403,True,-8.917644,-1.769169,22.903,8.012021,38.987883,57.121662,22.222222,34.89944,64.285714,69.026549,42.959002,18.927445,2.040816,-6.786125,-8.420018,-4.133485,-2.204885,-6.978951,-10.165551,1,2.083333,False,-1.290428,-1.56157,-0.745155,-0.304398,-1.826516,-1.617133
2024,75847,최정,SSG,,2114,True,3.874113,4.276372,87.419,7.373767,48.628193,75.294118,27.480916,47.813202,81.081081,87.704918,58.677686,25.766871,5.050505,3.980596,1.615987,3.422065,6.752285,-0.032308,3.532744,2,1.25451,False,0.756938,0.2997,0.616905,0.932194,-0.008456,0.561988
2024,65464,최정용,KIA,,48,False,0.361701,-2.339103,18.71,8.952821,41.666667,55.0,32.142857,22.857143,62.5,66.666667,60.0,20.0,10.0,,,,,,,,,,,,,,,
2024,69992,최정원,NC,,638,True,-3.491918,-2.487102,17.742,6.732752,42.633229,60.553633,27.793696,32.759937,64.137931,63.829787,51.698113,23.717949,6.944444,-2.474692,-3.415869,-3.184001,-6.247214,-2.542852,-1.18651,1,0.584786,False,-0.47058,-0.633504,-0.573989,-0.862466,-0.66551,-0.18875
2024,76267,최주환,KIW,,2190,True,0.517876,-1.213338,27.419,6.419997,46.621005,67.468619,30.470016,36.998603,70.27027,64.848485,54.315305,27.514231,14.492754,2.879944,0.267005,1.001556,-7.276722,5.834953,1.004996,2,2.403848,False,0.547641,0.049519,0.180553,-1.004595,1.527111,0.159874
2024,68868,최준우,SSG,,136,False,-3.654777,-1.775835,22.581,7.621383,36.764706,60.377358,21.686747,38.690611,57.142857,66.666667,46.153846,30.0,0.0,,,,,,,,,,,,,,,
2024,50854,최지훈,SSG,,2200,True,-4.374766,-2.84184,12.581,6.466083,42.136364,59.60396,27.310924,32.293036,62.267658,63.313609,50.723026,23.033708,5.676856,-2.989814,-4.178962,-4.512104,-6.192975,-4.041451,-2.043045,1,0.773505,False,-0.568534,-0.775027,-0.813409,-0.854978,-1.05772,-0.325007
2024,62884,최항,LOT,,582,True,4.071875,5.311944,94.516,8.136032,51.030928,79.087452,27.899687,51.187765,86.896552,92.682927,59.07173,20.8,6.666667,6.505363,2.853088,7.6548,10.065099,2.258235,3.580705,2,1.011205,False,1.237039,0.529131,1.379952,1.389548,0.59102,0.569617
2024,72443,최형우,KIA,,1981,True,0.911785,4.411547,88.71,7.524102,46.087834,71.232877,26.153846,45.079031,77.570093,82.142857,55.676329,23.695652,4.150943,-0.246234,0.395735,-0.29552,0.972863,-0.843842,0.486212,1,1.355007,False,-0.046823,0.073393,-0.053274,0.13431,-0.220848,0.077346
2024,51817,추신수,SSG,,1213,True,-3.232461,2.353335,73.871,7.9031,41.714757,66.790353,21.661721,45.128632,73.519164,83.13253,48.884381,16.901408,4.026846,-2.167466,-5.722831,-1.200742,5.272131,-2.30828,-5.617892,1,1.379378,False,-0.412159,-1.061352,-0.216461,0.72785,-0.604118,-0.893692
2024,54444,카디네스,SAM,,101,False,0.17664,3.951289,85.806,6.360347,49.50495,72.0,27.45098,44.54902,75.0,100.0,64.444444,14.285714,0.0,,,,,,,,,,,,,,,
2024,54730,페라자,HAN,,2064,True,2.031413,4.367329,88.065,7.350581,45.833333,72.781775,27.560976,45.220799,80.18018,80.0,54.489545,25.403226,6.752412,1.356831,1.767923,2.382148,-1.098892,1.728831,-0.685795,2,1.815467,False,0.258011,0.327878,0.429436,-0.151709,0.452466,-0.109096
2024,69813,하재훈,SSG,,1225,True,6.327854,-3.314653,10.0,4.521264,51.591837,67.674858,39.367816,28.307042,73.66548,86.746988,56.312625,40.06734,16.891892,5.660276,7.504303,7.608351,18.000685,6.865681,3.704565,2,2.082118,False,1.07634,1.391742,1.371578,2.485103,1.796871,0.589321
2024,62700,하주석,HAN,,512,True,13.57207,-0.012593,46.129,4.777714,58.59375,78.828829,43.103448,35.725381,83.606557,86.842105,70.707071,37.5,15.625,12.769252,13.849291,12.502662,12.786106,7.749144,16.995479,2,3.432936,True,2.428161,2.568479,2.253889,1.765199,2.028089,2.703635
2024,52710,한경빈,HAN,,4,False,-1.59859,-28.832093,0.0,-2.803086,50.0,0.0,66.666667,-66.666667,0.0,,100.0,50.0,,,,,,,,,,,,,,,,
2024,68525,한동희,LOT,,128,False,-1.999657,1.803464,69.677,6.961153,46.875,68.181818,24.193548,43.98827,72.727273,80.0,47.272727,28.571429,16.666667,,,,,,,,,,,,,,,
2024,64101,한석현,NC,,276,False,8.326177,-0.119804,43.226,4.931805,56.884058,74.814815,39.716312,35.098503,76.0,77.777778,69.52381,34.920635,15.151515,,,,,,,,,,,,,,,
2024,63722,한승택,KIA,,65,False,-0.708702,10.030577,100.0,8.386645,40.0,72.727273,23.255814,49.471459,88.888889,66.666667,54.166667,20.833333,0.0,,,,,,,,,,,,,,,
2024,62895,한유섬,SSG,,2167,True,-2.507981,-0.629294,36.452,6.331158,45.592986,64.919786,30.925325,33.994461,67.886179,81.538462,55.936073,26.605505,7.480315,-0.384338,1.183838,-2.275169,8.474115,-0.797147,2.43058,1,2.127512,False,-0.073085,0.219554,-0.410151,1.169903,-0.208628,0.386656
2024,50903,한재환,NC,,30,False,26.702255,-5.82982,1.935,1.954566,70.0,90.909091,57.894737,33.014354,83.333333,100.0,100.0,40.0,50.0,,,,,,,,,,,,,,,
2024,68646,한준수,KIA,,1156,True,2.173509,2.329768,71.935,5.601562,48.442907,70.712909,30.298273,40.414636,76.618705,72.058824,54.020619,29.182879,7.352941,1.78396,2.895098,1.934818,-5.76368,1.002468,-0.473778,1,1.993646,False,0.339232,0.536923,0.348795,-0.795711,0.262364,-0.075368
2024,50108,함창건,LG,,66,False,-0.359851,1.595797,66.452,8.300199,46.969697,62.857143,29.032258,33.824885,57.142857,66.666667,63.636364,0.0,33.333333,,,,,,,,,,,,,,,
2024,79240,허경민,DOO,,1770,True,-6.248996,-5.923998,1.613,5.877213,38.19209,51.909308,25.858369,26.050939,55.480984,55.882353,44.803371,23.571429,5.235602,-6.908849,-8.067102,-6.588103,-8.668137,-6.489856,-6.932659,1,1.993015,False,-1.313765,-1.496118,-1.187655,-1.196689,-1.698511,-1.102845
2024,77243,허도환,LG,,419,True,4.027192,-0.1117,43.548,7.236705,47.732697,72.375691,28.991597,43.384094,76.041667,82.758621,59.090909,29.126214,9.090909,6.437519,-0.340877,5.089244,8.861986,1.150513,5.412438,2,1.300944,False,1.224138,-0.063219,0.917452,1.223451,0.30111,0.861009
2024,50840,현원회,SSG,,3,False,11.452705,-25.255244,0.0,-3.149058,66.666667,50.0,100.0,-50.0,,,50.0,100.0,,,,,,,,,,,,,,,,
2024,66233,홍성호,DOO,,58,False,9.267206,-2.391528,18.065,3.434821,53.448276,71.428571,43.243243,28.185328,75.0,100.0,65.384615,38.095238,0.0,,,,,,,,,,,,,,,
2024,50600,홍종표,KIA,,408,True,-4.291141,-1.268795,26.129,5.444155,44.362745,64.141414,25.714286,38.427128,66.101695,75.0,48.148148,26.086957,2.777778,-0.379327,-4.532548,-3.08226,2.963967,-5.916137,-5.143627,1,1.490407,False,-0.072132,-0.840603,-0.555647,0.409194,-1.548359,-0.818247
2024,66108,홍창기,LG,,2642,True,-11.290132,2.369391,74.516,8.038732,35.806207,59.159397,14.482259,44.677138,70.250368,73.333333,35.636364,11.053541,4.577465,-9.81809,-12.889605,-4.494077,-4.552884,-1.747205,-18.871275,1,3.314244,True,-1.866977,-2.390496,-0.81016,-0.628553,-0.457275,-3.002036
2024,67005,홍현빈,KT,,97,False,-3.437025,0.720616,55.484,5.666531,40.206186,65.853659,21.428571,44.425088,76.923077,75.0,37.5,14.285714,10.0,,,,,,,,,,,,,,,
2024,65610,황대인,KIA,,22,False,0.3175,5.084194,93.548,5.30755,40.909091,66.666667,23.076923,43.589744,57.142857,50.0,44.444444,33.333333,0.0,,,,,,,,,,,,,,,
2024,50500,황성빈,LOT,,1546,True,3.234078,-1.834251,22.258,5.940669,47.283312,66.467958,32.571429,33.896529,71.511628,70.588235,56.307692,28.450704,9.137056,2.639896,1.87776,3.191898,-0.538547,0.074907,3.204889,2,1.535841,False,0.501994,0.348248,0.575412,-0.07435,0.019605,0.509833
2024,54795,황영묵,HAN,,1434,True,4.271388,-0.772374,32.581,6.017389,49.02371,67.588326,33.588761,33.999565,72.886297,75.862069,58.290598,28.173375,11.47541,2.459474,3.734209,2.943628,3.027794,3.104772,4.832921,2,0.841388,False,0.467686,0.692543,0.530656,0.418005,0.812574,0.768819
2024,76313,황재균,KT,,2052,True,-0.212516,-0.566725,37.097,5.997569,45.760234,63.900415,29.6875,34.212915,71.456311,77.622378,50.829384,26.793249,6.849315,-1.480355,-0.004544,1.199334,4.45742,-1.387401,-2.697019,1,1.500149,False,-0.2815,-0.000843,0.216207,0.615374,-0.363108,-0.429041
